uid treatment rep update steal_count donate_count difference
VT0_1 VT0 1 0 0 0 0
VT0_1 VT0 1 100 51 867 816
VT0_1 VT0 1 200 432 9116 8684
VT0_1 VT0 1 300 744 17338 16594
VT0_1 VT0 1 400 851 22906 22055
VT0_1 VT0 1 500 995 30403 29408
VT0_1 VT0 1 600 1021 30795 29774
VT0_1 VT0 1 700 995 11392 10397
VT0_1 VT0 1 800 54946 32350 -22596
VT0_1 VT0 1 900 415067 36116 -378951
VT0_1 VT0 1 1000 485662 33381 -452281
VT0_1 VT0 1 1100 499139 30437 -468702
VT0_1 VT0 1 1200 503955 28300 -475655
VT0_1 VT0 1 1300 517244 27601 -489643
VT0_1 VT0 1 1400 527764 25850 -501914
VT0_1 VT0 1 1500 526910 25763 -501147
VT0_1 VT0 1 1600 524784 24829 -499955
VT0_1 VT0 1 1700 514448 23620 -490828
VT0_1 VT0 1 1800 502402 22186 -480216
VT0_1 VT0 1 1900 496438 22738 -473700
VT0_1 VT0 1 2000 485914 22518 -463396
VT0_1 VT0 1 2100 477560 22074 -455486
VT0_1 VT0 1 2200 456303 22386 -433917
VT0_1 VT0 1 2300 454405 23272 -431133
VT0_1 VT0 1 2400 437632 26057 -411575
VT0_1 VT0 1 2500 423177 24768 -398409
VT0_1 VT0 1 2600 428219 23874 -404345
VT0_1 VT0 1 2700 431503 25524 -405979
VT0_1 VT0 1 2800 430034 26772 -403262
VT0_1 VT0 1 2900 437953 26543 -411410
VT0_1 VT0 1 3000 449984 26819 -423165
VT0_1 VT0 1 3100 432510 24270 -408240
VT0_1 VT0 1 3200 433725 26436 -407289
VT0_1 VT0 1 3300 452496 27496 -425000
VT0_1 VT0 1 3400 474440 26800 -447640
VT0_1 VT0 1 3500 470960 26564 -444396
VT0_1 VT0 1 3600 471291 27659 -443632
VT0_1 VT0 1 3700 462872 28863 -434009
VT0_1 VT0 1 3800 460238 28521 -431717
VT0_1 VT0 1 3900 467160 28667 -438493
VT0_1 VT0 1 4000 467977 29061 -438916
VT0_1 VT0 1 4100 475939 28392 -447547
VT0_1 VT0 1 4200 471154 28468 -442686
VT0_1 VT0 1 4300 459014 27726 -431288
VT0_1 VT0 1 4400 476425 26668 -449757
VT0_1 VT0 1 4500 470089 26474 -443615
VT0_1 VT0 1 4600 459234 26788 -432446
VT0_1 VT0 1 4700 433074 26195 -406879
VT0_1 VT0 1 4800 435055 26628 -408427
VT0_1 VT0 1 4900 410310 27730 -382580
VT0_1 VT0 1 5000 366085 28781 -337304
VT0_1 VT0 1 5100 359458 29093 -330365
VT0_1 VT0 1 5200 375602 30815 -344787
VT0_1 VT0 1 5300 431565 29828 -401737
VT0_1 VT0 1 5400 438772 30015 -408757
VT0_1 VT0 1 5500 440396 28554 -411842
VT0_1 VT0 1 5600 413747 27621 -386126
VT0_1 VT0 1 5700 386644 26622 -360022
VT0_1 VT0 1 5800 370403 29889 -340514
VT0_1 VT0 1 5900 373554 26958 -346596
VT0_1 VT0 1 6000 351320 24035 -327285
VT0_1 VT0 1 6100 361514 24132 -337382
VT0_1 VT0 1 6200 398614 25724 -372890
VT0_1 VT0 1 6300 392813 26708 -366105
VT0_1 VT0 1 6400 392625 25938 -366687
VT0_1 VT0 1 6500 380735 26434 -354301
VT0_1 VT0 1 6600 339562 26616 -312946
VT0_1 VT0 1 6700 341739 25612 -316127
VT0_1 VT0 1 6800 358803 25168 -333635
VT0_1 VT0 1 6900 415178 26478 -388700
VT0_1 VT0 1 7000 454421 28230 -426191
VT0_1 VT0 1 7100 480990 28646 -452344
VT0_1 VT0 1 7200 487601 28876 -458725
VT0_1 VT0 1 7300 502982 28059 -474923
VT0_1 VT0 1 7400 515946 28785 -487161
VT0_1 VT0 1 7500 563564 30330 -533234
VT0_1 VT0 1 7600 593473 27554 -565919
VT0_1 VT0 1 7700 602063 27914 -574149
VT0_1 VT0 1 7800 606389 26904 -579485
VT0_1 VT0 1 7900 603400 26957 -576443
VT0_1 VT0 1 8000 594293 27103 -567190
VT0_1 VT0 1 8100 594899 28711 -566188
VT0_1 VT0 1 8200 596751 26973 -569778
VT0_1 VT0 1 8300 615357 28062 -587295
VT0_1 VT0 1 8400 627606 28303 -599303
VT0_1 VT0 1 8500 624992 28907 -596085
VT0_1 VT0 1 8600 616784 28398 -588386
VT0_1 VT0 1 8700 610434 28853 -581581
VT0_1 VT0 1 8800 620544 27879 -592665
VT0_1 VT0 1 8900 607344 29078 -578266
VT0_1 VT0 1 9000 608416 30873 -577543
VT0_1 VT0 1 9100 623288 30234 -593054
VT0_1 VT0 1 9200 602083 31550 -570533
VT0_1 VT0 1 9300 597318 29093 -568225
VT0_1 VT0 1 9400 605400 26929 -578471
VT0_1 VT0 1 9500 600439 27375 -573064
VT0_1 VT0 1 9600 595874 27198 -568676
VT0_1 VT0 1 9700 590729 25892 -564837
VT0_1 VT0 1 9800 585894 25495 -560399
VT0_1 VT0 1 9900 597914 27565 -570349
VT0_1 VT0 1 10000 601353 26375 -574978
VT0_2 VT0 2 0 0 0 0
VT0_2 VT0 2 100 49 845 796
VT0_2 VT0 2 200 341 9322 8981
VT0_2 VT0 2 300 571 17461 16890
VT0_2 VT0 2 400 705 23807 23102
VT0_2 VT0 2 500 967 31195 30228
VT0_2 VT0 2 600 1923 38720 36797
VT0_2 VT0 2 700 13700 73817 60117
VT0_2 VT0 2 800 31293 82137 50844
VT0_2 VT0 2 900 52725 66286 13561
VT0_2 VT0 2 1000 108314 46507 -61807
VT0_2 VT0 2 1100 189169 38411 -150758
VT0_2 VT0 2 1200 256393 35245 -221148
VT0_2 VT0 2 1300 296234 33086 -263148
VT0_2 VT0 2 1400 317176 30454 -286722
VT0_2 VT0 2 1500 346742 31669 -315073
VT0_2 VT0 2 1600 371345 40110 -331235
VT0_2 VT0 2 1700 384550 41826 -342724
VT0_2 VT0 2 1800 389979 37711 -352268
VT0_2 VT0 2 1900 396754 37784 -358970
VT0_2 VT0 2 2000 402801 36842 -365959
VT0_2 VT0 2 2100 405271 33765 -371506
VT0_2 VT0 2 2200 397794 33021 -364773
VT0_2 VT0 2 2300 397357 30336 -367021
VT0_2 VT0 2 2400 400163 29315 -370848
VT0_2 VT0 2 2500 393193 29273 -363920
VT0_2 VT0 2 2600 393607 28314 -365293
VT0_2 VT0 2 2700 402271 25399 -376872
VT0_2 VT0 2 2800 405999 28117 -377882
VT0_2 VT0 2 2900 398604 29781 -368823
VT0_2 VT0 2 3000 395284 30968 -364316
VT0_2 VT0 2 3100 387483 30085 -357398
VT0_2 VT0 2 3200 381857 27405 -354452
VT0_2 VT0 2 3300 382649 28545 -354104
VT0_2 VT0 2 3400 380812 28577 -352235
VT0_2 VT0 2 3500 377245 28791 -348454
VT0_2 VT0 2 3600 351166 31756 -319410
VT0_2 VT0 2 3700 327203 31362 -295841
VT0_2 VT0 2 3800 284404 37876 -246528
VT0_2 VT0 2 3900 264921 35917 -229004
VT0_2 VT0 2 4000 250692 33636 -217056
VT0_2 VT0 2 4100 223593 33676 -189917
VT0_2 VT0 2 4200 178601 36223 -142378
VT0_2 VT0 2 4300 181748 41938 -139810
VT0_2 VT0 2 4400 184720 53250 -131470
VT0_2 VT0 2 4500 169227 48269 -120958
VT0_2 VT0 2 4600 135657 50945 -84712
VT0_2 VT0 2 4700 102080 42926 -59154
VT0_2 VT0 2 4800 99829 43745 -56084
VT0_2 VT0 2 4900 89502 41731 -47771
VT0_2 VT0 2 5000 73724 43260 -30464
VT0_2 VT0 2 5100 68925 38328 -30597
VT0_2 VT0 2 5200 71104 43004 -28100
VT0_2 VT0 2 5300 62230 45625 -16605
VT0_2 VT0 2 5400 52716 58509 5793
VT0_2 VT0 2 5500 55937 65082 9145
VT0_2 VT0 2 5600 64194 64788 594
VT0_2 VT0 2 5700 66104 69727 3623
VT0_2 VT0 2 5800 68656 50560 -18096
VT0_2 VT0 2 5900 70223 39558 -30665
VT0_2 VT0 2 6000 75143 38512 -36631
VT0_2 VT0 2 6100 89673 36443 -53230
VT0_2 VT0 2 6200 90950 34948 -56002
VT0_2 VT0 2 6300 88189 40181 -48008
VT0_2 VT0 2 6400 81211 40105 -41106
VT0_2 VT0 2 6500 76646 39122 -37524
VT0_2 VT0 2 6600 92657 44925 -47732
VT0_2 VT0 2 6700 86612 43108 -43504
VT0_2 VT0 2 6800 84320 44741 -39579
VT0_2 VT0 2 6900 82613 47035 -35578
VT0_2 VT0 2 7000 81129 49738 -31391
VT0_2 VT0 2 7100 82125 53407 -28718
VT0_2 VT0 2 7200 94086 54717 -39369
VT0_2 VT0 2 7300 87099 50023 -37076
VT0_2 VT0 2 7400 93437 43177 -50260
VT0_2 VT0 2 7500 86588 41187 -45401
VT0_2 VT0 2 7600 87020 38084 -48936
VT0_2 VT0 2 7700 94582 47388 -47194
VT0_2 VT0 2 7800 89516 55156 -34360
VT0_2 VT0 2 7900 73818 62446 -11372
VT0_2 VT0 2 8000 73897 53888 -20009
VT0_2 VT0 2 8100 83057 46341 -36716
VT0_2 VT0 2 8200 92750 42851 -49899
VT0_2 VT0 2 8300 94214 38917 -55297
VT0_2 VT0 2 8400 82508 31418 -51090
VT0_2 VT0 2 8500 68736 35808 -32928
VT0_2 VT0 2 8600 62709 41783 -20926
VT0_2 VT0 2 8700 65152 55349 -9803
VT0_2 VT0 2 8800 72763 49023 -23740
VT0_2 VT0 2 8900 79738 43045 -36693
VT0_2 VT0 2 9000 73879 41745 -32134
VT0_2 VT0 2 9100 70730 45512 -25218
VT0_2 VT0 2 9200 56374 47308 -9066
VT0_2 VT0 2 9300 39869 46688 6819
VT0_2 VT0 2 9400 37736 48381 10645
VT0_2 VT0 2 9500 44688 49510 4822
VT0_2 VT0 2 9600 47781 42575 -5206
VT0_2 VT0 2 9700 55514 45207 -10307
VT0_2 VT0 2 9800 49677 43005 -6672
VT0_2 VT0 2 9900 44538 43033 -1505
VT0_2 VT0 2 10000 40407 46459 6052
VT0_3 VT0 3 0 0 0 0
VT0_3 VT0 3 100 42 847 805
VT0_3 VT0 3 200 366 9368 9002
VT0_3 VT0 3 300 594 16871 16277
VT0_3 VT0 3 400 677 22613 21936
VT0_3 VT0 3 500 736 26555 25819
VT0_3 VT0 3 600 1333 23831 22498
VT0_3 VT0 3 700 7259 46912 39653
VT0_3 VT0 3 800 18574 58126 39552
VT0_3 VT0 3 900 86409 63385 -23024
VT0_3 VT0 3 1000 243081 58966 -184115
VT0_3 VT0 3 1100 310075 63569 -246506
VT0_3 VT0 3 1200 332614 54357 -278257
VT0_3 VT0 3 1300 336856 51662 -285194
VT0_3 VT0 3 1400 344116 47454 -296662
VT0_3 VT0 3 1500 352318 42503 -309815
VT0_3 VT0 3 1600 355628 38233 -317395
VT0_3 VT0 3 1700 350914 35904 -315010
VT0_3 VT0 3 1800 353895 37618 -316277
VT0_3 VT0 3 1900 347368 34917 -312451
VT0_3 VT0 3 2000 353808 36246 -317562
VT0_3 VT0 3 2100 354921 37200 -317721
VT0_3 VT0 3 2200 353408 44793 -308615
VT0_3 VT0 3 2300 352635 46677 -305958
VT0_3 VT0 3 2400 365345 42547 -322798
VT0_3 VT0 3 2500 363247 41874 -321373
VT0_3 VT0 3 2600 355344 41330 -314014
VT0_3 VT0 3 2700 365887 42340 -323547
VT0_3 VT0 3 2800 366389 42001 -324388
VT0_3 VT0 3 2900 381134 47949 -333185
VT0_3 VT0 3 3000 382394 45281 -337113
VT0_3 VT0 3 3100 377983 46259 -331724
VT0_3 VT0 3 3200 362780 46392 -316388
VT0_3 VT0 3 3300 359955 50750 -309205
VT0_3 VT0 3 3400 359823 55474 -304349
VT0_3 VT0 3 3500 363669 59687 -303982
VT0_3 VT0 3 3600 362507 58204 -304303
VT0_3 VT0 3 3700 369497 49088 -320409
VT0_3 VT0 3 3800 372328 48406 -323922
VT0_3 VT0 3 3900 369560 52309 -317251
VT0_3 VT0 3 4000 364024 66170 -297854
VT0_3 VT0 3 4100 369296 72819 -296477
VT0_3 VT0 3 4200 368624 75811 -292813
VT0_3 VT0 3 4300 377973 70267 -307706
VT0_3 VT0 3 4400 374046 61069 -312977
VT0_3 VT0 3 4500 377891 48355 -329536
VT0_3 VT0 3 4600 382309 39903 -342406
VT0_3 VT0 3 4700 396705 36808 -359897
VT0_3 VT0 3 4800 389963 37310 -352653
VT0_3 VT0 3 4900 386889 40530 -346359
VT0_3 VT0 3 5000 384919 41649 -343270
VT0_3 VT0 3 5100 384917 39653 -345264
VT0_3 VT0 3 5200 369995 36070 -333925
VT0_3 VT0 3 5300 367338 33308 -334030
VT0_3 VT0 3 5400 351892 34961 -316931
VT0_3 VT0 3 5500 342037 35457 -306580
VT0_3 VT0 3 5600 331098 37426 -293672
VT0_3 VT0 3 5700 329813 34872 -294941
VT0_3 VT0 3 5800 323510 36916 -286594
VT0_3 VT0 3 5900 336225 36635 -299590
VT0_3 VT0 3 6000 347191 34025 -313166
VT0_3 VT0 3 6100 348840 29127 -319713
VT0_3 VT0 3 6200 340971 30484 -310487
VT0_3 VT0 3 6300 342247 29461 -312786
VT0_3 VT0 3 6400 334745 32540 -302205
VT0_3 VT0 3 6500 330670 42692 -287978
VT0_3 VT0 3 6600 331191 54691 -276500
VT0_3 VT0 3 6700 334052 54971 -279081
VT0_3 VT0 3 6800 322221 57220 -265001
VT0_3 VT0 3 6900 303240 62319 -240921
VT0_3 VT0 3 7000 296948 65619 -231329
VT0_3 VT0 3 7100 285508 61486 -224022
VT0_3 VT0 3 7200 276545 49716 -226829
VT0_3 VT0 3 7300 282731 57323 -225408
VT0_3 VT0 3 7400 274985 66459 -208526
VT0_3 VT0 3 7500 265987 62030 -203957
VT0_3 VT0 3 7600 258288 61934 -196354
VT0_3 VT0 3 7700 259252 57686 -201566
VT0_3 VT0 3 7800 249455 56585 -192870
VT0_3 VT0 3 7900 244745 47400 -197345
VT0_3 VT0 3 8000 247781 37095 -210686
VT0_3 VT0 3 8100 241490 37673 -203817
VT0_3 VT0 3 8200 240743 38980 -201763
VT0_3 VT0 3 8300 241237 36513 -204724
VT0_3 VT0 3 8400 241218 39474 -201744
VT0_3 VT0 3 8500 230202 44785 -185417
VT0_3 VT0 3 8600 233267 46553 -186714
VT0_3 VT0 3 8700 238448 43970 -194478
VT0_3 VT0 3 8800 235852 43390 -192462
VT0_3 VT0 3 8900 237585 41204 -196381
VT0_3 VT0 3 9000 232111 42197 -189914
VT0_3 VT0 3 9100 217581 40549 -177032
VT0_3 VT0 3 9200 218769 43875 -174894
VT0_3 VT0 3 9300 227448 53634 -173814
VT0_3 VT0 3 9400 233041 52680 -180361
VT0_3 VT0 3 9500 228523 40053 -188470
VT0_3 VT0 3 9600 217146 41762 -175384
VT0_3 VT0 3 9700 217604 39684 -177920
VT0_3 VT0 3 9800 219685 36747 -182938
VT0_3 VT0 3 9900 224608 36762 -187846
VT0_3 VT0 3 10000 240615 36472 -204143
VT0_4 VT0 4 0 0 0 0
VT0_4 VT0 4 100 40 928 888
VT0_4 VT0 4 200 359 9388 9029
VT0_4 VT0 4 300 529 16746 16217
VT0_4 VT0 4 400 698 23081 22383
VT0_4 VT0 4 500 1042 30861 29819
VT0_4 VT0 4 600 3349 36704 33355
VT0_4 VT0 4 700 13613 40740 27127
VT0_4 VT0 4 800 37331 34381 -2950
VT0_4 VT0 4 900 169032 34250 -134782
VT0_4 VT0 4 1000 304387 30457 -273930
VT0_4 VT0 4 1100 412471 30866 -381605
VT0_4 VT0 4 1200 472161 33606 -438555
VT0_4 VT0 4 1300 503852 34764 -469088
VT0_4 VT0 4 1400 516714 33640 -483074
VT0_4 VT0 4 1500 524098 32489 -491609
VT0_4 VT0 4 1600 536193 28418 -507775
VT0_4 VT0 4 1700 549958 27336 -522622
VT0_4 VT0 4 1800 546571 23621 -522950
VT0_4 VT0 4 1900 523599 22476 -501123
VT0_4 VT0 4 2000 512372 22716 -489656
VT0_4 VT0 4 2100 494955 22232 -472723
VT0_4 VT0 4 2200 481215 20949 -460266
VT0_4 VT0 4 2300 438441 18312 -420129
VT0_4 VT0 4 2400 408830 18266 -390564
VT0_4 VT0 4 2500 393244 18143 -375101
VT0_4 VT0 4 2600 391226 20897 -370329
VT0_4 VT0 4 2700 436705 23179 -413526
VT0_4 VT0 4 2800 457471 22628 -434843
VT0_4 VT0 4 2900 463383 23304 -440079
VT0_4 VT0 4 3000 472404 24501 -447903
VT0_4 VT0 4 3100 493099 24898 -468201
VT0_4 VT0 4 3200 521058 25312 -495746
VT0_4 VT0 4 3300 489580 23991 -465589
VT0_4 VT0 4 3400 438615 22722 -415893
VT0_4 VT0 4 3500 395077 23945 -371132
VT0_4 VT0 4 3600 365058 24620 -340438
VT0_4 VT0 4 3700 354254 24447 -329807
VT0_4 VT0 4 3800 357748 24579 -333169
VT0_4 VT0 4 3900 340166 23608 -316558
VT0_4 VT0 4 4000 334956 23973 -310983
VT0_4 VT0 4 4100 318320 24376 -293944
VT0_4 VT0 4 4200 293834 24168 -269666
VT0_4 VT0 4 4300 277291 25414 -251877
VT0_4 VT0 4 4400 239219 24408 -214811
VT0_4 VT0 4 4500 229861 24407 -205454
VT0_4 VT0 4 4600 219626 25350 -194276
VT0_4 VT0 4 4700 209316 24614 -184702
VT0_4 VT0 4 4800 207312 23040 -184272
VT0_4 VT0 4 4900 215198 23124 -192074
VT0_4 VT0 4 5000 230615 23223 -207392
VT0_4 VT0 4 5100 243270 23252 -220018
VT0_4 VT0 4 5200 263037 24490 -238547
VT0_4 VT0 4 5300 276401 25973 -250428
VT0_4 VT0 4 5400 250449 25279 -225170
VT0_4 VT0 4 5500 236651 24934 -211717
VT0_4 VT0 4 5600 254071 23466 -230605
VT0_4 VT0 4 5700 253516 23479 -230037
VT0_4 VT0 4 5800 267469 24900 -242569
VT0_4 VT0 4 5900 254512 25199 -229313
VT0_4 VT0 4 6000 253076 25318 -227758
VT0_4 VT0 4 6100 252713 24577 -228136
VT0_4 VT0 4 6200 288139 26360 -261779
VT0_4 VT0 4 6300 284862 24540 -260322
VT0_4 VT0 4 6400 292133 24680 -267453
VT0_4 VT0 4 6500 314932 24456 -290476
VT0_4 VT0 4 6600 319275 25216 -294059
VT0_4 VT0 4 6700 317636 24401 -293235
VT0_4 VT0 4 6800 318834 23333 -295501
VT0_4 VT0 4 6900 342737 23294 -319443
VT0_4 VT0 4 7000 350155 24023 -326132
VT0_4 VT0 4 7100 332775 24392 -308383
VT0_4 VT0 4 7200 310205 22648 -287557
VT0_4 VT0 4 7300 303137 23442 -279695
VT0_4 VT0 4 7400 310881 23768 -287113
VT0_4 VT0 4 7500 304079 24510 -279569
VT0_4 VT0 4 7600 334153 23756 -310397
VT0_4 VT0 4 7700 381131 25203 -355928
VT0_4 VT0 4 7800 401004 25735 -375269
VT0_4 VT0 4 7900 451203 23600 -427603
VT0_4 VT0 4 8000 473835 24738 -449097
VT0_4 VT0 4 8100 501780 23362 -478418
VT0_4 VT0 4 8200 513025 23812 -489213
VT0_4 VT0 4 8300 533132 25899 -507233
VT0_4 VT0 4 8400 563811 26824 -536987
VT0_4 VT0 4 8500 560201 26893 -533308
VT0_4 VT0 4 8600 545898 26517 -519381
VT0_4 VT0 4 8700 462848 22981 -439867
VT0_4 VT0 4 8800 186160 8897 -177263
VT0_4 VT0 4 8900 72951 2814 -70137
VT0_4 VT0 4 9000 60765 3011 -57754
VT0_4 VT0 4 9100 57849 2563 -55286
VT0_4 VT0 4 9200 56199 2053 -54146
VT0_4 VT0 4 9300 52102 2020 -50082
VT0_4 VT0 4 9400 52402 2123 -50279
VT0_4 VT0 4 9500 47176 1829 -45347
VT0_4 VT0 4 9600 50709 1621 -49088
VT0_4 VT0 4 9700 49090 1906 -47184
VT0_4 VT0 4 9800 48500 1863 -46637
VT0_4 VT0 4 9900 46631 1912 -44719
VT0_4 VT0 4 10000 50856 2018 -48838
VT0_5 VT0 5 0 0 0 0
VT0_5 VT0 5 100 33 869 836
VT0_5 VT0 5 200 346 9347 9001
VT0_5 VT0 5 300 596 17854 17258
VT0_5 VT0 5 400 821 25359 24538
VT0_5 VT0 5 500 1382 36834 35452
VT0_5 VT0 5 600 3270 53952 50682
VT0_5 VT0 5 700 14087 51197 37110
VT0_5 VT0 5 800 243515 47758 -195757
VT0_5 VT0 5 900 485405 44492 -440913
VT0_5 VT0 5 1000 484909 42056 -442853
VT0_5 VT0 5 1100 429615 34539 -395076
VT0_5 VT0 5 1200 402692 29261 -373431
VT0_5 VT0 5 1300 403415 26241 -377174
VT0_5 VT0 5 1400 382352 24789 -357563
VT0_5 VT0 5 1500 384045 22779 -361266
VT0_5 VT0 5 1600 354277 22180 -332097
VT0_5 VT0 5 1700 362791 21579 -341212
VT0_5 VT0 5 1800 360214 20894 -339320
VT0_5 VT0 5 1900 316553 22890 -293663
VT0_5 VT0 5 2000 280638 23231 -257407
VT0_5 VT0 5 2100 263157 24126 -239031
VT0_5 VT0 5 2200 261913 21570 -240343
VT0_5 VT0 5 2300 267447 20584 -246863
VT0_5 VT0 5 2400 281681 19915 -261766
VT0_5 VT0 5 2500 284227 20721 -263506
VT0_5 VT0 5 2600 288266 24327 -263939
VT0_5 VT0 5 2700 269057 26918 -242139
VT0_5 VT0 5 2800 221607 27374 -194233
VT0_5 VT0 5 2900 221050 29556 -191494
VT0_5 VT0 5 3000 215450 27418 -188032
VT0_5 VT0 5 3100 236608 27027 -209581
VT0_5 VT0 5 3200 265356 25819 -239537
VT0_5 VT0 5 3300 256810 28612 -228198
VT0_5 VT0 5 3400 249205 30186 -219019
VT0_5 VT0 5 3500 225789 30054 -195735
VT0_5 VT0 5 3600 241259 29452 -211807
VT0_5 VT0 5 3700 254710 28702 -226008
VT0_5 VT0 5 3800 262065 26242 -235823
VT0_5 VT0 5 3900 271702 28599 -243103
VT0_5 VT0 5 4000 282903 30169 -252734
VT0_5 VT0 5 4100 281630 29799 -251831
VT0_5 VT0 5 4200 283568 28047 -255521
VT0_5 VT0 5 4300 275650 25462 -250188
VT0_5 VT0 5 4400 247236 24485 -222751
VT0_5 VT0 5 4500 248226 25406 -222820
VT0_5 VT0 5 4600 258887 24593 -234294
VT0_5 VT0 5 4700 249897 27148 -222749
VT0_5 VT0 5 4800 211252 30945 -180307
VT0_5 VT0 5 4900 223537 29143 -194394
VT0_5 VT0 5 5000 227934 28207 -199727
VT0_5 VT0 5 5100 204448 33057 -171391
VT0_5 VT0 5 5200 209096 32843 -176253
VT0_5 VT0 5 5300 225998 33065 -192933
VT0_5 VT0 5 5400 242763 27878 -214885
VT0_5 VT0 5 5500 253989 27983 -226006
VT0_5 VT0 5 5600 273447 29172 -244275
VT0_5 VT0 5 5700 271458 29475 -241983
VT0_5 VT0 5 5800 266976 30532 -236444
VT0_5 VT0 5 5900 261063 28074 -232989
VT0_5 VT0 5 6000 239414 29394 -210020
VT0_5 VT0 5 6100 210049 29805 -180244
VT0_5 VT0 5 6200 181615 31517 -150098
VT0_5 VT0 5 6300 178898 30016 -148882
VT0_5 VT0 5 6400 210008 30806 -179202
VT0_5 VT0 5 6500 206153 31499 -174654
VT0_5 VT0 5 6600 208750 29120 -179630
VT0_5 VT0 5 6700 214607 29081 -185526
VT0_5 VT0 5 6800 252070 29709 -222361
VT0_5 VT0 5 6900 288557 26595 -261962
VT0_5 VT0 5 7000 316158 24838 -291320
VT0_5 VT0 5 7100 329760 24873 -304887
VT0_5 VT0 5 7200 330526 26700 -303826
VT0_5 VT0 5 7300 301458 27586 -273872
VT0_5 VT0 5 7400 275204 25662 -249542
VT0_5 VT0 5 7500 280913 27070 -253843
VT0_5 VT0 5 7600 282389 28597 -253792
VT0_5 VT0 5 7700 254687 25748 -228939
VT0_5 VT0 5 7800 224509 26140 -198369
VT0_5 VT0 5 7900 218484 29916 -188568
VT0_5 VT0 5 8000 232654 30957 -201697
VT0_5 VT0 5 8100 227571 29489 -198082
VT0_5 VT0 5 8200 222476 28735 -193741
VT0_5 VT0 5 8300 214079 26990 -187089
VT0_5 VT0 5 8400 220515 28427 -192088
VT0_5 VT0 5 8500 241382 27142 -214240
VT0_5 VT0 5 8600 243167 26344 -216823
VT0_5 VT0 5 8700 272475 25986 -246489
VT0_5 VT0 5 8800 275259 26913 -248346
VT0_5 VT0 5 8900 274054 24656 -249398
VT0_5 VT0 5 9000 262781 25165 -237616
VT0_5 VT0 5 9100 251408 23381 -228027
VT0_5 VT0 5 9200 244086 22442 -221644
VT0_5 VT0 5 9300 226981 22974 -204007
VT0_5 VT0 5 9400 222440 25373 -197067
VT0_5 VT0 5 9500 232960 28463 -204497
VT0_5 VT0 5 9600 219992 27179 -192813
VT0_5 VT0 5 9700 214660 27365 -187295
VT0_5 VT0 5 9800 214894 30510 -184384
VT0_5 VT0 5 9900 206492 30796 -175696
VT0_5 VT0 5 10000 235860 31454 -204406
VT0_6 VT0 6 0 0 0 0
VT0_6 VT0 6 100 47 938 891
VT0_6 VT0 6 200 362 9357 8995
VT0_6 VT0 6 300 589 17039 16450
VT0_6 VT0 6 400 754 23749 22995
VT0_6 VT0 6 500 910 32139 31229
VT0_6 VT0 6 600 1233 40245 39012
VT0_6 VT0 6 700 4382 52418 48036
VT0_6 VT0 6 800 26074 58323 32249
VT0_6 VT0 6 900 154249 50599 -103650
VT0_6 VT0 6 1000 290964 43191 -247773
VT0_6 VT0 6 1100 313295 37817 -275478
VT0_6 VT0 6 1200 319456 35672 -283784
VT0_6 VT0 6 1300 311663 33334 -278329
VT0_6 VT0 6 1400 312444 29871 -282573
VT0_6 VT0 6 1500 305852 25927 -279925
VT0_6 VT0 6 1600 300161 24637 -275524
VT0_6 VT0 6 1700 283381 23229 -260152
VT0_6 VT0 6 1800 284016 22222 -261794
VT0_6 VT0 6 1900 265256 21641 -243615
VT0_6 VT0 6 2000 247473 21805 -225668
VT0_6 VT0 6 2100 234956 20827 -214129
VT0_6 VT0 6 2200 216690 20140 -196550
VT0_6 VT0 6 2300 225076 20447 -204629
VT0_6 VT0 6 2400 244371 20065 -224306
VT0_6 VT0 6 2500 249516 20809 -228707
VT0_6 VT0 6 2600 243227 20604 -222623
VT0_6 VT0 6 2700 244793 20746 -224047
VT0_6 VT0 6 2800 213531 20886 -192645
VT0_6 VT0 6 2900 209210 21267 -187943
VT0_6 VT0 6 3000 234635 21427 -213208
VT0_6 VT0 6 3100 256966 22325 -234641
VT0_6 VT0 6 3200 246395 22398 -223997
VT0_6 VT0 6 3300 243323 21980 -221343
VT0_6 VT0 6 3400 234438 21075 -213363
VT0_6 VT0 6 3500 229807 22077 -207730
VT0_6 VT0 6 3600 271796 23086 -248710
VT0_6 VT0 6 3700 317231 24689 -292542
VT0_6 VT0 6 3800 347934 24528 -323406
VT0_6 VT0 6 3900 375724 24444 -351280
VT0_6 VT0 6 4000 404268 24962 -379306
VT0_6 VT0 6 4100 458326 24564 -433762
VT0_6 VT0 6 4200 476025 24221 -451804
VT0_6 VT0 6 4300 494176 25255 -468921
VT0_6 VT0 6 4400 497711 26061 -471650
VT0_6 VT0 6 4500 489812 28105 -461707
VT0_6 VT0 6 4600 515089 27052 -488037
VT0_6 VT0 6 4700 516101 27146 -488955
VT0_6 VT0 6 4800 518507 28467 -490040
VT0_6 VT0 6 4900 472037 23577 -448460
VT0_6 VT0 6 5000 265375 13591 -251784
VT0_6 VT0 6 5100 107849 5607 -102242
VT0_6 VT0 6 5200 94124 7210 -86914
VT0_6 VT0 6 5300 92046 39088 -52958
VT0_6 VT0 6 5400 120418 56996 -63422
VT0_6 VT0 6 5500 193771 57736 -136035
VT0_6 VT0 6 5600 250785 57011 -193774
VT0_6 VT0 6 5700 292247 54287 -237960
VT0_6 VT0 6 5800 345476 46258 -299218
VT0_6 VT0 6 5900 386655 45533 -341122
VT0_6 VT0 6 6000 409255 43844 -365411
VT0_6 VT0 6 6100 416609 39631 -376978
VT0_6 VT0 6 6200 426749 36142 -390607
VT0_6 VT0 6 6300 348291 33963 -314328
VT0_6 VT0 6 6400 212241 35414 -176827
VT0_6 VT0 6 6500 131113 44821 -86292
VT0_6 VT0 6 6600 145162 57922 -87240
VT0_6 VT0 6 6700 157878 74916 -82962
VT0_6 VT0 6 6800 131655 82790 -48865
VT0_6 VT0 6 6900 141463 81190 -60273
VT0_6 VT0 6 7000 160784 73821 -86963
VT0_6 VT0 6 7100 156261 51702 -104559
VT0_6 VT0 6 7200 143029 41301 -101728
VT0_6 VT0 6 7300 134944 41659 -93285
VT0_6 VT0 6 7400 138039 47734 -90305
VT0_6 VT0 6 7500 136335 45283 -91052
VT0_6 VT0 6 7600 146369 38996 -107373
VT0_6 VT0 6 7700 163929 39615 -124314
VT0_6 VT0 6 7800 166057 40799 -125258
VT0_6 VT0 6 7900 175558 43954 -131604
VT0_6 VT0 6 8000 207370 42825 -164545
VT0_6 VT0 6 8100 223846 46757 -177089
VT0_6 VT0 6 8200 256995 42525 -214470
VT0_6 VT0 6 8300 282322 35044 -247278
VT0_6 VT0 6 8400 260644 36007 -224637
VT0_6 VT0 6 8500 259176 43984 -215192
VT0_6 VT0 6 8600 249920 51320 -198600
VT0_6 VT0 6 8700 219636 49236 -170400
VT0_6 VT0 6 8800 209440 47457 -161983
VT0_6 VT0 6 8900 189430 48578 -140852
VT0_6 VT0 6 9000 189777 46358 -143419
VT0_6 VT0 6 9100 233812 46200 -187612
VT0_6 VT0 6 9200 248047 47567 -200480
VT0_6 VT0 6 9300 250531 53438 -197093
VT0_6 VT0 6 9400 231538 51725 -179813
VT0_6 VT0 6 9500 219010 53674 -165336
VT0_6 VT0 6 9600 220282 45580 -174702
VT0_6 VT0 6 9700 238568 38031 -200537
VT0_6 VT0 6 9800 255621 34944 -220677
VT0_6 VT0 6 9900 242627 33562 -209065
VT0_6 VT0 6 10000 227518 30700 -196818
VT0_7 VT0 7 0 0 0 0
VT0_7 VT0 7 100 40 876 836
VT0_7 VT0 7 200 359 9314 8955
VT0_7 VT0 7 300 608 17125 16517
VT0_7 VT0 7 400 902 23753 22851
VT0_7 VT0 7 500 2549 34644 32095
VT0_7 VT0 7 600 17423 54389 36966
VT0_7 VT0 7 700 85892 68544 -17348
VT0_7 VT0 7 800 218815 63070 -155745
VT0_7 VT0 7 900 278620 55074 -223546
VT0_7 VT0 7 1000 272645 49950 -222695
VT0_7 VT0 7 1100 243248 47584 -195664
VT0_7 VT0 7 1200 254016 43262 -210754
VT0_7 VT0 7 1300 283949 40402 -243547
VT0_7 VT0 7 1400 317342 37649 -279693
VT0_7 VT0 7 1500 340836 36144 -304692
VT0_7 VT0 7 1600 351219 37167 -314052
VT0_7 VT0 7 1700 365237 35306 -329931
VT0_7 VT0 7 1800 379903 29500 -350403
VT0_7 VT0 7 1900 392122 27355 -364767
VT0_7 VT0 7 2000 391811 26971 -364840
VT0_7 VT0 7 2100 406068 24964 -381104
VT0_7 VT0 7 2200 414971 24369 -390602
VT0_7 VT0 7 2300 422921 23477 -399444
VT0_7 VT0 7 2400 427103 24746 -402357
VT0_7 VT0 7 2500 420602 26007 -394595
VT0_7 VT0 7 2600 440802 27862 -412940
VT0_7 VT0 7 2700 448127 28599 -419528
VT0_7 VT0 7 2800 442073 25873 -416200
VT0_7 VT0 7 2900 437979 26004 -411975
VT0_7 VT0 7 3000 436687 27702 -408985
VT0_7 VT0 7 3100 445762 33165 -412597
VT0_7 VT0 7 3200 437601 28527 -409074
VT0_7 VT0 7 3300 433743 29929 -403814
VT0_7 VT0 7 3400 419742 28374 -391368
VT0_7 VT0 7 3500 420661 29204 -391457
VT0_7 VT0 7 3600 418306 32363 -385943
VT0_7 VT0 7 3700 430560 33382 -397178
VT0_7 VT0 7 3800 428011 30232 -397779
VT0_7 VT0 7 3900 437894 29208 -408686
VT0_7 VT0 7 4000 438830 28648 -410182
VT0_7 VT0 7 4100 422726 30597 -392129
VT0_7 VT0 7 4200 425333 31256 -394077
VT0_7 VT0 7 4300 410943 30408 -380535
VT0_7 VT0 7 4400 409223 27510 -381713
VT0_7 VT0 7 4500 405396 27167 -378229
VT0_7 VT0 7 4600 403572 28616 -374956
VT0_7 VT0 7 4700 400115 29949 -370166
VT0_7 VT0 7 4800 404760 28977 -375783
VT0_7 VT0 7 4900 408170 28886 -379284
VT0_7 VT0 7 5000 419482 28007 -391475
VT0_7 VT0 7 5100 409768 25401 -384367
VT0_7 VT0 7 5200 417582 25734 -391848
VT0_7 VT0 7 5300 428076 26713 -401363
VT0_7 VT0 7 5400 420054 28155 -391899
VT0_7 VT0 7 5500 412793 29370 -383423
VT0_7 VT0 7 5600 413557 27704 -385853
VT0_7 VT0 7 5700 426174 27206 -398968
VT0_7 VT0 7 5800 417226 27932 -389294
VT0_7 VT0 7 5900 415100 26300 -388800
VT0_7 VT0 7 6000 418529 27240 -391289
VT0_7 VT0 7 6100 411853 26077 -385776
VT0_7 VT0 7 6200 402653 28630 -374023
VT0_7 VT0 7 6300 410147 26678 -383469
VT0_7 VT0 7 6400 407514 27518 -379996
VT0_7 VT0 7 6500 406633 27317 -379316
VT0_7 VT0 7 6600 399909 30848 -369061
VT0_7 VT0 7 6700 403832 30700 -373132
VT0_7 VT0 7 6800 401434 31342 -370092
VT0_7 VT0 7 6900 398849 34126 -364723
VT0_7 VT0 7 7000 400874 32993 -367881
VT0_7 VT0 7 7100 410660 31832 -378828
VT0_7 VT0 7 7200 413171 31124 -382047
VT0_7 VT0 7 7300 417579 30476 -387103
VT0_7 VT0 7 7400 411328 30947 -380381
VT0_7 VT0 7 7500 410329 32739 -377590
VT0_7 VT0 7 7600 407669 32124 -375545
VT0_7 VT0 7 7700 411872 32929 -378943
VT0_7 VT0 7 7800 407808 31466 -376342
VT0_7 VT0 7 7900 398823 28482 -370341
VT0_7 VT0 7 8000 412989 29224 -383765
VT0_7 VT0 7 8100 415627 28325 -387302
VT0_7 VT0 7 8200 404673 27536 -377137
VT0_7 VT0 7 8300 399920 28495 -371425
VT0_7 VT0 7 8400 407342 27727 -379615
VT0_7 VT0 7 8500 397633 28130 -369503
VT0_7 VT0 7 8600 399801 29338 -370463
VT0_7 VT0 7 8700 411426 27910 -383516
VT0_7 VT0 7 8800 417459 29073 -388386
VT0_7 VT0 7 8900 408059 27597 -380462
VT0_7 VT0 7 9000 396749 26605 -370144
VT0_7 VT0 7 9100 394876 27439 -367437
VT0_7 VT0 7 9200 397786 26189 -371597
VT0_7 VT0 7 9300 398522 28955 -369567
VT0_7 VT0 7 9400 400258 32488 -367770
VT0_7 VT0 7 9500 404971 31224 -373747
VT0_7 VT0 7 9600 403486 30636 -372850
VT0_7 VT0 7 9700 414413 29776 -384637
VT0_7 VT0 7 9800 412412 26674 -385738
VT0_7 VT0 7 9900 409097 26343 -382754
VT0_7 VT0 7 10000 412279 26805 -385474
VT0_8 VT0 8 0 0 0 0
VT0_8 VT0 8 100 46 886 840
VT0_8 VT0 8 200 384 9487 9103
VT0_8 VT0 8 300 649 17809 17160
VT0_8 VT0 8 400 761 23088 22327
VT0_8 VT0 8 500 735 28414 27679
VT0_8 VT0 8 600 749 24551 23802
VT0_8 VT0 8 700 7318 64985 57667
VT0_8 VT0 8 800 25832 96884 71052
VT0_8 VT0 8 900 54386 68464 14078
VT0_8 VT0 8 1000 91332 44374 -46958
VT0_8 VT0 8 1100 121960 27395 -94565
VT0_8 VT0 8 1200 157539 22704 -134835
VT0_8 VT0 8 1300 180784 20505 -160279
VT0_8 VT0 8 1400 177001 20202 -156799
VT0_8 VT0 8 1500 164711 20171 -144540
VT0_8 VT0 8 1600 181296 19540 -161756
VT0_8 VT0 8 1700 199523 20128 -179395
VT0_8 VT0 8 1800 221811 19785 -202026
VT0_8 VT0 8 1900 238578 19448 -219130
VT0_8 VT0 8 2000 234299 20528 -213771
VT0_8 VT0 8 2100 239074 21787 -217287
VT0_8 VT0 8 2200 238360 22110 -216250
VT0_8 VT0 8 2300 238201 22975 -215226
VT0_8 VT0 8 2400 258428 21856 -236572
VT0_8 VT0 8 2500 289889 20699 -269190
VT0_8 VT0 8 2600 278800 21588 -257212
VT0_8 VT0 8 2700 301393 24175 -277218
VT0_8 VT0 8 2800 326880 24676 -302204
VT0_8 VT0 8 2900 348414 24790 -323624
VT0_8 VT0 8 3000 344872 24450 -320422
VT0_8 VT0 8 3100 359195 22596 -336599
VT0_8 VT0 8 3200 373558 22066 -351492
VT0_8 VT0 8 3300 392444 21742 -370702
VT0_8 VT0 8 3400 408955 23447 -385508
VT0_8 VT0 8 3500 374035 22782 -351253
VT0_8 VT0 8 3600 387482 23790 -363692
VT0_8 VT0 8 3700 372022 24437 -347585
VT0_8 VT0 8 3800 327782 23658 -304124
VT0_8 VT0 8 3900 301322 24071 -277251
VT0_8 VT0 8 4000 297942 23538 -274404
VT0_8 VT0 8 4100 323509 24608 -298901
VT0_8 VT0 8 4200 333173 24208 -308965
VT0_8 VT0 8 4300 296172 23918 -272254
VT0_8 VT0 8 4400 272592 24695 -247897
VT0_8 VT0 8 4500 283525 23548 -259977
VT0_8 VT0 8 4600 267052 23659 -243393
VT0_8 VT0 8 4700 266565 23901 -242664
VT0_8 VT0 8 4800 277283 24175 -253108
VT0_8 VT0 8 4900 325128 25859 -299269
VT0_8 VT0 8 5000 359082 24277 -334805
VT0_8 VT0 8 5100 403568 25166 -378402
VT0_8 VT0 8 5200 462294 25995 -436299
VT0_8 VT0 8 5300 498040 27075 -470965
VT0_8 VT0 8 5400 535016 27348 -507668
VT0_8 VT0 8 5500 544059 28774 -515285
VT0_8 VT0 8 5600 547587 29337 -518250
VT0_8 VT0 8 5700 554287 28638 -525649
VT0_8 VT0 8 5800 561859 29280 -532579
VT0_8 VT0 8 5900 583444 30952 -552492
VT0_8 VT0 8 6000 586575 29402 -557173
VT0_8 VT0 8 6100 581042 28118 -552924
VT0_8 VT0 8 6200 570869 29117 -541752
VT0_8 VT0 8 6300 585002 27705 -557297
VT0_8 VT0 8 6400 585857 28264 -557593
VT0_8 VT0 8 6500 584253 27219 -557034
VT0_8 VT0 8 6600 575943 27644 -548299
VT0_8 VT0 8 6700 579913 29039 -550874
VT0_8 VT0 8 6800 597491 27069 -570422
VT0_8 VT0 8 6900 589398 27247 -562151
VT0_8 VT0 8 7000 576902 25860 -551042
VT0_8 VT0 8 7100 575399 25953 -549446
VT0_8 VT0 8 7200 577703 26331 -551372
VT0_8 VT0 8 7300 595993 26647 -569346
VT0_8 VT0 8 7400 607034 25573 -581461
VT0_8 VT0 8 7500 582921 25739 -557182
VT0_8 VT0 8 7600 583919 25217 -558702
VT0_8 VT0 8 7700 588210 24577 -563633
VT0_8 VT0 8 7800 584672 27392 -557280
VT0_8 VT0 8 7900 579410 26802 -552608
VT0_8 VT0 8 8000 577212 28755 -548457
VT0_8 VT0 8 8100 586264 26097 -560167
VT0_8 VT0 8 8200 605420 26075 -579345
VT0_8 VT0 8 8300 621809 25484 -596325
VT0_8 VT0 8 8400 627179 26980 -600199
VT0_8 VT0 8 8500 620066 24223 -595843
VT0_8 VT0 8 8600 602984 24763 -578221
VT0_8 VT0 8 8700 603607 25027 -578580
VT0_8 VT0 8 8800 613662 24391 -589271
VT0_8 VT0 8 8900 609802 24778 -585024
VT0_8 VT0 8 9000 594548 26497 -568051
VT0_8 VT0 8 9100 584675 26929 -557746
VT0_8 VT0 8 9200 590989 27649 -563340
VT0_8 VT0 8 9300 584210 27633 -556577
VT0_8 VT0 8 9400 583219 28709 -554510
VT0_8 VT0 8 9500 589287 28055 -561232
VT0_8 VT0 8 9600 591217 23683 -567534
VT0_8 VT0 8 9700 577451 27274 -550177
VT0_8 VT0 8 9800 581771 27418 -554353
VT0_8 VT0 8 9900 602069 26332 -575737
VT0_8 VT0 8 10000 614114 27448 -586666
VT0_9 VT0 9 0 0 0 0
VT0_9 VT0 9 100 37 819 782
VT0_9 VT0 9 200 313 9094 8781
VT0_9 VT0 9 300 531 17350 16819
VT0_9 VT0 9 400 749 23449 22700
VT0_9 VT0 9 500 1068 31218 30150
VT0_9 VT0 9 600 1425 36981 35556
VT0_9 VT0 9 700 1693 26083 24390
VT0_9 VT0 9 800 49411 33567 -15844
VT0_9 VT0 9 900 417763 39837 -377926
VT0_9 VT0 9 1000 539334 39743 -499591
VT0_9 VT0 9 1100 551151 37104 -514047
VT0_9 VT0 9 1200 558534 34341 -524193
VT0_9 VT0 9 1300 570179 34262 -535917
VT0_9 VT0 9 1400 556158 30729 -525429
VT0_9 VT0 9 1500 514950 26639 -488311
VT0_9 VT0 9 1600 440341 19721 -420620
VT0_9 VT0 9 1700 314046 13050 -300996
VT0_9 VT0 9 1800 182667 7672 -174995
VT0_9 VT0 9 1900 111061 4511 -106550
VT0_9 VT0 9 2000 91923 3508 -88415
VT0_9 VT0 9 2100 87645 4135 -83510
VT0_9 VT0 9 2200 82046 3998 -78048
VT0_9 VT0 9 2300 94707 4346 -90361
VT0_9 VT0 9 2400 86969 4266 -82703
VT0_9 VT0 9 2500 88143 4263 -83880
VT0_9 VT0 9 2600 85974 5166 -80808
VT0_9 VT0 9 2700 105278 5815 -99463
VT0_9 VT0 9 2800 113947 6844 -107103
VT0_9 VT0 9 2900 146117 10528 -135589
VT0_9 VT0 9 3000 183096 13781 -169315
VT0_9 VT0 9 3100 237429 22268 -215161
VT0_9 VT0 9 3200 315848 24301 -291547
VT0_9 VT0 9 3300 354305 24944 -329361
VT0_9 VT0 9 3400 384744 27873 -356871
VT0_9 VT0 9 3500 413149 34654 -378495
VT0_9 VT0 9 3600 388434 34061 -354373
VT0_9 VT0 9 3700 376243 29733 -346510
VT0_9 VT0 9 3800 359186 26520 -332666
VT0_9 VT0 9 3900 338092 28130 -309962
VT0_9 VT0 9 4000 341809 28507 -313302
VT0_9 VT0 9 4100 352244 29818 -322426
VT0_9 VT0 9 4200 361434 30691 -330743
VT0_9 VT0 9 4300 325869 27604 -298265
VT0_9 VT0 9 4400 299888 23412 -276476
VT0_9 VT0 9 4500 296979 23429 -273550
VT0_9 VT0 9 4600 311254 25214 -286040
VT0_9 VT0 9 4700 319791 27536 -292255
VT0_9 VT0 9 4800 311209 28246 -282963
VT0_9 VT0 9 4900 295693 25716 -269977
VT0_9 VT0 9 5000 312228 25351 -286877
VT0_9 VT0 9 5100 312433 24858 -287575
VT0_9 VT0 9 5200 301636 25983 -275653
VT0_9 VT0 9 5300 303489 25945 -277544
VT0_9 VT0 9 5400 310004 26110 -283894
VT0_9 VT0 9 5500 279579 27570 -252009
VT0_9 VT0 9 5600 256579 27380 -229199
VT0_9 VT0 9 5700 241619 31458 -210161
VT0_9 VT0 9 5800 222538 32489 -190049
VT0_9 VT0 9 5900 235945 32116 -203829
VT0_9 VT0 9 6000 226958 28963 -197995
VT0_9 VT0 9 6100 214978 29159 -185819
VT0_9 VT0 9 6200 218137 27838 -190299
VT0_9 VT0 9 6300 232462 25746 -206716
VT0_9 VT0 9 6400 253027 27190 -225837
VT0_9 VT0 9 6500 262766 24963 -237803
VT0_9 VT0 9 6600 267276 24855 -242421
VT0_9 VT0 9 6700 255506 26524 -228982
VT0_9 VT0 9 6800 259126 31162 -227964
VT0_9 VT0 9 6900 299004 29430 -269574
VT0_9 VT0 9 7000 329445 31377 -298068
VT0_9 VT0 9 7100 332795 33986 -298809
VT0_9 VT0 9 7200 328127 36516 -291611
VT0_9 VT0 9 7300 310622 36859 -273763
VT0_9 VT0 9 7400 329651 33199 -296452
VT0_9 VT0 9 7500 351881 33197 -318684
VT0_9 VT0 9 7600 360441 32210 -328231
VT0_9 VT0 9 7700 371150 29385 -341765
VT0_9 VT0 9 7800 378052 27952 -350100
VT0_9 VT0 9 7900 368570 24162 -344408
VT0_9 VT0 9 8000 318158 25803 -292355
VT0_9 VT0 9 8100 308559 26431 -282128
VT0_9 VT0 9 8200 299666 25474 -274192
VT0_9 VT0 9 8300 304426 23317 -281109
VT0_9 VT0 9 8400 304881 22909 -281972
VT0_9 VT0 9 8500 294347 22997 -271350
VT0_9 VT0 9 8600 291579 22953 -268626
VT0_9 VT0 9 8700 302869 25580 -277289
VT0_9 VT0 9 8800 311067 31067 -280000
VT0_9 VT0 9 8900 341619 30950 -310669
VT0_9 VT0 9 9000 332443 29850 -302593
VT0_9 VT0 9 9100 300114 33162 -266952
VT0_9 VT0 9 9200 303726 36172 -267554
VT0_9 VT0 9 9300 283331 37336 -245995
VT0_9 VT0 9 9400 269220 32455 -236765
VT0_9 VT0 9 9500 287166 29793 -257373
VT0_9 VT0 9 9600 325102 29243 -295859
VT0_9 VT0 9 9700 321514 29919 -291595
VT0_9 VT0 9 9800 297379 29392 -267987
VT0_9 VT0 9 9900 265517 28237 -237280
VT0_9 VT0 9 10000 222919 25013 -197906
VT0_10 VT0 10 0 0 0 0
VT0_10 VT0 10 100 37 882 845
VT0_10 VT0 10 200 365 9595 9230
VT0_10 VT0 10 300 626 18187 17561
VT0_10 VT0 10 400 771 24775 24004
VT0_10 VT0 10 500 1018 33026 32008
VT0_10 VT0 10 600 1181 37453 36272
VT0_10 VT0 10 700 1095 26916 25821
VT0_10 VT0 10 800 18143 42056 23913
VT0_10 VT0 10 900 98918 40769 -58149
VT0_10 VT0 10 1000 287719 35977 -251742
VT0_10 VT0 10 1100 372048 34234 -337814
VT0_10 VT0 10 1200 397764 31520 -366244
VT0_10 VT0 10 1300 402827 29722 -373105
VT0_10 VT0 10 1400 377883 30082 -347801
VT0_10 VT0 10 1500 369972 28791 -341181
VT0_10 VT0 10 1600 337448 25782 -311666
VT0_10 VT0 10 1700 260466 17816 -242650
VT0_10 VT0 10 1800 162195 14778 -147417
VT0_10 VT0 10 1900 134777 24823 -109954
VT0_10 VT0 10 2000 240397 69289 -171108
VT0_10 VT0 10 2100 331624 54819 -276805
VT0_10 VT0 10 2200 392354 38893 -353461
VT0_10 VT0 10 2300 396392 37132 -359260
VT0_10 VT0 10 2400 390359 30886 -359473
VT0_10 VT0 10 2500 382199 26270 -355929
VT0_10 VT0 10 2600 361541 25621 -335920
VT0_10 VT0 10 2700 357540 25153 -332387
VT0_10 VT0 10 2800 366808 24308 -342500
VT0_10 VT0 10 2900 371090 24776 -346314
VT0_10 VT0 10 3000 379195 23797 -355398
VT0_10 VT0 10 3100 408277 25028 -383249
VT0_10 VT0 10 3200 423491 26060 -397431
VT0_10 VT0 10 3300 433308 26338 -406970
VT0_10 VT0 10 3400 459856 28356 -431500
VT0_10 VT0 10 3500 488109 28029 -460080
VT0_10 VT0 10 3600 510072 29040 -481032
VT0_10 VT0 10 3700 500858 27984 -472874
VT0_10 VT0 10 3800 504849 24955 -479894
VT0_10 VT0 10 3900 512794 25325 -487469
VT0_10 VT0 10 4000 526940 26563 -500377
VT0_10 VT0 10 4100 513327 27828 -485499
VT0_10 VT0 10 4200 531554 28222 -503332
VT0_10 VT0 10 4300 535899 30233 -505666
VT0_10 VT0 10 4400 542335 30487 -511848
VT0_10 VT0 10 4500 539586 27957 -511629
VT0_10 VT0 10 4600 551165 28218 -522947
VT0_10 VT0 10 4700 546453 27383 -519070
VT0_10 VT0 10 4800 549035 30244 -518791
VT0_10 VT0 10 4900 565220 29146 -536074
VT0_10 VT0 10 5000 577335 28705 -548630
VT0_10 VT0 10 5100 588369 28678 -559691
VT0_10 VT0 10 5200 581904 29140 -552764
VT0_10 VT0 10 5300 579386 29873 -549513
VT0_10 VT0 10 5400 587241 28145 -559096
VT0_10 VT0 10 5500 580331 28292 -552039
VT0_10 VT0 10 5600 562909 28653 -534256
VT0_10 VT0 10 5700 556732 28812 -527920
VT0_10 VT0 10 5800 558080 29615 -528465
VT0_10 VT0 10 5900 572615 28463 -544152
VT0_10 VT0 10 6000 590122 28726 -561396
VT0_10 VT0 10 6100 580718 29468 -551250
VT0_10 VT0 10 6200 586355 26439 -559916
VT0_10 VT0 10 6300 597134 26204 -570930
VT0_10 VT0 10 6400 596787 27152 -569635
VT0_10 VT0 10 6500 583131 27933 -555198
VT0_10 VT0 10 6600 575383 29551 -545832
VT0_10 VT0 10 6700 582978 28922 -554056
VT0_10 VT0 10 6800 567165 27778 -539387
VT0_10 VT0 10 6900 540681 28126 -512555
VT0_10 VT0 10 7000 560926 27670 -533256
VT0_10 VT0 10 7100 588907 26321 -562586
VT0_10 VT0 10 7200 597993 24468 -573525
VT0_10 VT0 10 7300 589314 24962 -564352
VT0_10 VT0 10 7400 589638 26371 -563267
VT0_10 VT0 10 7500 593415 27052 -566363
VT0_10 VT0 10 7600 583835 28198 -555637
VT0_10 VT0 10 7700 584108 26055 -558053
VT0_10 VT0 10 7800 562348 27398 -534950
VT0_10 VT0 10 7900 513446 26808 -486638
VT0_10 VT0 10 8000 447736 26404 -421332
VT0_10 VT0 10 8100 406048 24707 -381341
VT0_10 VT0 10 8200 367426 26730 -340696
VT0_10 VT0 10 8300 344131 24923 -319208
VT0_10 VT0 10 8400 323066 26110 -296956
VT0_10 VT0 10 8500 316597 30431 -286166
VT0_10 VT0 10 8600 330685 31452 -299233
VT0_10 VT0 10 8700 373479 32423 -341056
VT0_10 VT0 10 8800 417855 31014 -386841
VT0_10 VT0 10 8900 459985 31443 -428542
VT0_10 VT0 10 9000 477105 32835 -444270
VT0_10 VT0 10 9100 474198 29675 -444523
VT0_10 VT0 10 9200 488750 29041 -459709
VT0_10 VT0 10 9300 492908 30860 -462048
VT0_10 VT0 10 9400 511095 28582 -482513
VT0_10 VT0 10 9500 518473 29940 -488533
VT0_10 VT0 10 9600 523949 31245 -492704
VT0_10 VT0 10 9700 520984 30459 -490525
VT0_10 VT0 10 9800 533558 30146 -503412
VT0_10 VT0 10 9900 520558 27862 -492696
VT0_10 VT0 10 10000 537405 29584 -507821
VT0.25_1 VT0.25 1 0 0 0 0
VT0.25_1 VT0.25 1 100 59 1229 1170
VT0.25_1 VT0.25 1 200 404 10654 10250
VT0.25_1 VT0.25 1 300 715 19488 18773
VT0.25_1 VT0.25 1 400 963 26517 25554
VT0.25_1 VT0.25 1 500 1092 34531 33439
VT0.25_1 VT0.25 1 600 1304 42045 40741
VT0.25_1 VT0.25 1 700 1763 48003 46240
VT0.25_1 VT0.25 1 800 27823 159677 131854
VT0.25_1 VT0.25 1 900 62542 169049 106507
VT0.25_1 VT0.25 1 1000 119586 130018 10432
VT0.25_1 VT0.25 1 1100 175884 105070 -70814
VT0.25_1 VT0.25 1 1200 200352 108110 -92242
VT0.25_1 VT0.25 1 1300 189910 127425 -62485
VT0.25_1 VT0.25 1 1400 155516 151803 -3713
VT0.25_1 VT0.25 1 1500 124900 164577 39677
VT0.25_1 VT0.25 1 1600 120411 156489 36078
VT0.25_1 VT0.25 1 1700 119974 131309 11335
VT0.25_1 VT0.25 1 1800 108759 118169 9410
VT0.25_1 VT0.25 1 1900 121191 118466 -2725
VT0.25_1 VT0.25 1 2000 122136 135743 13607
VT0.25_1 VT0.25 1 2100 133201 136595 3394
VT0.25_1 VT0.25 1 2200 134398 155656 21258
VT0.25_1 VT0.25 1 2300 134108 186794 52686
VT0.25_1 VT0.25 1 2400 137685 209260 71575
VT0.25_1 VT0.25 1 2500 135549 206100 70551
VT0.25_1 VT0.25 1 2600 140607 197319 56712
VT0.25_1 VT0.25 1 2700 130542 181934 51392
VT0.25_1 VT0.25 1 2800 145542 173095 27553
VT0.25_1 VT0.25 1 2900 161196 171911 10715
VT0.25_1 VT0.25 1 3000 174017 175086 1069
VT0.25_1 VT0.25 1 3100 207248 180665 -26583
VT0.25_1 VT0.25 1 3200 248361 189210 -59151
VT0.25_1 VT0.25 1 3300 277250 202027 -75223
VT0.25_1 VT0.25 1 3400 286559 205905 -80654
VT0.25_1 VT0.25 1 3500 292842 198982 -93860
VT0.25_1 VT0.25 1 3600 298736 191361 -107375
VT0.25_1 VT0.25 1 3700 296421 187113 -109308
VT0.25_1 VT0.25 1 3800 305857 192837 -113020
VT0.25_1 VT0.25 1 3900 304481 189622 -114859
VT0.25_1 VT0.25 1 4000 299399 203394 -96005
VT0.25_1 VT0.25 1 4100 292467 195836 -96631
VT0.25_1 VT0.25 1 4200 286442 183578 -102864
VT0.25_1 VT0.25 1 4300 286215 176687 -109528
VT0.25_1 VT0.25 1 4400 286537 185310 -101227
VT0.25_1 VT0.25 1 4500 287471 184092 -103379
VT0.25_1 VT0.25 1 4600 285282 173939 -111343
VT0.25_1 VT0.25 1 4700 277264 172331 -104933
VT0.25_1 VT0.25 1 4800 279983 174251 -105732
VT0.25_1 VT0.25 1 4900 279553 182061 -97492
VT0.25_1 VT0.25 1 5000 276038 187921 -88117
VT0.25_1 VT0.25 1 5100 284539 192750 -91789
VT0.25_1 VT0.25 1 5200 287044 200396 -86648
VT0.25_1 VT0.25 1 5300 289637 197761 -91876
VT0.25_1 VT0.25 1 5400 246893 158626 -88267
VT0.25_1 VT0.25 1 5500 158479 102175 -56304
VT0.25_1 VT0.25 1 5600 62040 46396 -15644
VT0.25_1 VT0.25 1 5700 34319 26446 -7873
VT0.25_1 VT0.25 1 5800 29908 24753 -5155
VT0.25_1 VT0.25 1 5900 27789 25788 -2001
VT0.25_1 VT0.25 1 6000 27973 25139 -2834
VT0.25_1 VT0.25 1 6100 29338 26538 -2800
VT0.25_1 VT0.25 1 6200 30274 24878 -5396
VT0.25_1 VT0.25 1 6300 29517 24358 -5159
VT0.25_1 VT0.25 1 6400 27495 23045 -4450
VT0.25_1 VT0.25 1 6500 27948 22678 -5270
VT0.25_1 VT0.25 1 6600 27766 22117 -5649
VT0.25_1 VT0.25 1 6700 29905 24954 -4951
VT0.25_1 VT0.25 1 6800 28727 25332 -3395
VT0.25_1 VT0.25 1 6900 29571 24056 -5515
VT0.25_1 VT0.25 1 7000 28407 24134 -4273
VT0.25_1 VT0.25 1 7100 27974 23786 -4188
VT0.25_1 VT0.25 1 7200 28175 23435 -4740
VT0.25_1 VT0.25 1 7300 29640 23272 -6368
VT0.25_1 VT0.25 1 7400 31827 23980 -7847
VT0.25_1 VT0.25 1 7500 27988 24394 -3594
VT0.25_1 VT0.25 1 7600 27884 24108 -3776
VT0.25_1 VT0.25 1 7700 27344 24412 -2932
VT0.25_1 VT0.25 1 7800 28173 24677 -3496
VT0.25_1 VT0.25 1 7900 28513 24855 -3658
VT0.25_1 VT0.25 1 8000 28448 24242 -4206
VT0.25_1 VT0.25 1 8100 27338 22769 -4569
VT0.25_1 VT0.25 1 8200 27256 22380 -4876
VT0.25_1 VT0.25 1 8300 27624 22774 -4850
VT0.25_1 VT0.25 1 8400 26672 22492 -4180
VT0.25_1 VT0.25 1 8500 25950 25330 -620
VT0.25_1 VT0.25 1 8600 26570 25175 -1395
VT0.25_1 VT0.25 1 8700 27170 24819 -2351
VT0.25_1 VT0.25 1 8800 26745 25346 -1399
VT0.25_1 VT0.25 1 8900 27166 26994 -172
VT0.25_1 VT0.25 1 9000 27885 25612 -2273
VT0.25_1 VT0.25 1 9100 27319 23900 -3419
VT0.25_1 VT0.25 1 9200 26465 23385 -3080
VT0.25_1 VT0.25 1 9300 26989 23026 -3963
VT0.25_1 VT0.25 1 9400 27017 22668 -4349
VT0.25_1 VT0.25 1 9500 26708 22246 -4462
VT0.25_1 VT0.25 1 9600 28177 21559 -6618
VT0.25_1 VT0.25 1 9700 28631 22291 -6340
VT0.25_1 VT0.25 1 9800 28196 22748 -5448
VT0.25_1 VT0.25 1 9900 30382 23306 -7076
VT0.25_1 VT0.25 1 10000 30243 24007 -6236
VT0.25_2 VT0.25 2 0 0 0 0
VT0.25_2 VT0.25 2 100 61 1184 1123
VT0.25_2 VT0.25 2 200 415 10274 9859
VT0.25_2 VT0.25 2 300 720 18564 17844
VT0.25_2 VT0.25 2 400 963 25334 24371
VT0.25_2 VT0.25 2 500 1163 33903 32740
VT0.25_2 VT0.25 2 600 1492 40834 39342
VT0.25_2 VT0.25 2 700 1935 46902 44967
VT0.25_2 VT0.25 2 800 4241 53589 49348
VT0.25_2 VT0.25 2 900 7541 57170 49629
VT0.25_2 VT0.25 2 1000 67627 78869 11242
VT0.25_2 VT0.25 2 1100 194152 91687 -102465
VT0.25_2 VT0.25 2 1200 243145 69854 -173291
VT0.25_2 VT0.25 2 1300 272212 61668 -210544
VT0.25_2 VT0.25 2 1400 274865 61334 -213531
VT0.25_2 VT0.25 2 1500 276904 60684 -216220
VT0.25_2 VT0.25 2 1600 268930 68381 -200549
VT0.25_2 VT0.25 2 1700 252578 70696 -181882
VT0.25_2 VT0.25 2 1800 232571 68795 -163776
VT0.25_2 VT0.25 2 1900 221222 83142 -138080
VT0.25_2 VT0.25 2 2000 212408 96459 -115949
VT0.25_2 VT0.25 2 2100 196438 115532 -80906
VT0.25_2 VT0.25 2 2200 194261 135304 -58957
VT0.25_2 VT0.25 2 2300 188601 139804 -48797
VT0.25_2 VT0.25 2 2400 189036 146166 -42870
VT0.25_2 VT0.25 2 2500 185278 143118 -42160
VT0.25_2 VT0.25 2 2600 180858 141027 -39831
VT0.25_2 VT0.25 2 2700 189414 160995 -28419
VT0.25_2 VT0.25 2 2800 180510 164178 -16332
VT0.25_2 VT0.25 2 2900 183945 178556 -5389
VT0.25_2 VT0.25 2 3000 172223 189304 17081
VT0.25_2 VT0.25 2 3100 151286 165233 13947
VT0.25_2 VT0.25 2 3200 129898 134631 4733
VT0.25_2 VT0.25 2 3300 102647 104603 1956
VT0.25_2 VT0.25 2 3400 80303 83879 3576
VT0.25_2 VT0.25 2 3500 71042 91037 19995
VT0.25_2 VT0.25 2 3600 74383 102593 28210
VT0.25_2 VT0.25 2 3700 73677 115292 41615
VT0.25_2 VT0.25 2 3800 69954 111755 41801
VT0.25_2 VT0.25 2 3900 71515 110547 39032
VT0.25_2 VT0.25 2 4000 68265 120086 51821
VT0.25_2 VT0.25 2 4100 68167 144309 76142
VT0.25_2 VT0.25 2 4200 74513 159970 85457
VT0.25_2 VT0.25 2 4300 76985 172373 95388
VT0.25_2 VT0.25 2 4400 74085 181840 107755
VT0.25_2 VT0.25 2 4500 72463 188584 116121
VT0.25_2 VT0.25 2 4600 69453 170133 100680
VT0.25_2 VT0.25 2 4700 64884 173105 108221
VT0.25_2 VT0.25 2 4800 66019 161996 95977
VT0.25_2 VT0.25 2 4900 66519 168437 101918
VT0.25_2 VT0.25 2 5000 70923 164998 94075
VT0.25_2 VT0.25 2 5100 63761 172533 108772
VT0.25_2 VT0.25 2 5200 64398 171824 107426
VT0.25_2 VT0.25 2 5300 79328 156679 77351
VT0.25_2 VT0.25 2 5400 73974 168432 94458
VT0.25_2 VT0.25 2 5500 69532 184506 114974
VT0.25_2 VT0.25 2 5600 70570 185514 114944
VT0.25_2 VT0.25 2 5700 63893 174184 110291
VT0.25_2 VT0.25 2 5800 65351 188261 122910
VT0.25_2 VT0.25 2 5900 65773 196362 130589
VT0.25_2 VT0.25 2 6000 68422 207819 139397
VT0.25_2 VT0.25 2 6100 75324 204549 129225
VT0.25_2 VT0.25 2 6200 69013 211948 142935
VT0.25_2 VT0.25 2 6300 64802 199081 134279
VT0.25_2 VT0.25 2 6400 67413 182826 115413
VT0.25_2 VT0.25 2 6500 71141 182890 111749
VT0.25_2 VT0.25 2 6600 67991 194079 126088
VT0.25_2 VT0.25 2 6700 64158 191660 127502
VT0.25_2 VT0.25 2 6800 68150 178271 110121
VT0.25_2 VT0.25 2 6900 58227 174673 116446
VT0.25_2 VT0.25 2 7000 53041 176176 123135
VT0.25_2 VT0.25 2 7100 54944 180947 126003
VT0.25_2 VT0.25 2 7200 54294 156801 102507
VT0.25_2 VT0.25 2 7300 47572 136752 89180
VT0.25_2 VT0.25 2 7400 38358 106436 68078
VT0.25_2 VT0.25 2 7500 34701 60007 25306
VT0.25_2 VT0.25 2 7600 30596 35412 4816
VT0.25_2 VT0.25 2 7700 30391 23579 -6812
VT0.25_2 VT0.25 2 7800 29871 21586 -8285
VT0.25_2 VT0.25 2 7900 26702 20428 -6274
VT0.25_2 VT0.25 2 8000 25516 21880 -3636
VT0.25_2 VT0.25 2 8100 26226 21179 -5047
VT0.25_2 VT0.25 2 8200 27032 21216 -5816
VT0.25_2 VT0.25 2 8300 27714 22020 -5694
VT0.25_2 VT0.25 2 8400 27211 21346 -5865
VT0.25_2 VT0.25 2 8500 26733 21055 -5678
VT0.25_2 VT0.25 2 8600 27124 20037 -7087
VT0.25_2 VT0.25 2 8700 25916 20847 -5069
VT0.25_2 VT0.25 2 8800 25396 21131 -4265
VT0.25_2 VT0.25 2 8900 26002 22430 -3572
VT0.25_2 VT0.25 2 9000 28001 23769 -4232
VT0.25_2 VT0.25 2 9100 27738 23565 -4173
VT0.25_2 VT0.25 2 9200 27702 23155 -4547
VT0.25_2 VT0.25 2 9300 27411 23725 -3686
VT0.25_2 VT0.25 2 9400 29528 23291 -6237
VT0.25_2 VT0.25 2 9500 28239 22656 -5583
VT0.25_2 VT0.25 2 9600 28979 23428 -5551
VT0.25_2 VT0.25 2 9700 28783 23592 -5191
VT0.25_2 VT0.25 2 9800 28204 21713 -6491
VT0.25_2 VT0.25 2 9900 27340 22324 -5016
VT0.25_2 VT0.25 2 10000 27453 22238 -5215
VT0.25_3 VT0.25 3 0 0 0 0
VT0.25_3 VT0.25 3 100 56 1209 1153
VT0.25_3 VT0.25 3 200 385 10567 10182
VT0.25_3 VT0.25 3 300 660 19281 18621
VT0.25_3 VT0.25 3 400 965 26716 25751
VT0.25_3 VT0.25 3 500 1243 35464 34221
VT0.25_3 VT0.25 3 600 1588 44081 42493
VT0.25_3 VT0.25 3 700 3270 60170 56900
VT0.25_3 VT0.25 3 800 12536 78803 66267
VT0.25_3 VT0.25 3 900 42665 95372 52707
VT0.25_3 VT0.25 3 1000 101440 97803 -3637
VT0.25_3 VT0.25 3 1100 158873 94412 -64461
VT0.25_3 VT0.25 3 1200 138825 74685 -64140
VT0.25_3 VT0.25 3 1300 83897 55512 -28385
VT0.25_3 VT0.25 3 1400 57959 44116 -13843
VT0.25_3 VT0.25 3 1500 50848 48296 -2552
VT0.25_3 VT0.25 3 1600 52803 48955 -3848
VT0.25_3 VT0.25 3 1700 62706 47503 -15203
VT0.25_3 VT0.25 3 1800 82427 62755 -19672
VT0.25_3 VT0.25 3 1900 75479 75188 -291
VT0.25_3 VT0.25 3 2000 75352 77974 2622
VT0.25_3 VT0.25 3 2100 77717 59306 -18411
VT0.25_3 VT0.25 3 2200 75310 32202 -43108
VT0.25_3 VT0.25 3 2300 63331 26740 -36591
VT0.25_3 VT0.25 3 2400 65758 30887 -34871
VT0.25_3 VT0.25 3 2500 67135 42505 -24630
VT0.25_3 VT0.25 3 2600 67170 49332 -17838
VT0.25_3 VT0.25 3 2700 58035 49275 -8760
VT0.25_3 VT0.25 3 2800 64896 45532 -19364
VT0.25_3 VT0.25 3 2900 68114 53829 -14285
VT0.25_3 VT0.25 3 3000 69435 69204 -231
VT0.25_3 VT0.25 3 3100 63074 66243 3169
VT0.25_3 VT0.25 3 3200 62224 61322 -902
VT0.25_3 VT0.25 3 3300 67471 66127 -1344
VT0.25_3 VT0.25 3 3400 69387 80944 11557
VT0.25_3 VT0.25 3 3500 56637 85021 28384
VT0.25_3 VT0.25 3 3600 56016 89086 33070
VT0.25_3 VT0.25 3 3700 66906 107006 40100
VT0.25_3 VT0.25 3 3800 65481 120929 55448
VT0.25_3 VT0.25 3 3900 63569 116963 53394
VT0.25_3 VT0.25 3 4000 63296 111605 48309
VT0.25_3 VT0.25 3 4100 65276 112755 47479
VT0.25_3 VT0.25 3 4200 64285 113462 49177
VT0.25_3 VT0.25 3 4300 65178 106459 41281
VT0.25_3 VT0.25 3 4400 59063 115899 56836
VT0.25_3 VT0.25 3 4500 56061 121438 65377
VT0.25_3 VT0.25 3 4600 56606 103471 46865
VT0.25_3 VT0.25 3 4700 57310 100319 43009
VT0.25_3 VT0.25 3 4800 63176 89205 26029
VT0.25_3 VT0.25 3 4900 68095 80404 12309
VT0.25_3 VT0.25 3 5000 64321 83774 19453
VT0.25_3 VT0.25 3 5100 57314 94986 37672
VT0.25_3 VT0.25 3 5200 58308 110545 52237
VT0.25_3 VT0.25 3 5300 59087 121356 62269
VT0.25_3 VT0.25 3 5400 53585 114311 60726
VT0.25_3 VT0.25 3 5500 57337 109971 52634
VT0.25_3 VT0.25 3 5600 63992 100341 36349
VT0.25_3 VT0.25 3 5700 58618 91487 32869
VT0.25_3 VT0.25 3 5800 58131 87771 29640
VT0.25_3 VT0.25 3 5900 58546 77702 19156
VT0.25_3 VT0.25 3 6000 66938 65397 -1541
VT0.25_3 VT0.25 3 6100 64010 62761 -1249
VT0.25_3 VT0.25 3 6200 56269 75168 18899
VT0.25_3 VT0.25 3 6300 53441 85065 31624
VT0.25_3 VT0.25 3 6400 57863 89114 31251
VT0.25_3 VT0.25 3 6500 59438 85847 26409
VT0.25_3 VT0.25 3 6600 63489 76864 13375
VT0.25_3 VT0.25 3 6700 63936 82256 18320
VT0.25_3 VT0.25 3 6800 66956 81847 14891
VT0.25_3 VT0.25 3 6900 62869 74875 12006
VT0.25_3 VT0.25 3 7000 64034 75292 11258
VT0.25_3 VT0.25 3 7100 59204 73761 14557
VT0.25_3 VT0.25 3 7200 58802 77849 19047
VT0.25_3 VT0.25 3 7300 65498 74360 8862
VT0.25_3 VT0.25 3 7400 68276 79042 10766
VT0.25_3 VT0.25 3 7500 68344 97556 29212
VT0.25_3 VT0.25 3 7600 59824 116334 56510
VT0.25_3 VT0.25 3 7700 64750 116920 52170
VT0.25_3 VT0.25 3 7800 61047 100326 39279
VT0.25_3 VT0.25 3 7900 65986 90980 24994
VT0.25_3 VT0.25 3 8000 61866 82790 20924
VT0.25_3 VT0.25 3 8100 56267 88145 31878
VT0.25_3 VT0.25 3 8200 62123 98113 35990
VT0.25_3 VT0.25 3 8300 68381 93067 24686
VT0.25_3 VT0.25 3 8400 67587 98089 30502
VT0.25_3 VT0.25 3 8500 63245 103087 39842
VT0.25_3 VT0.25 3 8600 66015 100125 34110
VT0.25_3 VT0.25 3 8700 60226 103242 43016
VT0.25_3 VT0.25 3 8800 57913 104821 46908
VT0.25_3 VT0.25 3 8900 62850 108141 45291
VT0.25_3 VT0.25 3 9000 63816 103476 39660
VT0.25_3 VT0.25 3 9100 64049 83792 19743
VT0.25_3 VT0.25 3 9200 63114 79730 16616
VT0.25_3 VT0.25 3 9300 66882 80214 13332
VT0.25_3 VT0.25 3 9400 57503 95082 37579
VT0.25_3 VT0.25 3 9500 58663 95077 36414
VT0.25_3 VT0.25 3 9600 67806 103648 35842
VT0.25_3 VT0.25 3 9700 68019 114346 46327
VT0.25_3 VT0.25 3 9800 67394 111137 43743
VT0.25_3 VT0.25 3 9900 65110 110627 45517
VT0.25_3 VT0.25 3 10000 62560 121177 58617
VT0.25_4 VT0.25 4 0 0 0 0
VT0.25_4 VT0.25 4 100 54 1291 1237
VT0.25_4 VT0.25 4 200 403 10711 10308
VT0.25_4 VT0.25 4 300 697 19249 18552
VT0.25_4 VT0.25 4 400 1011 25993 24982
VT0.25_4 VT0.25 4 500 1274 33419 32145
VT0.25_4 VT0.25 4 600 1401 36669 35268
VT0.25_4 VT0.25 4 700 6804 37332 30528
VT0.25_4 VT0.25 4 800 52702 67382 14680
VT0.25_4 VT0.25 4 900 141097 54587 -86510
VT0.25_4 VT0.25 4 1000 147501 40716 -106785
VT0.25_4 VT0.25 4 1100 112091 34043 -78048
VT0.25_4 VT0.25 4 1200 78394 28399 -49995
VT0.25_4 VT0.25 4 1300 58291 24028 -34263
VT0.25_4 VT0.25 4 1400 51940 24621 -27319
VT0.25_4 VT0.25 4 1500 53904 25036 -28868
VT0.25_4 VT0.25 4 1600 61865 23625 -38240
VT0.25_4 VT0.25 4 1700 64848 23103 -41745
VT0.25_4 VT0.25 4 1800 56858 25156 -31702
VT0.25_4 VT0.25 4 1900 60631 26696 -33935
VT0.25_4 VT0.25 4 2000 56758 26607 -30151
VT0.25_4 VT0.25 4 2100 61291 30826 -30465
VT0.25_4 VT0.25 4 2200 58641 38892 -19749
VT0.25_4 VT0.25 4 2300 62274 41090 -21184
VT0.25_4 VT0.25 4 2400 64319 46589 -17730
VT0.25_4 VT0.25 4 2500 62612 50815 -11797
VT0.25_4 VT0.25 4 2600 63484 51897 -11587
VT0.25_4 VT0.25 4 2700 65465 46828 -18637
VT0.25_4 VT0.25 4 2800 64526 49885 -14641
VT0.25_4 VT0.25 4 2900 64875 53049 -11826
VT0.25_4 VT0.25 4 3000 64725 53133 -11592
VT0.25_4 VT0.25 4 3100 64132 51302 -12830
VT0.25_4 VT0.25 4 3200 62999 57518 -5481
VT0.25_4 VT0.25 4 3300 66842 52510 -14332
VT0.25_4 VT0.25 4 3400 60696 46725 -13971
VT0.25_4 VT0.25 4 3500 60297 42134 -18163
VT0.25_4 VT0.25 4 3600 64179 47860 -16319
VT0.25_4 VT0.25 4 3700 64943 46164 -18779
VT0.25_4 VT0.25 4 3800 57619 44150 -13469
VT0.25_4 VT0.25 4 3900 62840 42154 -20686
VT0.25_4 VT0.25 4 4000 70178 39750 -30428
VT0.25_4 VT0.25 4 4100 67299 35611 -31688
VT0.25_4 VT0.25 4 4200 60988 32471 -28517
VT0.25_4 VT0.25 4 4300 61586 27990 -33596
VT0.25_4 VT0.25 4 4400 58466 28056 -30410
VT0.25_4 VT0.25 4 4500 58457 28615 -29842
VT0.25_4 VT0.25 4 4600 63583 31337 -32246
VT0.25_4 VT0.25 4 4700 58654 31271 -27383
VT0.25_4 VT0.25 4 4800 56017 30939 -25078
VT0.25_4 VT0.25 4 4900 56788 30615 -26173
VT0.25_4 VT0.25 4 5000 66936 30721 -36215
VT0.25_4 VT0.25 4 5100 72025 33344 -38681
VT0.25_4 VT0.25 4 5200 70362 32001 -38361
VT0.25_4 VT0.25 4 5300 66200 36403 -29797
VT0.25_4 VT0.25 4 5400 60980 36798 -24182
VT0.25_4 VT0.25 4 5500 67104 35048 -32056
VT0.25_4 VT0.25 4 5600 61145 33597 -27548
VT0.25_4 VT0.25 4 5700 52474 35084 -17390
VT0.25_4 VT0.25 4 5800 54225 33569 -20656
VT0.25_4 VT0.25 4 5900 58860 31451 -27409
VT0.25_4 VT0.25 4 6000 55769 33945 -21824
VT0.25_4 VT0.25 4 6100 53269 32297 -20972
VT0.25_4 VT0.25 4 6200 52408 31363 -21045
VT0.25_4 VT0.25 4 6300 59030 27896 -31134
VT0.25_4 VT0.25 4 6400 72743 27719 -45024
VT0.25_4 VT0.25 4 6500 65348 30307 -35041
VT0.25_4 VT0.25 4 6600 63024 29330 -33694
VT0.25_4 VT0.25 4 6700 61571 28608 -32963
VT0.25_4 VT0.25 4 6800 59346 27884 -31462
VT0.25_4 VT0.25 4 6900 61866 28148 -33718
VT0.25_4 VT0.25 4 7000 57384 27574 -29810
VT0.25_4 VT0.25 4 7100 54261 25598 -28663
VT0.25_4 VT0.25 4 7200 59621 24427 -35194
VT0.25_4 VT0.25 4 7300 64280 23137 -41143
VT0.25_4 VT0.25 4 7400 55424 24231 -31193
VT0.25_4 VT0.25 4 7500 60833 25905 -34928
VT0.25_4 VT0.25 4 7600 51828 28416 -23412
VT0.25_4 VT0.25 4 7700 57346 29233 -28113
VT0.25_4 VT0.25 4 7800 55991 27678 -28313
VT0.25_4 VT0.25 4 7900 58616 26487 -32129
VT0.25_4 VT0.25 4 8000 60638 26605 -34033
VT0.25_4 VT0.25 4 8100 57011 25739 -31272
VT0.25_4 VT0.25 4 8200 56326 27925 -28401
VT0.25_4 VT0.25 4 8300 59014 28953 -30061
VT0.25_4 VT0.25 4 8400 54600 30673 -23927
VT0.25_4 VT0.25 4 8500 56737 29839 -26898
VT0.25_4 VT0.25 4 8600 54708 29510 -25198
VT0.25_4 VT0.25 4 8700 54861 28893 -25968
VT0.25_4 VT0.25 4 8800 58020 29311 -28709
VT0.25_4 VT0.25 4 8900 62738 31863 -30875
VT0.25_4 VT0.25 4 9000 58705 27777 -30928
VT0.25_4 VT0.25 4 9100 57321 28360 -28961
VT0.25_4 VT0.25 4 9200 55237 28315 -26922
VT0.25_4 VT0.25 4 9300 58553 28909 -29644
VT0.25_4 VT0.25 4 9400 58267 28900 -29367
VT0.25_4 VT0.25 4 9500 57667 26904 -30763
VT0.25_4 VT0.25 4 9600 54931 25699 -29232
VT0.25_4 VT0.25 4 9700 49596 24922 -24674
VT0.25_4 VT0.25 4 9800 54807 22813 -31994
VT0.25_4 VT0.25 4 9900 52828 22961 -29867
VT0.25_4 VT0.25 4 10000 56721 23572 -33149
VT0.25_5 VT0.25 5 0 0 0 0
VT0.25_5 VT0.25 5 100 53 1206 1153
VT0.25_5 VT0.25 5 200 413 10486 10073
VT0.25_5 VT0.25 5 300 649 19578 18929
VT0.25_5 VT0.25 5 400 836 27305 26469
VT0.25_5 VT0.25 5 500 1214 36207 34993
VT0.25_5 VT0.25 5 600 3224 48269 45045
VT0.25_5 VT0.25 5 700 35083 69257 34174
VT0.25_5 VT0.25 5 800 140618 77010 -63608
VT0.25_5 VT0.25 5 900 197155 65743 -131412
VT0.25_5 VT0.25 5 1000 194286 50642 -143644
VT0.25_5 VT0.25 5 1100 129534 38140 -91394
VT0.25_5 VT0.25 5 1200 89390 32935 -56455
VT0.25_5 VT0.25 5 1300 65581 29132 -36449
VT0.25_5 VT0.25 5 1400 61384 27243 -34141
VT0.25_5 VT0.25 5 1500 63991 25478 -38513
VT0.25_5 VT0.25 5 1600 57890 24673 -33217
VT0.25_5 VT0.25 5 1700 58232 23350 -34882
VT0.25_5 VT0.25 5 1800 60240 23812 -36428
VT0.25_5 VT0.25 5 1900 56673 24855 -31818
VT0.25_5 VT0.25 5 2000 57833 25018 -32815
VT0.25_5 VT0.25 5 2100 63081 25176 -37905
VT0.25_5 VT0.25 5 2200 57924 26333 -31591
VT0.25_5 VT0.25 5 2300 55561 31034 -24527
VT0.25_5 VT0.25 5 2400 57664 35427 -22237
VT0.25_5 VT0.25 5 2500 64592 37064 -27528
VT0.25_5 VT0.25 5 2600 64090 43352 -20738
VT0.25_5 VT0.25 5 2700 55783 48411 -7372
VT0.25_5 VT0.25 5 2800 56765 55627 -1138
VT0.25_5 VT0.25 5 2900 63199 56483 -6716
VT0.25_5 VT0.25 5 3000 63495 58052 -5443
VT0.25_5 VT0.25 5 3100 62890 64809 1919
VT0.25_5 VT0.25 5 3200 54220 71864 17644
VT0.25_5 VT0.25 5 3300 60331 66541 6210
VT0.25_5 VT0.25 5 3400 63304 67162 3858
VT0.25_5 VT0.25 5 3500 58933 69049 10116
VT0.25_5 VT0.25 5 3600 54106 72792 18686
VT0.25_5 VT0.25 5 3700 52540 76735 24195
VT0.25_5 VT0.25 5 3800 57800 83790 25990
VT0.25_5 VT0.25 5 3900 55402 97440 42038
VT0.25_5 VT0.25 5 4000 48610 105669 57059
VT0.25_5 VT0.25 5 4100 45206 127743 82537
VT0.25_5 VT0.25 5 4200 44413 124243 79830
VT0.25_5 VT0.25 5 4300 45458 134032 88574
VT0.25_5 VT0.25 5 4400 45751 129111 83360
VT0.25_5 VT0.25 5 4500 44770 129359 84589
VT0.25_5 VT0.25 5 4600 48219 127140 78921
VT0.25_5 VT0.25 5 4700 48996 122689 73693
VT0.25_5 VT0.25 5 4800 47406 120369 72963
VT0.25_5 VT0.25 5 4900 45859 126524 80665
VT0.25_5 VT0.25 5 5000 46008 122890 76882
VT0.25_5 VT0.25 5 5100 47474 122224 74750
VT0.25_5 VT0.25 5 5200 45820 124116 78296
VT0.25_5 VT0.25 5 5300 45970 128715 82745
VT0.25_5 VT0.25 5 5400 50200 130896 80696
VT0.25_5 VT0.25 5 5500 48720 130932 82212
VT0.25_5 VT0.25 5 5600 48252 136999 88747
VT0.25_5 VT0.25 5 5700 48024 133355 85331
VT0.25_5 VT0.25 5 5800 47044 117380 70336
VT0.25_5 VT0.25 5 5900 44646 113588 68942
VT0.25_5 VT0.25 5 6000 48199 114966 66767
VT0.25_5 VT0.25 5 6100 44527 116520 71993
VT0.25_5 VT0.25 5 6200 45352 120930 75578
VT0.25_5 VT0.25 5 6300 47644 124187 76543
VT0.25_5 VT0.25 5 6400 48305 134256 85951
VT0.25_5 VT0.25 5 6500 48317 151396 103079
VT0.25_5 VT0.25 5 6600 46333 147455 101122
VT0.25_5 VT0.25 5 6700 51725 139140 87415
VT0.25_5 VT0.25 5 6800 48052 138573 90521
VT0.25_5 VT0.25 5 6900 48811 135279 86468
VT0.25_5 VT0.25 5 7000 50815 136082 85267
VT0.25_5 VT0.25 5 7100 49097 152315 103218
VT0.25_5 VT0.25 5 7200 48427 143542 95115
VT0.25_5 VT0.25 5 7300 51233 134681 83448
VT0.25_5 VT0.25 5 7400 48011 126451 78440
VT0.25_5 VT0.25 5 7500 49529 117991 68462
VT0.25_5 VT0.25 5 7600 44869 128168 83299
VT0.25_5 VT0.25 5 7700 47516 120634 73118
VT0.25_5 VT0.25 5 7800 50327 104228 53901
VT0.25_5 VT0.25 5 7900 51979 111372 59393
VT0.25_5 VT0.25 5 8000 60428 108852 48424
VT0.25_5 VT0.25 5 8100 54737 116585 61848
VT0.25_5 VT0.25 5 8200 52342 130028 77686
VT0.25_5 VT0.25 5 8300 50339 142350 92011
VT0.25_5 VT0.25 5 8400 51031 146350 95319
VT0.25_5 VT0.25 5 8500 47988 147105 99117
VT0.25_5 VT0.25 5 8600 54701 144737 90036
VT0.25_5 VT0.25 5 8700 45129 149327 104198
VT0.25_5 VT0.25 5 8800 43040 145422 102382
VT0.25_5 VT0.25 5 8900 45620 136288 90668
VT0.25_5 VT0.25 5 9000 47187 133847 86660
VT0.25_5 VT0.25 5 9100 46058 132300 86242
VT0.25_5 VT0.25 5 9200 46966 128859 81893
VT0.25_5 VT0.25 5 9300 47875 131072 83197
VT0.25_5 VT0.25 5 9400 54540 126202 71662
VT0.25_5 VT0.25 5 9500 49772 136496 86724
VT0.25_5 VT0.25 5 9600 48054 147179 99125
VT0.25_5 VT0.25 5 9700 51251 143523 92272
VT0.25_5 VT0.25 5 9800 50278 131353 81075
VT0.25_5 VT0.25 5 9900 53518 120799 67281
VT0.25_5 VT0.25 5 10000 52899 119129 66230
VT0.25_6 VT0.25 6 0 0 0 0
VT0.25_6 VT0.25 6 100 54 1282 1228
VT0.25_6 VT0.25 6 200 368 10820 10452
VT0.25_6 VT0.25 6 300 525 20044 19519
VT0.25_6 VT0.25 6 400 775 27527 26752
VT0.25_6 VT0.25 6 500 948 31333 30385
VT0.25_6 VT0.25 6 600 472 13297 12825
VT0.25_6 VT0.25 6 700 164 4875 4711
VT0.25_6 VT0.25 6 800 6301 57169 50868
VT0.25_6 VT0.25 6 900 15852 88925 73073
VT0.25_6 VT0.25 6 1000 34789 70749 35960
VT0.25_6 VT0.25 6 1100 68927 27967 -40960
VT0.25_6 VT0.25 6 1200 58835 23442 -35393
VT0.25_6 VT0.25 6 1300 54362 24530 -29832
VT0.25_6 VT0.25 6 1400 56395 31882 -24513
VT0.25_6 VT0.25 6 1500 57445 35415 -22030
VT0.25_6 VT0.25 6 1600 59975 50308 -9667
VT0.25_6 VT0.25 6 1700 54202 57676 3474
VT0.25_6 VT0.25 6 1800 53320 61054 7734
VT0.25_6 VT0.25 6 1900 54093 62746 8653
VT0.25_6 VT0.25 6 2000 57184 64893 7709
VT0.25_6 VT0.25 6 2100 63987 60926 -3061
VT0.25_6 VT0.25 6 2200 65060 62712 -2348
VT0.25_6 VT0.25 6 2300 65493 71208 5715
VT0.25_6 VT0.25 6 2400 71077 83040 11963
VT0.25_6 VT0.25 6 2500 68671 95832 27161
VT0.25_6 VT0.25 6 2600 70955 102519 31564
VT0.25_6 VT0.25 6 2700 62096 100107 38011
VT0.25_6 VT0.25 6 2800 62512 92154 29642
VT0.25_6 VT0.25 6 2900 59173 98969 39796
VT0.25_6 VT0.25 6 3000 54873 109934 55061
VT0.25_6 VT0.25 6 3100 56306 108586 52280
VT0.25_6 VT0.25 6 3200 56385 97809 41424
VT0.25_6 VT0.25 6 3300 61063 92248 31185
VT0.25_6 VT0.25 6 3400 66882 87333 20451
VT0.25_6 VT0.25 6 3500 63755 97061 33306
VT0.25_6 VT0.25 6 3600 64871 96007 31136
VT0.25_6 VT0.25 6 3700 60750 114417 53667
VT0.25_6 VT0.25 6 3800 53318 137244 83926
VT0.25_6 VT0.25 6 3900 53123 151262 98139
VT0.25_6 VT0.25 6 4000 59851 150438 90587
VT0.25_6 VT0.25 6 4100 57546 142601 85055
VT0.25_6 VT0.25 6 4200 57768 136258 78490
VT0.25_6 VT0.25 6 4300 56001 133291 77290
VT0.25_6 VT0.25 6 4400 57167 133461 76294
VT0.25_6 VT0.25 6 4500 55986 133952 77966
VT0.25_6 VT0.25 6 4600 51780 139500 87720
VT0.25_6 VT0.25 6 4700 54964 142513 87549
VT0.25_6 VT0.25 6 4800 58243 141743 83500
VT0.25_6 VT0.25 6 4900 62743 138225 75482
VT0.25_6 VT0.25 6 5000 61375 144711 83336
VT0.25_6 VT0.25 6 5100 63735 139166 75431
VT0.25_6 VT0.25 6 5200 63205 136207 73002
VT0.25_6 VT0.25 6 5300 59044 125592 66548
VT0.25_6 VT0.25 6 5400 56689 121352 64663
VT0.25_6 VT0.25 6 5500 55370 117162 61792
VT0.25_6 VT0.25 6 5600 58375 116799 58424
VT0.25_6 VT0.25 6 5700 53269 126159 72890
VT0.25_6 VT0.25 6 5800 51136 142963 91827
VT0.25_6 VT0.25 6 5900 53299 154643 101344
VT0.25_6 VT0.25 6 6000 56820 149656 92836
VT0.25_6 VT0.25 6 6100 49623 141920 92297
VT0.25_6 VT0.25 6 6200 56611 134292 77681
VT0.25_6 VT0.25 6 6300 62224 128960 66736
VT0.25_6 VT0.25 6 6400 58945 116374 57429
VT0.25_6 VT0.25 6 6500 51779 112911 61132
VT0.25_6 VT0.25 6 6600 54167 121674 67507
VT0.25_6 VT0.25 6 6700 56459 135803 79344
VT0.25_6 VT0.25 6 6800 50848 133606 82758
VT0.25_6 VT0.25 6 6900 57140 129007 71867
VT0.25_6 VT0.25 6 7000 54272 144087 89815
VT0.25_6 VT0.25 6 7100 56942 137165 80223
VT0.25_6 VT0.25 6 7200 55513 144849 89336
VT0.25_6 VT0.25 6 7300 54852 138682 83830
VT0.25_6 VT0.25 6 7400 55790 134947 79157
VT0.25_6 VT0.25 6 7500 55375 131120 75745
VT0.25_6 VT0.25 6 7600 54615 113037 58422
VT0.25_6 VT0.25 6 7700 60883 103851 42968
VT0.25_6 VT0.25 6 7800 54773 110965 56192
VT0.25_6 VT0.25 6 7900 54960 110183 55223
VT0.25_6 VT0.25 6 8000 54876 118713 63837
VT0.25_6 VT0.25 6 8100 53613 128323 74710
VT0.25_6 VT0.25 6 8200 60605 131389 70784
VT0.25_6 VT0.25 6 8300 54117 137286 83169
VT0.25_6 VT0.25 6 8400 53888 136047 82159
VT0.25_6 VT0.25 6 8500 54174 125898 71724
VT0.25_6 VT0.25 6 8600 49167 129567 80400
VT0.25_6 VT0.25 6 8700 53249 133825 80576
VT0.25_6 VT0.25 6 8800 53768 141004 87236
VT0.25_6 VT0.25 6 8900 51159 151145 99986
VT0.25_6 VT0.25 6 9000 52325 147143 94818
VT0.25_6 VT0.25 6 9100 52847 151920 99073
VT0.25_6 VT0.25 6 9200 49724 142142 92418
VT0.25_6 VT0.25 6 9300 52679 133215 80536
VT0.25_6 VT0.25 6 9400 51266 124262 72996
VT0.25_6 VT0.25 6 9500 51252 124508 73256
VT0.25_6 VT0.25 6 9600 52760 126230 73470
VT0.25_6 VT0.25 6 9700 57583 137750 80167
VT0.25_6 VT0.25 6 9800 55600 131569 75969
VT0.25_6 VT0.25 6 9900 54975 132810 77835
VT0.25_6 VT0.25 6 10000 52191 135915 83724
VT0.25_7 VT0.25 7 0 0 0 0
VT0.25_7 VT0.25 7 100 54 1210 1156
VT0.25_7 VT0.25 7 200 407 11060 10653
VT0.25_7 VT0.25 7 300 661 19973 19312
VT0.25_7 VT0.25 7 400 860 27012 26152
VT0.25_7 VT0.25 7 500 1031 35075 34044
VT0.25_7 VT0.25 7 600 1241 33474 32233
VT0.25_7 VT0.25 7 700 43557 131690 88133
VT0.25_7 VT0.25 7 800 192602 146424 -46178
VT0.25_7 VT0.25 7 900 298011 93838 -204173
VT0.25_7 VT0.25 7 1000 237335 57404 -179931
VT0.25_7 VT0.25 7 1100 112692 35522 -77170
VT0.25_7 VT0.25 7 1200 69350 36104 -33246
VT0.25_7 VT0.25 7 1300 57731 49086 -8645
VT0.25_7 VT0.25 7 1400 55321 55998 677
VT0.25_7 VT0.25 7 1500 64641 53563 -11078
VT0.25_7 VT0.25 7 1600 55675 57131 1456
VT0.25_7 VT0.25 7 1700 57401 64524 7123
VT0.25_7 VT0.25 7 1800 62284 70100 7816
VT0.25_7 VT0.25 7 1900 54981 68644 13663
VT0.25_7 VT0.25 7 2000 54144 76241 22097
VT0.25_7 VT0.25 7 2100 55471 74181 18710
VT0.25_7 VT0.25 7 2200 58552 73188 14636
VT0.25_7 VT0.25 7 2300 57256 90240 32984
VT0.25_7 VT0.25 7 2400 58285 105582 47297
VT0.25_7 VT0.25 7 2500 56188 114158 57970
VT0.25_7 VT0.25 7 2600 58898 124725 65827
VT0.25_7 VT0.25 7 2700 60378 107021 46643
VT0.25_7 VT0.25 7 2800 63227 109060 45833
VT0.25_7 VT0.25 7 2900 60085 129467 69382
VT0.25_7 VT0.25 7 3000 56629 131555 74926
VT0.25_7 VT0.25 7 3100 63505 111261 47756
VT0.25_7 VT0.25 7 3200 66788 118810 52022
VT0.25_7 VT0.25 7 3300 55432 132778 77346
VT0.25_7 VT0.25 7 3400 61271 148732 87461
VT0.25_7 VT0.25 7 3500 62064 156268 94204
VT0.25_7 VT0.25 7 3600 55980 159264 103284
VT0.25_7 VT0.25 7 3700 57896 139878 81982
VT0.25_7 VT0.25 7 3800 53715 133446 79731
VT0.25_7 VT0.25 7 3900 46401 97993 51592
VT0.25_7 VT0.25 7 4000 41558 55695 14137
VT0.25_7 VT0.25 7 4100 37835 48479 10644
VT0.25_7 VT0.25 7 4200 34204 43632 9428
VT0.25_7 VT0.25 7 4300 33956 35624 1668
VT0.25_7 VT0.25 7 4400 33913 32287 -1626
VT0.25_7 VT0.25 7 4500 32205 29332 -2873
VT0.25_7 VT0.25 7 4600 31561 28509 -3052
VT0.25_7 VT0.25 7 4700 31909 28365 -3544
VT0.25_7 VT0.25 7 4800 32758 29476 -3282
VT0.25_7 VT0.25 7 4900 31444 27235 -4209
VT0.25_7 VT0.25 7 5000 30390 25958 -4432
VT0.25_7 VT0.25 7 5100 29043 24758 -4285
VT0.25_7 VT0.25 7 5200 28660 24867 -3793
VT0.25_7 VT0.25 7 5300 27614 25487 -2127
VT0.25_7 VT0.25 7 5400 26999 25013 -1986
VT0.25_7 VT0.25 7 5500 27099 24796 -2303
VT0.25_7 VT0.25 7 5600 27669 24434 -3235
VT0.25_7 VT0.25 7 5700 27376 22546 -4830
VT0.25_7 VT0.25 7 5800 27506 22605 -4901
VT0.25_7 VT0.25 7 5900 27750 22116 -5634
VT0.25_7 VT0.25 7 6000 28866 22438 -6428
VT0.25_7 VT0.25 7 6100 29318 23932 -5386
VT0.25_7 VT0.25 7 6200 29575 23341 -6234
VT0.25_7 VT0.25 7 6300 29404 23695 -5709
VT0.25_7 VT0.25 7 6400 29653 22719 -6934
VT0.25_7 VT0.25 7 6500 29955 22133 -7822
VT0.25_7 VT0.25 7 6600 30693 22516 -8177
VT0.25_7 VT0.25 7 6700 29213 23292 -5921
VT0.25_7 VT0.25 7 6800 27973 22997 -4976
VT0.25_7 VT0.25 7 6900 28683 23353 -5330
VT0.25_7 VT0.25 7 7000 28920 23245 -5675
VT0.25_7 VT0.25 7 7100 28851 22553 -6298
VT0.25_7 VT0.25 7 7200 27551 21560 -5991
VT0.25_7 VT0.25 7 7300 28063 22328 -5735
VT0.25_7 VT0.25 7 7400 26696 21581 -5115
VT0.25_7 VT0.25 7 7500 26567 21781 -4786
VT0.25_7 VT0.25 7 7600 25754 22525 -3229
VT0.25_7 VT0.25 7 7700 25364 22636 -2728
VT0.25_7 VT0.25 7 7800 25588 22284 -3304
VT0.25_7 VT0.25 7 7900 26319 21526 -4793
VT0.25_7 VT0.25 7 8000 27183 22083 -5100
VT0.25_7 VT0.25 7 8100 25054 21113 -3941
VT0.25_7 VT0.25 7 8200 26056 21507 -4549
VT0.25_7 VT0.25 7 8300 27753 22455 -5298
VT0.25_7 VT0.25 7 8400 27585 24353 -3232
VT0.25_7 VT0.25 7 8500 28768 25380 -3388
VT0.25_7 VT0.25 7 8600 27793 23683 -4110
VT0.25_7 VT0.25 7 8700 26302 23366 -2936
VT0.25_7 VT0.25 7 8800 26659 22409 -4250
VT0.25_7 VT0.25 7 8900 27993 23275 -4718
VT0.25_7 VT0.25 7 9000 27320 22938 -4382
VT0.25_7 VT0.25 7 9100 26361 23117 -3244
VT0.25_7 VT0.25 7 9200 27385 22507 -4878
VT0.25_7 VT0.25 7 9300 27579 22708 -4871
VT0.25_7 VT0.25 7 9400 27809 22744 -5065
VT0.25_7 VT0.25 7 9500 27916 24662 -3254
VT0.25_7 VT0.25 7 9600 28022 24396 -3626
VT0.25_7 VT0.25 7 9700 28268 22746 -5522
VT0.25_7 VT0.25 7 9800 27857 21939 -5918
VT0.25_7 VT0.25 7 9900 27569 22011 -5558
VT0.25_7 VT0.25 7 10000 26908 21818 -5090
VT0.25_8 VT0.25 8 0 0 0 0
VT0.25_8 VT0.25 8 100 77 1270 1193
VT0.25_8 VT0.25 8 200 484 10545 10061
VT0.25_8 VT0.25 8 300 756 19546 18790
VT0.25_8 VT0.25 8 400 960 26725 25765
VT0.25_8 VT0.25 8 500 1353 36213 34860
VT0.25_8 VT0.25 8 600 3964 47183 43219
VT0.25_8 VT0.25 8 700 30694 61077 30383
VT0.25_8 VT0.25 8 800 142822 56999 -85823
VT0.25_8 VT0.25 8 900 257288 45166 -212122
VT0.25_8 VT0.25 8 1000 188447 38914 -149533
VT0.25_8 VT0.25 8 1100 91545 33873 -57672
VT0.25_8 VT0.25 8 1200 54797 31987 -22810
VT0.25_8 VT0.25 8 1300 52708 30420 -22288
VT0.25_8 VT0.25 8 1400 56757 27818 -28939
VT0.25_8 VT0.25 8 1500 57190 27777 -29413
VT0.25_8 VT0.25 8 1600 50364 27826 -22538
VT0.25_8 VT0.25 8 1700 52309 33482 -18827
VT0.25_8 VT0.25 8 1800 53690 37234 -16456
VT0.25_8 VT0.25 8 1900 60041 34730 -25311
VT0.25_8 VT0.25 8 2000 54713 37186 -17527
VT0.25_8 VT0.25 8 2100 55796 46541 -9255
VT0.25_8 VT0.25 8 2200 57680 55542 -2138
VT0.25_8 VT0.25 8 2300 62790 59291 -3499
VT0.25_8 VT0.25 8 2400 62827 60677 -2150
VT0.25_8 VT0.25 8 2500 59062 52266 -6796
VT0.25_8 VT0.25 8 2600 54294 56575 2281
VT0.25_8 VT0.25 8 2700 59859 62226 2367
VT0.25_8 VT0.25 8 2800 64558 58632 -5926
VT0.25_8 VT0.25 8 2900 60255 54775 -5480
VT0.25_8 VT0.25 8 3000 59614 55436 -4178
VT0.25_8 VT0.25 8 3100 58468 58938 470
VT0.25_8 VT0.25 8 3200 62562 60917 -1645
VT0.25_8 VT0.25 8 3300 58051 65127 7076
VT0.25_8 VT0.25 8 3400 59685 70535 10850
VT0.25_8 VT0.25 8 3500 49761 66000 16239
VT0.25_8 VT0.25 8 3600 49396 58882 9486
VT0.25_8 VT0.25 8 3700 53538 65055 11517
VT0.25_8 VT0.25 8 3800 56842 59009 2167
VT0.25_8 VT0.25 8 3900 55955 59574 3619
VT0.25_8 VT0.25 8 4000 52226 53490 1264
VT0.25_8 VT0.25 8 4100 54789 45405 -9384
VT0.25_8 VT0.25 8 4200 55827 42623 -13204
VT0.25_8 VT0.25 8 4300 57678 40988 -16690
VT0.25_8 VT0.25 8 4400 57476 34249 -23227
VT0.25_8 VT0.25 8 4500 61161 30802 -30359
VT0.25_8 VT0.25 8 4600 54605 25522 -29083
VT0.25_8 VT0.25 8 4700 57489 26721 -30768
VT0.25_8 VT0.25 8 4800 56570 25798 -30772
VT0.25_8 VT0.25 8 4900 60997 28617 -32380
VT0.25_8 VT0.25 8 5000 54295 26607 -27688
VT0.25_8 VT0.25 8 5100 55120 24722 -30398
VT0.25_8 VT0.25 8 5200 57379 23061 -34318
VT0.25_8 VT0.25 8 5300 53274 25740 -27534
VT0.25_8 VT0.25 8 5400 57305 25389 -31916
VT0.25_8 VT0.25 8 5500 55073 26783 -28290
VT0.25_8 VT0.25 8 5600 53543 26496 -27047
VT0.25_8 VT0.25 8 5700 56105 25968 -30137
VT0.25_8 VT0.25 8 5800 52460 26749 -25711
VT0.25_8 VT0.25 8 5900 55334 26336 -28998
VT0.25_8 VT0.25 8 6000 53538 27544 -25994
VT0.25_8 VT0.25 8 6100 49450 28354 -21096
VT0.25_8 VT0.25 8 6200 52528 28171 -24357
VT0.25_8 VT0.25 8 6300 52506 25663 -26843
VT0.25_8 VT0.25 8 6400 54779 25479 -29300
VT0.25_8 VT0.25 8 6500 62121 28121 -34000
VT0.25_8 VT0.25 8 6600 55694 31431 -24263
VT0.25_8 VT0.25 8 6700 62182 30529 -31653
VT0.25_8 VT0.25 8 6800 62654 28206 -34448
VT0.25_8 VT0.25 8 6900 57965 27167 -30798
VT0.25_8 VT0.25 8 7000 55661 27913 -27748
VT0.25_8 VT0.25 8 7100 61345 28487 -32858
VT0.25_8 VT0.25 8 7200 57571 27975 -29596
VT0.25_8 VT0.25 8 7300 56819 27494 -29325
VT0.25_8 VT0.25 8 7400 54544 25838 -28706
VT0.25_8 VT0.25 8 7500 50247 24470 -25777
VT0.25_8 VT0.25 8 7600 55885 25868 -30017
VT0.25_8 VT0.25 8 7700 52139 28772 -23367
VT0.25_8 VT0.25 8 7800 50242 27523 -22719
VT0.25_8 VT0.25 8 7900 50601 25902 -24699
VT0.25_8 VT0.25 8 8000 59203 24509 -34694
VT0.25_8 VT0.25 8 8100 55839 25275 -30564
VT0.25_8 VT0.25 8 8200 53359 25721 -27638
VT0.25_8 VT0.25 8 8300 52942 26157 -26785
VT0.25_8 VT0.25 8 8400 51582 24959 -26623
VT0.25_8 VT0.25 8 8500 56802 24820 -31982
VT0.25_8 VT0.25 8 8600 52531 25399 -27132
VT0.25_8 VT0.25 8 8700 52091 26278 -25813
VT0.25_8 VT0.25 8 8800 56883 27607 -29276
VT0.25_8 VT0.25 8 8900 60466 25715 -34751
VT0.25_8 VT0.25 8 9000 62134 25821 -36313
VT0.25_8 VT0.25 8 9100 59602 26527 -33075
VT0.25_8 VT0.25 8 9200 58252 26697 -31555
VT0.25_8 VT0.25 8 9300 57186 27152 -30034
VT0.25_8 VT0.25 8 9400 57766 27528 -30238
VT0.25_8 VT0.25 8 9500 57083 28598 -28485
VT0.25_8 VT0.25 8 9600 51850 29458 -22392
VT0.25_8 VT0.25 8 9700 55333 28491 -26842
VT0.25_8 VT0.25 8 9800 53367 26644 -26723
VT0.25_8 VT0.25 8 9900 59732 27673 -32059
VT0.25_8 VT0.25 8 10000 55615 28091 -27524
VT0.25_9 VT0.25 9 0 0 0 0
VT0.25_9 VT0.25 9 100 73 1172 1099
VT0.25_9 VT0.25 9 200 479 10511 10032
VT0.25_9 VT0.25 9 300 692 19650 18958
VT0.25_9 VT0.25 9 400 895 26786 25891
VT0.25_9 VT0.25 9 500 942 30328 29386
VT0.25_9 VT0.25 9 600 2362 26528 24166
VT0.25_9 VT0.25 9 700 12300 52704 40404
VT0.25_9 VT0.25 9 800 18256 63342 45086
VT0.25_9 VT0.25 9 900 30772 75417 44645
VT0.25_9 VT0.25 9 1000 44279 72444 28165
VT0.25_9 VT0.25 9 1100 47989 66140 18151
VT0.25_9 VT0.25 9 1200 53564 58267 4703
VT0.25_9 VT0.25 9 1300 70588 55696 -14892
VT0.25_9 VT0.25 9 1400 88458 61313 -27145
VT0.25_9 VT0.25 9 1500 106658 65021 -41637
VT0.25_9 VT0.25 9 1600 120753 72897 -47856
VT0.25_9 VT0.25 9 1700 116972 91076 -25896
VT0.25_9 VT0.25 9 1800 111247 96806 -14441
VT0.25_9 VT0.25 9 1900 103229 100861 -2368
VT0.25_9 VT0.25 9 2000 85350 103160 17810
VT0.25_9 VT0.25 9 2100 71721 99168 27447
VT0.25_9 VT0.25 9 2200 61578 94394 32816
VT0.25_9 VT0.25 9 2300 60943 74760 13817
VT0.25_9 VT0.25 9 2400 65580 61977 -3603
VT0.25_9 VT0.25 9 2500 63278 52864 -10414
VT0.25_9 VT0.25 9 2600 63365 43027 -20338
VT0.25_9 VT0.25 9 2700 62838 36967 -25871
VT0.25_9 VT0.25 9 2800 55398 29320 -26078
VT0.25_9 VT0.25 9 2900 58842 27630 -31212
VT0.25_9 VT0.25 9 3000 64255 30477 -33778
VT0.25_9 VT0.25 9 3100 64232 33578 -30654
VT0.25_9 VT0.25 9 3200 57149 36177 -20972
VT0.25_9 VT0.25 9 3300 56351 33615 -22736
VT0.25_9 VT0.25 9 3400 59381 36716 -22665
VT0.25_9 VT0.25 9 3500 58288 34930 -23358
VT0.25_9 VT0.25 9 3600 59527 39168 -20359
VT0.25_9 VT0.25 9 3700 55928 48644 -7284
VT0.25_9 VT0.25 9 3800 56114 54694 -1420
VT0.25_9 VT0.25 9 3900 51627 58984 7357
VT0.25_9 VT0.25 9 4000 52163 60474 8311
VT0.25_9 VT0.25 9 4100 56055 50877 -5178
VT0.25_9 VT0.25 9 4200 50658 46749 -3909
VT0.25_9 VT0.25 9 4300 53238 58319 5081
VT0.25_9 VT0.25 9 4400 56187 71738 15551
VT0.25_9 VT0.25 9 4500 52543 88046 35503
VT0.25_9 VT0.25 9 4600 49631 105770 56139
VT0.25_9 VT0.25 9 4700 50704 99593 48889
VT0.25_9 VT0.25 9 4800 50887 107515 56628
VT0.25_9 VT0.25 9 4900 51728 122607 70879
VT0.25_9 VT0.25 9 5000 50805 136296 85491
VT0.25_9 VT0.25 9 5100 52330 138548 86218
VT0.25_9 VT0.25 9 5200 52669 136404 83735
VT0.25_9 VT0.25 9 5300 54187 135490 81303
VT0.25_9 VT0.25 9 5400 51408 135580 84172
VT0.25_9 VT0.25 9 5500 50977 136937 85960
VT0.25_9 VT0.25 9 5600 52240 139228 86988
VT0.25_9 VT0.25 9 5700 52563 157897 105334
VT0.25_9 VT0.25 9 5800 55133 155268 100135
VT0.25_9 VT0.25 9 5900 50456 157581 107125
VT0.25_9 VT0.25 9 6000 48011 142754 94743
VT0.25_9 VT0.25 9 6100 49415 122694 73279
VT0.25_9 VT0.25 9 6200 52314 124416 72102
VT0.25_9 VT0.25 9 6300 50071 129061 78990
VT0.25_9 VT0.25 9 6400 54539 123813 69274
VT0.25_9 VT0.25 9 6500 52002 130374 78372
VT0.25_9 VT0.25 9 6600 56433 125049 68616
VT0.25_9 VT0.25 9 6700 64713 126224 61511
VT0.25_9 VT0.25 9 6800 56887 143046 86159
VT0.25_9 VT0.25 9 6900 51853 147744 95891
VT0.25_9 VT0.25 9 7000 54304 142178 87874
VT0.25_9 VT0.25 9 7100 50818 128969 78151
VT0.25_9 VT0.25 9 7200 50875 125299 74424
VT0.25_9 VT0.25 9 7300 53417 127576 74159
VT0.25_9 VT0.25 9 7400 51284 117158 65874
VT0.25_9 VT0.25 9 7500 49254 105629 56375
VT0.25_9 VT0.25 9 7600 51681 116053 64372
VT0.25_9 VT0.25 9 7700 47913 116310 68397
VT0.25_9 VT0.25 9 7800 47782 143338 95556
VT0.25_9 VT0.25 9 7900 50114 150678 100564
VT0.25_9 VT0.25 9 8000 46304 143880 97576
VT0.25_9 VT0.25 9 8100 46624 147927 101303
VT0.25_9 VT0.25 9 8200 49783 147276 97493
VT0.25_9 VT0.25 9 8300 48535 141202 92667
VT0.25_9 VT0.25 9 8400 48573 141417 92844
VT0.25_9 VT0.25 9 8500 52643 138972 86329
VT0.25_9 VT0.25 9 8600 51329 141715 90386
VT0.25_9 VT0.25 9 8700 47180 133204 86024
VT0.25_9 VT0.25 9 8800 51921 134818 82897
VT0.25_9 VT0.25 9 8900 52231 126122 73891
VT0.25_9 VT0.25 9 9000 48043 117776 69733
VT0.25_9 VT0.25 9 9100 51199 123289 72090
VT0.25_9 VT0.25 9 9200 52163 115322 63159
VT0.25_9 VT0.25 9 9300 51791 124546 72755
VT0.25_9 VT0.25 9 9400 47079 130937 83858
VT0.25_9 VT0.25 9 9500 50321 122702 72381
VT0.25_9 VT0.25 9 9600 52189 115487 63298
VT0.25_9 VT0.25 9 9700 49210 123801 74591
VT0.25_9 VT0.25 9 9800 52431 134613 82182
VT0.25_9 VT0.25 9 9900 46029 134651 88622
VT0.25_9 VT0.25 9 10000 46606 132951 86345
VT0.25_10 VT0.25 10 0 0 0 0
VT0.25_10 VT0.25 10 100 59 1206 1147
VT0.25_10 VT0.25 10 200 419 10521 10102
VT0.25_10 VT0.25 10 300 661 19973 19312
VT0.25_10 VT0.25 10 400 834 27276 26442
VT0.25_10 VT0.25 10 500 1026 35771 34745
VT0.25_10 VT0.25 10 600 1198 41813 40615
VT0.25_10 VT0.25 10 700 1767 47827 46060
VT0.25_10 VT0.25 10 800 6875 75470 68595
VT0.25_10 VT0.25 10 900 14721 88577 73856
VT0.25_10 VT0.25 10 1000 28457 87341 58884
VT0.25_10 VT0.25 10 1100 61947 77374 15427
VT0.25_10 VT0.25 10 1200 102001 75665 -26336
VT0.25_10 VT0.25 10 1300 126466 74901 -51565
VT0.25_10 VT0.25 10 1400 167718 72773 -94945
VT0.25_10 VT0.25 10 1500 181734 69153 -112581
VT0.25_10 VT0.25 10 1600 187281 62400 -124881
VT0.25_10 VT0.25 10 1700 182195 62420 -119775
VT0.25_10 VT0.25 10 1800 165873 69285 -96588
VT0.25_10 VT0.25 10 1900 115748 59648 -56100
VT0.25_10 VT0.25 10 2000 63508 45546 -17962
VT0.25_10 VT0.25 10 2100 56055 37423 -18632
VT0.25_10 VT0.25 10 2200 58190 32578 -25612
VT0.25_10 VT0.25 10 2300 59167 32316 -26851
VT0.25_10 VT0.25 10 2400 59830 29117 -30713
VT0.25_10 VT0.25 10 2500 50750 29343 -21407
VT0.25_10 VT0.25 10 2600 61346 30374 -30972
VT0.25_10 VT0.25 10 2700 59195 29870 -29325
VT0.25_10 VT0.25 10 2800 59767 28731 -31036
VT0.25_10 VT0.25 10 2900 60172 27282 -32890
VT0.25_10 VT0.25 10 3000 59080 25624 -33456
VT0.25_10 VT0.25 10 3100 58172 24305 -33867
VT0.25_10 VT0.25 10 3200 56166 25813 -30353
VT0.25_10 VT0.25 10 3300 58506 28479 -30027
VT0.25_10 VT0.25 10 3400 61838 28701 -33137
VT0.25_10 VT0.25 10 3500 59058 30447 -28611
VT0.25_10 VT0.25 10 3600 57790 29748 -28042
VT0.25_10 VT0.25 10 3700 58903 32066 -26837
VT0.25_10 VT0.25 10 3800 55542 29073 -26469
VT0.25_10 VT0.25 10 3900 54078 27860 -26218
VT0.25_10 VT0.25 10 4000 59753 28698 -31055
VT0.25_10 VT0.25 10 4100 59625 26362 -33263
VT0.25_10 VT0.25 10 4200 59817 26997 -32820
VT0.25_10 VT0.25 10 4300 65954 26658 -39296
VT0.25_10 VT0.25 10 4400 63470 26422 -37048
VT0.25_10 VT0.25 10 4500 63624 25394 -38230
VT0.25_10 VT0.25 10 4600 64420 27733 -36687
VT0.25_10 VT0.25 10 4700 66344 26706 -39638
VT0.25_10 VT0.25 10 4800 61412 27573 -33839
VT0.25_10 VT0.25 10 4900 61857 30230 -31627
VT0.25_10 VT0.25 10 5000 64141 32243 -31898
VT0.25_10 VT0.25 10 5100 62400 30795 -31605
VT0.25_10 VT0.25 10 5200 58322 29121 -29201
VT0.25_10 VT0.25 10 5300 63204 29377 -33827
VT0.25_10 VT0.25 10 5400 63883 30038 -33845
VT0.25_10 VT0.25 10 5500 67625 28073 -39552
VT0.25_10 VT0.25 10 5600 63339 27716 -35623
VT0.25_10 VT0.25 10 5700 61920 27517 -34403
VT0.25_10 VT0.25 10 5800 59877 30132 -29745
VT0.25_10 VT0.25 10 5900 58126 30950 -27176
VT0.25_10 VT0.25 10 6000 58826 27221 -31605
VT0.25_10 VT0.25 10 6100 64418 29517 -34901
VT0.25_10 VT0.25 10 6200 64213 29810 -34403
VT0.25_10 VT0.25 10 6300 66424 25816 -40608
VT0.25_10 VT0.25 10 6400 63827 24942 -38885
VT0.25_10 VT0.25 10 6500 57517 25442 -32075
VT0.25_10 VT0.25 10 6600 60224 30210 -30014
VT0.25_10 VT0.25 10 6700 59888 28990 -30898
VT0.25_10 VT0.25 10 6800 65381 26870 -38511
VT0.25_10 VT0.25 10 6900 63679 26649 -37030
VT0.25_10 VT0.25 10 7000 61261 27411 -33850
VT0.25_10 VT0.25 10 7100 57197 28907 -28290
VT0.25_10 VT0.25 10 7200 58007 30110 -27897
VT0.25_10 VT0.25 10 7300 63513 29719 -33794
VT0.25_10 VT0.25 10 7400 59151 28873 -30278
VT0.25_10 VT0.25 10 7500 61231 28907 -32324
VT0.25_10 VT0.25 10 7600 66877 29258 -37619
VT0.25_10 VT0.25 10 7700 62438 27239 -35199
VT0.25_10 VT0.25 10 7800 61521 29075 -32446
VT0.25_10 VT0.25 10 7900 54084 29833 -24251
VT0.25_10 VT0.25 10 8000 60411 28819 -31592
VT0.25_10 VT0.25 10 8100 57909 27636 -30273
VT0.25_10 VT0.25 10 8200 61422 27943 -33479
VT0.25_10 VT0.25 10 8300 61662 26711 -34951
VT0.25_10 VT0.25 10 8400 65408 26743 -38665
VT0.25_10 VT0.25 10 8500 61591 24476 -37115
VT0.25_10 VT0.25 10 8600 62895 25540 -37355
VT0.25_10 VT0.25 10 8700 65274 27221 -38053
VT0.25_10 VT0.25 10 8800 63265 27806 -35459
VT0.25_10 VT0.25 10 8900 61854 29415 -32439
VT0.25_10 VT0.25 10 9000 58383 28388 -29995
VT0.25_10 VT0.25 10 9100 60083 27869 -32214
VT0.25_10 VT0.25 10 9200 58074 26565 -31509
VT0.25_10 VT0.25 10 9300 54853 26760 -28093
VT0.25_10 VT0.25 10 9400 65100 28275 -36825
VT0.25_10 VT0.25 10 9500 62749 28259 -34490
VT0.25_10 VT0.25 10 9600 59648 27734 -31914
VT0.25_10 VT0.25 10 9700 58229 27048 -31181
VT0.25_10 VT0.25 10 9800 56395 27561 -28834
VT0.25_10 VT0.25 10 9900 58680 26454 -32226
VT0.25_10 VT0.25 10 10000 57398 27043 -30355
VT0.5_1 VT0.5 1 0 0 0 0
VT0.5_1 VT0.5 1 100 78 1563 1485
VT0.5_1 VT0.5 1 200 532 11245 10713
VT0.5_1 VT0.5 1 300 852 20612 19760
VT0.5_1 VT0.5 1 400 1030 28045 27015
VT0.5_1 VT0.5 1 500 1358 36250 34892
VT0.5_1 VT0.5 1 600 1478 42016 40538
VT0.5_1 VT0.5 1 700 1157 31936 30779
VT0.5_1 VT0.5 1 800 14889 43979 29090
VT0.5_1 VT0.5 1 900 33213 59467 26254
VT0.5_1 VT0.5 1 1000 43364 55004 11640
VT0.5_1 VT0.5 1 1100 51258 51538 280
VT0.5_1 VT0.5 1 1200 48009 49759 1750
VT0.5_1 VT0.5 1 1300 39648 40710 1062
VT0.5_1 VT0.5 1 1400 36924 33705 -3219
VT0.5_1 VT0.5 1 1500 42008 33075 -8933
VT0.5_1 VT0.5 1 1600 40946 32807 -8139
VT0.5_1 VT0.5 1 1700 40409 32159 -8250
VT0.5_1 VT0.5 1 1800 40293 36125 -4168
VT0.5_1 VT0.5 1 1900 43824 44783 959
VT0.5_1 VT0.5 1 2000 44730 63593 18863
VT0.5_1 VT0.5 1 2100 47733 98610 50877
VT0.5_1 VT0.5 1 2200 51787 151817 100030
VT0.5_1 VT0.5 1 2300 54978 201883 146905
VT0.5_1 VT0.5 1 2400 52404 235496 183092
VT0.5_1 VT0.5 1 2500 53608 240393 186785
VT0.5_1 VT0.5 1 2600 48919 248512 199593
VT0.5_1 VT0.5 1 2700 45863 255457 209594
VT0.5_1 VT0.5 1 2800 46568 249366 202798
VT0.5_1 VT0.5 1 2900 44892 239861 194969
VT0.5_1 VT0.5 1 3000 46827 232685 185858
VT0.5_1 VT0.5 1 3100 47871 236312 188441
VT0.5_1 VT0.5 1 3200 47865 253248 205383
VT0.5_1 VT0.5 1 3300 43460 250076 206616
VT0.5_1 VT0.5 1 3400 44931 253930 208999
VT0.5_1 VT0.5 1 3500 47769 256095 208326
VT0.5_1 VT0.5 1 3600 46869 258521 211652
VT0.5_1 VT0.5 1 3700 45449 256895 211446
VT0.5_1 VT0.5 1 3800 49700 258298 208598
VT0.5_1 VT0.5 1 3900 47942 251105 203163
VT0.5_1 VT0.5 1 4000 46123 250856 204733
VT0.5_1 VT0.5 1 4100 48546 239789 191243
VT0.5_1 VT0.5 1 4200 46850 246585 199735
VT0.5_1 VT0.5 1 4300 46849 254211 207362
VT0.5_1 VT0.5 1 4400 44722 252450 207728
VT0.5_1 VT0.5 1 4500 47892 245312 197420
VT0.5_1 VT0.5 1 4600 48494 243482 194988
VT0.5_1 VT0.5 1 4700 46227 252508 206281
VT0.5_1 VT0.5 1 4800 45319 251174 205855
VT0.5_1 VT0.5 1 4900 48015 251117 203102
VT0.5_1 VT0.5 1 5000 44540 249095 204555
VT0.5_1 VT0.5 1 5100 42633 251791 209158
VT0.5_1 VT0.5 1 5200 45035 251706 206671
VT0.5_1 VT0.5 1 5300 47871 249406 201535
VT0.5_1 VT0.5 1 5400 45655 251225 205570
VT0.5_1 VT0.5 1 5500 44892 254094 209202
VT0.5_1 VT0.5 1 5600 44820 256814 211994
VT0.5_1 VT0.5 1 5700 45780 252439 206659
VT0.5_1 VT0.5 1 5800 44597 245201 200604
VT0.5_1 VT0.5 1 5900 44377 256175 211798
VT0.5_1 VT0.5 1 6000 41577 257748 216171
VT0.5_1 VT0.5 1 6100 47888 252212 204324
VT0.5_1 VT0.5 1 6200 47534 235233 187699
VT0.5_1 VT0.5 1 6300 45328 239254 193926
VT0.5_1 VT0.5 1 6400 44546 248298 203752
VT0.5_1 VT0.5 1 6500 46622 251857 205235
VT0.5_1 VT0.5 1 6600 47374 257592 210218
VT0.5_1 VT0.5 1 6700 47921 251094 203173
VT0.5_1 VT0.5 1 6800 50682 247312 196630
VT0.5_1 VT0.5 1 6900 50354 248132 197778
VT0.5_1 VT0.5 1 7000 49815 247483 197668
VT0.5_1 VT0.5 1 7100 45668 254769 209101
VT0.5_1 VT0.5 1 7200 46293 241802 195509
VT0.5_1 VT0.5 1 7300 44851 233393 188542
VT0.5_1 VT0.5 1 7400 45731 241584 195853
VT0.5_1 VT0.5 1 7500 45432 253274 207842
VT0.5_1 VT0.5 1 7600 43041 259201 216160
VT0.5_1 VT0.5 1 7700 47075 258980 211905
VT0.5_1 VT0.5 1 7800 46560 252885 206325
VT0.5_1 VT0.5 1 7900 45092 255155 210063
VT0.5_1 VT0.5 1 8000 46833 252409 205576
VT0.5_1 VT0.5 1 8100 46915 253352 206437
VT0.5_1 VT0.5 1 8200 47602 254343 206741
VT0.5_1 VT0.5 1 8300 46096 255847 209751
VT0.5_1 VT0.5 1 8400 47194 250956 203762
VT0.5_1 VT0.5 1 8500 42460 252659 210199
VT0.5_1 VT0.5 1 8600 43453 255833 212380
VT0.5_1 VT0.5 1 8700 43265 247187 203922
VT0.5_1 VT0.5 1 8800 45020 248953 203933
VT0.5_1 VT0.5 1 8900 45300 251463 206163
VT0.5_1 VT0.5 1 9000 46335 250021 203686
VT0.5_1 VT0.5 1 9100 43810 253871 210061
VT0.5_1 VT0.5 1 9200 46334 250630 204296
VT0.5_1 VT0.5 1 9300 43735 252192 208457
VT0.5_1 VT0.5 1 9400 47271 250273 203002
VT0.5_1 VT0.5 1 9500 48493 250408 201915
VT0.5_1 VT0.5 1 9600 48687 252052 203365
VT0.5_1 VT0.5 1 9700 47715 235738 188023
VT0.5_1 VT0.5 1 9800 47008 249336 202328
VT0.5_1 VT0.5 1 9900 50416 253561 203145
VT0.5_1 VT0.5 1 10000 49503 248433 198930
VT0.5_2 VT0.5 2 0 0 0 0
VT0.5_2 VT0.5 2 100 59 1547 1488
VT0.5_2 VT0.5 2 200 439 11236 10797
VT0.5_2 VT0.5 2 300 728 20800 20072
VT0.5_2 VT0.5 2 400 994 28571 27577
VT0.5_2 VT0.5 2 500 1334 37722 36388
VT0.5_2 VT0.5 2 600 1556 45311 43755
VT0.5_2 VT0.5 2 700 2955 48038 45083
VT0.5_2 VT0.5 2 800 12382 62810 50428
VT0.5_2 VT0.5 2 900 23933 72012 48079
VT0.5_2 VT0.5 2 1000 39425 81839 42414
VT0.5_2 VT0.5 2 1100 44213 103849 59636
VT0.5_2 VT0.5 2 1200 47239 146398 99159
VT0.5_2 VT0.5 2 1300 54484 185252 130768
VT0.5_2 VT0.5 2 1400 57890 204562 146672
VT0.5_2 VT0.5 2 1500 57864 226933 169069
VT0.5_2 VT0.5 2 1600 59306 246130 186824
VT0.5_2 VT0.5 2 1700 65620 257159 191539
VT0.5_2 VT0.5 2 1800 67109 257463 190354
VT0.5_2 VT0.5 2 1900 59905 268060 208155
VT0.5_2 VT0.5 2 2000 48247 276187 227940
VT0.5_2 VT0.5 2 2100 48396 269318 220922
VT0.5_2 VT0.5 2 2200 44493 276792 232299
VT0.5_2 VT0.5 2 2300 46472 276357 229885
VT0.5_2 VT0.5 2 2400 53366 275043 221677
VT0.5_2 VT0.5 2 2500 55847 264848 209001
VT0.5_2 VT0.5 2 2600 54824 267893 213069
VT0.5_2 VT0.5 2 2700 53387 274978 221591
VT0.5_2 VT0.5 2 2800 55906 278915 223009
VT0.5_2 VT0.5 2 2900 53865 276542 222677
VT0.5_2 VT0.5 2 3000 54912 270173 215261
VT0.5_2 VT0.5 2 3100 55798 257756 201958
VT0.5_2 VT0.5 2 3200 58256 260827 202571
VT0.5_2 VT0.5 2 3300 55528 270991 215463
VT0.5_2 VT0.5 2 3400 55488 270846 215358
VT0.5_2 VT0.5 2 3500 53680 281000 227320
VT0.5_2 VT0.5 2 3600 50085 273217 223132
VT0.5_2 VT0.5 2 3700 50233 266720 216487
VT0.5_2 VT0.5 2 3800 51014 268299 217285
VT0.5_2 VT0.5 2 3900 53507 272020 218513
VT0.5_2 VT0.5 2 4000 54075 275219 221144
VT0.5_2 VT0.5 2 4100 54736 281083 226347
VT0.5_2 VT0.5 2 4200 58253 283648 225395
VT0.5_2 VT0.5 2 4300 57657 283439 225782
VT0.5_2 VT0.5 2 4400 58578 280757 222179
VT0.5_2 VT0.5 2 4500 55019 281167 226148
VT0.5_2 VT0.5 2 4600 59323 274449 215126
VT0.5_2 VT0.5 2 4700 58632 281458 222826
VT0.5_2 VT0.5 2 4800 56408 283996 227588
VT0.5_2 VT0.5 2 4900 55783 274779 218996
VT0.5_2 VT0.5 2 5000 56678 272601 215923
VT0.5_2 VT0.5 2 5100 56581 286370 229789
VT0.5_2 VT0.5 2 5200 59003 290518 231515
VT0.5_2 VT0.5 2 5300 59582 276006 216424
VT0.5_2 VT0.5 2 5400 55754 284486 228732
VT0.5_2 VT0.5 2 5500 56281 287215 230934
VT0.5_2 VT0.5 2 5600 56238 270209 213971
VT0.5_2 VT0.5 2 5700 53712 270899 217187
VT0.5_2 VT0.5 2 5800 54444 274324 219880
VT0.5_2 VT0.5 2 5900 54446 255880 201434
VT0.5_2 VT0.5 2 6000 51019 247781 196762
VT0.5_2 VT0.5 2 6100 51081 254330 203249
VT0.5_2 VT0.5 2 6200 46830 247075 200245
VT0.5_2 VT0.5 2 6300 50228 241320 191092
VT0.5_2 VT0.5 2 6400 52157 250672 198515
VT0.5_2 VT0.5 2 6500 51700 246109 194409
VT0.5_2 VT0.5 2 6600 47724 243789 196065
VT0.5_2 VT0.5 2 6700 45944 234351 188407
VT0.5_2 VT0.5 2 6800 48484 222941 174457
VT0.5_2 VT0.5 2 6900 50182 225813 175631
VT0.5_2 VT0.5 2 7000 46840 230960 184120
VT0.5_2 VT0.5 2 7100 45858 243686 197828
VT0.5_2 VT0.5 2 7200 49317 244330 195013
VT0.5_2 VT0.5 2 7300 45064 236594 191530
VT0.5_2 VT0.5 2 7400 45724 234875 189151
VT0.5_2 VT0.5 2 7500 44716 234380 189664
VT0.5_2 VT0.5 2 7600 48847 240410 191563
VT0.5_2 VT0.5 2 7700 45657 242125 196468
VT0.5_2 VT0.5 2 7800 44110 244873 200763
VT0.5_2 VT0.5 2 7900 45576 239984 194408
VT0.5_2 VT0.5 2 8000 45868 236279 190411
VT0.5_2 VT0.5 2 8100 44079 238164 194085
VT0.5_2 VT0.5 2 8200 43144 231267 188123
VT0.5_2 VT0.5 2 8300 44678 247686 203008
VT0.5_2 VT0.5 2 8400 46920 241093 194173
VT0.5_2 VT0.5 2 8500 45560 225210 179650
VT0.5_2 VT0.5 2 8600 48501 234854 186353
VT0.5_2 VT0.5 2 8700 48274 229789 181515
VT0.5_2 VT0.5 2 8800 43000 236727 193727
VT0.5_2 VT0.5 2 8900 40720 241403 200683
VT0.5_2 VT0.5 2 9000 40892 237336 196444
VT0.5_2 VT0.5 2 9100 42606 240200 197594
VT0.5_2 VT0.5 2 9200 42660 243725 201065
VT0.5_2 VT0.5 2 9300 43916 240068 196152
VT0.5_2 VT0.5 2 9400 45794 240439 194645
VT0.5_2 VT0.5 2 9500 44416 237602 193186
VT0.5_2 VT0.5 2 9600 45136 235434 190298
VT0.5_2 VT0.5 2 9700 42354 240712 198358
VT0.5_2 VT0.5 2 9800 44040 226647 182607
VT0.5_2 VT0.5 2 9900 41733 234303 192570
VT0.5_2 VT0.5 2 10000 41823 241644 199821
VT0.5_3 VT0.5 3 0 0 0 0
VT0.5_3 VT0.5 3 100 65 1517 1452
VT0.5_3 VT0.5 3 200 486 11449 10963
VT0.5_3 VT0.5 3 300 758 20415 19657
VT0.5_3 VT0.5 3 400 1091 28082 26991
VT0.5_3 VT0.5 3 500 1316 34878 33562
VT0.5_3 VT0.5 3 600 4497 44401 39904
VT0.5_3 VT0.5 3 700 11625 66535 54910
VT0.5_3 VT0.5 3 800 19051 77607 58556
VT0.5_3 VT0.5 3 900 29435 91609 62174
VT0.5_3 VT0.5 3 1000 31890 105946 74056
VT0.5_3 VT0.5 3 1100 35544 91864 56320
VT0.5_3 VT0.5 3 1200 36535 68255 31720
VT0.5_3 VT0.5 3 1300 37842 63281 25439
VT0.5_3 VT0.5 3 1400 35413 86798 51385
VT0.5_3 VT0.5 3 1500 38663 112234 73571
VT0.5_3 VT0.5 3 1600 37793 121430 83637
VT0.5_3 VT0.5 3 1700 43494 135823 92329
VT0.5_3 VT0.5 3 1800 41965 163919 121954
VT0.5_3 VT0.5 3 1900 40016 175129 135113
VT0.5_3 VT0.5 3 2000 48244 171445 123201
VT0.5_3 VT0.5 3 2100 45373 159495 114122
VT0.5_3 VT0.5 3 2200 51248 166341 115093
VT0.5_3 VT0.5 3 2300 51998 163323 111325
VT0.5_3 VT0.5 3 2400 48355 162951 114596
VT0.5_3 VT0.5 3 2500 50315 172195 121880
VT0.5_3 VT0.5 3 2600 51947 168480 116533
VT0.5_3 VT0.5 3 2700 55153 170775 115622
VT0.5_3 VT0.5 3 2800 53688 178779 125091
VT0.5_3 VT0.5 3 2900 50834 179395 128561
VT0.5_3 VT0.5 3 3000 53837 180144 126307
VT0.5_3 VT0.5 3 3100 52689 176377 123688
VT0.5_3 VT0.5 3 3200 52387 173304 120917
VT0.5_3 VT0.5 3 3300 52132 173192 121060
VT0.5_3 VT0.5 3 3400 54267 158016 103749
VT0.5_3 VT0.5 3 3500 52954 160363 107409
VT0.5_3 VT0.5 3 3600 54415 167751 113336
VT0.5_3 VT0.5 3 3700 51422 177090 125668
VT0.5_3 VT0.5 3 3800 53482 170595 117113
VT0.5_3 VT0.5 3 3900 54367 173084 118717
VT0.5_3 VT0.5 3 4000 55591 169833 114242
VT0.5_3 VT0.5 3 4100 56367 186436 130069
VT0.5_3 VT0.5 3 4200 56193 186407 130214
VT0.5_3 VT0.5 3 4300 56089 175590 119501
VT0.5_3 VT0.5 3 4400 52305 180463 128158
VT0.5_3 VT0.5 3 4500 55968 179830 123862
VT0.5_3 VT0.5 3 4600 55032 183842 128810
VT0.5_3 VT0.5 3 4700 53347 172918 119571
VT0.5_3 VT0.5 3 4800 51940 171338 119398
VT0.5_3 VT0.5 3 4900 50338 180045 129707
VT0.5_3 VT0.5 3 5000 47449 191086 143637
VT0.5_3 VT0.5 3 5100 53045 181869 128824
VT0.5_3 VT0.5 3 5200 50374 182433 132059
VT0.5_3 VT0.5 3 5300 51368 171194 119826
VT0.5_3 VT0.5 3 5400 53141 159776 106635
VT0.5_3 VT0.5 3 5500 52597 160262 107665
VT0.5_3 VT0.5 3 5600 51917 155685 103768
VT0.5_3 VT0.5 3 5700 51198 167163 115965
VT0.5_3 VT0.5 3 5800 52417 184228 131811
VT0.5_3 VT0.5 3 5900 56896 182235 125339
VT0.5_3 VT0.5 3 6000 56929 182690 125761
VT0.5_3 VT0.5 3 6100 50801 181393 130592
VT0.5_3 VT0.5 3 6200 50905 185935 135030
VT0.5_3 VT0.5 3 6300 52920 184784 131864
VT0.5_3 VT0.5 3 6400 55581 187509 131928
VT0.5_3 VT0.5 3 6500 52634 184565 131931
VT0.5_3 VT0.5 3 6600 55731 176362 120631
VT0.5_3 VT0.5 3 6700 56072 174406 118334
VT0.5_3 VT0.5 3 6800 55255 159765 104510
VT0.5_3 VT0.5 3 6900 51500 160440 108940
VT0.5_3 VT0.5 3 7000 47091 158786 111695
VT0.5_3 VT0.5 3 7100 46843 165355 118512
VT0.5_3 VT0.5 3 7200 49290 169800 120510
VT0.5_3 VT0.5 3 7300 56349 180496 124147
VT0.5_3 VT0.5 3 7400 53963 181923 127960
VT0.5_3 VT0.5 3 7500 53984 187916 133932
VT0.5_3 VT0.5 3 7600 55454 169272 113818
VT0.5_3 VT0.5 3 7700 51686 157435 105749
VT0.5_3 VT0.5 3 7800 49819 153640 103821
VT0.5_3 VT0.5 3 7900 55581 162915 107334
VT0.5_3 VT0.5 3 8000 50654 165508 114854
VT0.5_3 VT0.5 3 8100 51999 172679 120680
VT0.5_3 VT0.5 3 8200 48824 168180 119356
VT0.5_3 VT0.5 3 8300 47437 161765 114328
VT0.5_3 VT0.5 3 8400 56304 172526 116222
VT0.5_3 VT0.5 3 8500 49536 170285 120749
VT0.5_3 VT0.5 3 8600 49792 162568 112776
VT0.5_3 VT0.5 3 8700 51561 171491 119930
VT0.5_3 VT0.5 3 8800 49865 169305 119440
VT0.5_3 VT0.5 3 8900 47958 170034 122076
VT0.5_3 VT0.5 3 9000 51551 167310 115759
VT0.5_3 VT0.5 3 9100 48866 164963 116097
VT0.5_3 VT0.5 3 9200 45555 167796 122241
VT0.5_3 VT0.5 3 9300 48817 170809 121992
VT0.5_3 VT0.5 3 9400 49760 177885 128125
VT0.5_3 VT0.5 3 9500 50512 172930 122418
VT0.5_3 VT0.5 3 9600 48098 172980 124882
VT0.5_3 VT0.5 3 9700 49354 164515 115161
VT0.5_3 VT0.5 3 9800 50957 160354 109397
VT0.5_3 VT0.5 3 9900 51541 159449 107908
VT0.5_3 VT0.5 3 10000 50813 150355 99542
VT0.5_4 VT0.5 4 0 0 0 0
VT0.5_4 VT0.5 4 100 73 1616 1543
VT0.5_4 VT0.5 4 200 481 11552 11071
VT0.5_4 VT0.5 4 300 735 21083 20348
VT0.5_4 VT0.5 4 400 1063 28315 27252
VT0.5_4 VT0.5 4 500 1267 36817 35550
VT0.5_4 VT0.5 4 600 1691 44664 42973
VT0.5_4 VT0.5 4 700 3965 55083 51118
VT0.5_4 VT0.5 4 800 20240 100443 80203
VT0.5_4 VT0.5 4 900 31418 142617 111199
VT0.5_4 VT0.5 4 1000 31702 131097 99395
VT0.5_4 VT0.5 4 1100 41066 115038 73972
VT0.5_4 VT0.5 4 1200 39470 99569 60099
VT0.5_4 VT0.5 4 1300 38852 72767 33915
VT0.5_4 VT0.5 4 1400 39572 65875 26303
VT0.5_4 VT0.5 4 1500 40222 56907 16685
VT0.5_4 VT0.5 4 1600 39399 48275 8876
VT0.5_4 VT0.5 4 1700 43625 34219 -9406
VT0.5_4 VT0.5 4 1800 42514 30994 -11520
VT0.5_4 VT0.5 4 1900 42935 33286 -9649
VT0.5_4 VT0.5 4 2000 46648 37527 -9121
VT0.5_4 VT0.5 4 2100 52562 45809 -6753
VT0.5_4 VT0.5 4 2200 53512 57236 3724
VT0.5_4 VT0.5 4 2300 52093 75445 23352
VT0.5_4 VT0.5 4 2400 53428 109410 55982
VT0.5_4 VT0.5 4 2500 54951 121128 66177
VT0.5_4 VT0.5 4 2600 52520 134263 81743
VT0.5_4 VT0.5 4 2700 56243 145317 89074
VT0.5_4 VT0.5 4 2800 57255 137955 80700
VT0.5_4 VT0.5 4 2900 58820 135324 76504
VT0.5_4 VT0.5 4 3000 58384 156549 98165
VT0.5_4 VT0.5 4 3100 54185 166525 112340
VT0.5_4 VT0.5 4 3200 51830 177335 125505
VT0.5_4 VT0.5 4 3300 57474 183480 126006
VT0.5_4 VT0.5 4 3400 56701 186166 129465
VT0.5_4 VT0.5 4 3500 56125 176922 120797
VT0.5_4 VT0.5 4 3600 57564 158637 101073
VT0.5_4 VT0.5 4 3700 54339 161061 106722
VT0.5_4 VT0.5 4 3800 49094 169855 120761
VT0.5_4 VT0.5 4 3900 48657 171377 122720
VT0.5_4 VT0.5 4 4000 50410 163911 113501
VT0.5_4 VT0.5 4 4100 49841 162396 112555
VT0.5_4 VT0.5 4 4200 50669 156344 105675
VT0.5_4 VT0.5 4 4300 54050 148349 94299
VT0.5_4 VT0.5 4 4400 53980 141934 87954
VT0.5_4 VT0.5 4 4500 51014 144415 93401
VT0.5_4 VT0.5 4 4600 54128 175386 121258
VT0.5_4 VT0.5 4 4700 53810 186473 132663
VT0.5_4 VT0.5 4 4800 50539 187258 136719
VT0.5_4 VT0.5 4 4900 49973 180167 130194
VT0.5_4 VT0.5 4 5000 51430 173793 122363
VT0.5_4 VT0.5 4 5100 52086 158091 106005
VT0.5_4 VT0.5 4 5200 52230 166221 113991
VT0.5_4 VT0.5 4 5300 54402 177386 122984
VT0.5_4 VT0.5 4 5400 52900 167157 114257
VT0.5_4 VT0.5 4 5500 49112 164972 115860
VT0.5_4 VT0.5 4 5600 53830 167899 114069
VT0.5_4 VT0.5 4 5700 54119 164806 110687
VT0.5_4 VT0.5 4 5800 51040 157010 105970
VT0.5_4 VT0.5 4 5900 52876 161630 108754
VT0.5_4 VT0.5 4 6000 53186 165845 112659
VT0.5_4 VT0.5 4 6100 53104 166710 113606
VT0.5_4 VT0.5 4 6200 49740 167992 118252
VT0.5_4 VT0.5 4 6300 52455 180250 127795
VT0.5_4 VT0.5 4 6400 54005 177886 123881
VT0.5_4 VT0.5 4 6500 54837 179439 124602
VT0.5_4 VT0.5 4 6600 51855 182453 130598
VT0.5_4 VT0.5 4 6700 57221 180682 123461
VT0.5_4 VT0.5 4 6800 58009 177834 119825
VT0.5_4 VT0.5 4 6900 55401 173527 118126
VT0.5_4 VT0.5 4 7000 56990 180723 123733
VT0.5_4 VT0.5 4 7100 58076 172846 114770
VT0.5_4 VT0.5 4 7200 52002 172094 120092
VT0.5_4 VT0.5 4 7300 53043 171113 118070
VT0.5_4 VT0.5 4 7400 52419 169732 117313
VT0.5_4 VT0.5 4 7500 56083 166287 110204
VT0.5_4 VT0.5 4 7600 56820 175529 118709
VT0.5_4 VT0.5 4 7700 54336 180136 125800
VT0.5_4 VT0.5 4 7800 58609 188194 129585
VT0.5_4 VT0.5 4 7900 52142 186152 134010
VT0.5_4 VT0.5 4 8000 52465 172309 119844
VT0.5_4 VT0.5 4 8100 57702 161272 103570
VT0.5_4 VT0.5 4 8200 54946 156599 101653
VT0.5_4 VT0.5 4 8300 52829 147740 94911
VT0.5_4 VT0.5 4 8400 57173 144600 87427
VT0.5_4 VT0.5 4 8500 59300 156492 97192
VT0.5_4 VT0.5 4 8600 58271 151945 93674
VT0.5_4 VT0.5 4 8700 56031 175538 119507
VT0.5_4 VT0.5 4 8800 56459 183950 127491
VT0.5_4 VT0.5 4 8900 56843 168483 111640
VT0.5_4 VT0.5 4 9000 56411 163228 106817
VT0.5_4 VT0.5 4 9100 55606 165757 110151
VT0.5_4 VT0.5 4 9200 55739 174658 118919
VT0.5_4 VT0.5 4 9300 54458 175639 121181
VT0.5_4 VT0.5 4 9400 53064 171417 118353
VT0.5_4 VT0.5 4 9500 51614 168236 116622
VT0.5_4 VT0.5 4 9600 52587 169883 117296
VT0.5_4 VT0.5 4 9700 51204 175322 124118
VT0.5_4 VT0.5 4 9800 54820 175605 120785
VT0.5_4 VT0.5 4 9900 53654 181298 127644
VT0.5_4 VT0.5 4 10000 56224 176843 120619
VT0.5_5 VT0.5 5 0 0 0 0
VT0.5_5 VT0.5 5 100 68 1611 1543
VT0.5_5 VT0.5 5 200 483 11737 11254
VT0.5_5 VT0.5 5 300 887 21584 20697
VT0.5_5 VT0.5 5 400 1178 29219 28041
VT0.5_5 VT0.5 5 500 1542 38662 37120
VT0.5_5 VT0.5 5 600 2390 52920 50530
VT0.5_5 VT0.5 5 700 12796 101288 88492
VT0.5_5 VT0.5 5 800 32488 143373 110885
VT0.5_5 VT0.5 5 900 40695 157778 117083
VT0.5_5 VT0.5 5 1000 76440 180586 104146
VT0.5_5 VT0.5 5 1100 150395 203849 53454
VT0.5_5 VT0.5 5 1200 183706 207198 23492
VT0.5_5 VT0.5 5 1300 202072 212684 10612
VT0.5_5 VT0.5 5 1400 213543 216808 3265
VT0.5_5 VT0.5 5 1500 206005 222484 16479
VT0.5_5 VT0.5 5 1600 192430 218140 25710
VT0.5_5 VT0.5 5 1700 149102 202623 53521
VT0.5_5 VT0.5 5 1800 110674 192853 82179
VT0.5_5 VT0.5 5 1900 82687 204056 121369
VT0.5_5 VT0.5 5 2000 67879 213660 145781
VT0.5_5 VT0.5 5 2100 60465 238415 177950
VT0.5_5 VT0.5 5 2200 71745 269047 197302
VT0.5_5 VT0.5 5 2300 77868 266525 188657
VT0.5_5 VT0.5 5 2400 77092 272004 194912
VT0.5_5 VT0.5 5 2500 72558 273234 200676
VT0.5_5 VT0.5 5 2600 70030 269105 199075
VT0.5_5 VT0.5 5 2700 91407 263350 171943
VT0.5_5 VT0.5 5 2800 118604 250170 131566
VT0.5_5 VT0.5 5 2900 108457 250894 142437
VT0.5_5 VT0.5 5 3000 86518 248232 161714
VT0.5_5 VT0.5 5 3100 81924 274147 192223
VT0.5_5 VT0.5 5 3200 77801 276502 198701
VT0.5_5 VT0.5 5 3300 70701 278482 207781
VT0.5_5 VT0.5 5 3400 60656 255865 195209
VT0.5_5 VT0.5 5 3500 67160 247684 180524
VT0.5_5 VT0.5 5 3600 82973 239974 157001
VT0.5_5 VT0.5 5 3700 86659 249033 162374
VT0.5_5 VT0.5 5 3800 85939 253565 167626
VT0.5_5 VT0.5 5 3900 84745 263180 178435
VT0.5_5 VT0.5 5 4000 89150 269851 180701
VT0.5_5 VT0.5 5 4100 87653 267192 179539
VT0.5_5 VT0.5 5 4200 88900 273935 185035
VT0.5_5 VT0.5 5 4300 94087 261747 167660
VT0.5_5 VT0.5 5 4400 99295 259228 159933
VT0.5_5 VT0.5 5 4500 96553 235307 138754
VT0.5_5 VT0.5 5 4600 100422 223779 123357
VT0.5_5 VT0.5 5 4700 99835 203433 103598
VT0.5_5 VT0.5 5 4800 95201 178655 83454
VT0.5_5 VT0.5 5 4900 73848 140239 66391
VT0.5_5 VT0.5 5 5000 60950 141643 80693
VT0.5_5 VT0.5 5 5100 59982 166614 106632
VT0.5_5 VT0.5 5 5200 55700 183135 127435
VT0.5_5 VT0.5 5 5300 58239 189647 131408
VT0.5_5 VT0.5 5 5400 55741 183136 127395
VT0.5_5 VT0.5 5 5500 56702 182368 125666
VT0.5_5 VT0.5 5 5600 56931 193006 136075
VT0.5_5 VT0.5 5 5700 58059 204247 146188
VT0.5_5 VT0.5 5 5800 58240 188984 130744
VT0.5_5 VT0.5 5 5900 53882 187405 133523
VT0.5_5 VT0.5 5 6000 51070 182937 131867
VT0.5_5 VT0.5 5 6100 55682 177693 122011
VT0.5_5 VT0.5 5 6200 54318 179623 125305
VT0.5_5 VT0.5 5 6300 54170 190279 136109
VT0.5_5 VT0.5 5 6400 52341 198518 146177
VT0.5_5 VT0.5 5 6500 62214 196163 133949
VT0.5_5 VT0.5 5 6600 64027 183923 119896
VT0.5_5 VT0.5 5 6700 59645 184683 125038
VT0.5_5 VT0.5 5 6800 57733 184871 127138
VT0.5_5 VT0.5 5 6900 54962 177975 123013
VT0.5_5 VT0.5 5 7000 53574 170883 117309
VT0.5_5 VT0.5 5 7100 56209 160391 104182
VT0.5_5 VT0.5 5 7200 55768 139108 83340
VT0.5_5 VT0.5 5 7300 54623 143598 88975
VT0.5_5 VT0.5 5 7400 55913 151895 95982
VT0.5_5 VT0.5 5 7500 56136 171132 114996
VT0.5_5 VT0.5 5 7600 58579 173303 114724
VT0.5_5 VT0.5 5 7700 62940 174823 111883
VT0.5_5 VT0.5 5 7800 67641 180070 112429
VT0.5_5 VT0.5 5 7900 62646 193794 131148
VT0.5_5 VT0.5 5 8000 59708 194918 135210
VT0.5_5 VT0.5 5 8100 57222 186567 129345
VT0.5_5 VT0.5 5 8200 48841 182659 133818
VT0.5_5 VT0.5 5 8300 55726 211103 155377
VT0.5_5 VT0.5 5 8400 61002 218326 157324
VT0.5_5 VT0.5 5 8500 60021 209786 149765
VT0.5_5 VT0.5 5 8600 57239 207150 149911
VT0.5_5 VT0.5 5 8700 60536 198731 138195
VT0.5_5 VT0.5 5 8800 60081 205161 145080
VT0.5_5 VT0.5 5 8900 56108 204228 148120
VT0.5_5 VT0.5 5 9000 57394 202327 144933
VT0.5_5 VT0.5 5 9100 56459 210402 153943
VT0.5_5 VT0.5 5 9200 61699 202161 140462
VT0.5_5 VT0.5 5 9300 56963 182532 125569
VT0.5_5 VT0.5 5 9400 51920 192663 140743
VT0.5_5 VT0.5 5 9500 51175 195868 144693
VT0.5_5 VT0.5 5 9600 53648 197279 143631
VT0.5_5 VT0.5 5 9700 57493 188321 130828
VT0.5_5 VT0.5 5 9800 55847 186474 130627
VT0.5_5 VT0.5 5 9900 51674 178261 126587
VT0.5_5 VT0.5 5 10000 50200 160321 110121
VT0.5_6 VT0.5 6 0 0 0 0
VT0.5_6 VT0.5 6 100 75 1544 1469
VT0.5_6 VT0.5 6 200 469 11765 11296
VT0.5_6 VT0.5 6 300 766 21689 20923
VT0.5_6 VT0.5 6 400 1005 29263 28258
VT0.5_6 VT0.5 6 500 590 21897 21307
VT0.5_6 VT0.5 6 600 21 1150 1129
VT0.5_6 VT0.5 6 700 0 2 2
VT0.5_6 VT0.5 6 800 0 0 0
VT0.5_6 VT0.5 6 900 0 0 0
VT0.5_6 VT0.5 6 1000 0 0 0
VT0.5_6 VT0.5 6 1100 0 0 0
VT0.5_6 VT0.5 6 1200 0 0 0
VT0.5_6 VT0.5 6 1300 0 0 0
VT0.5_6 VT0.5 6 1400 0 0 0
VT0.5_6 VT0.5 6 1500 0 0 0
VT0.5_6 VT0.5 6 1600 0 0 0
VT0.5_6 VT0.5 6 1700 0 0 0
VT0.5_6 VT0.5 6 1800 0 0 0
VT0.5_6 VT0.5 6 1900 0 0 0
VT0.5_6 VT0.5 6 2000 0 0 0
VT0.5_6 VT0.5 6 2100 0 0 0
VT0.5_6 VT0.5 6 2200 0 0 0
VT0.5_6 VT0.5 6 2300 0 0 0
VT0.5_6 VT0.5 6 2400 0 0 0
VT0.5_6 VT0.5 6 2500 0 0 0
VT0.5_6 VT0.5 6 2600 0 0 0
VT0.5_6 VT0.5 6 2700 0 0 0
VT0.5_6 VT0.5 6 2800 0 0 0
VT0.5_6 VT0.5 6 2900 0 0 0
VT0.5_6 VT0.5 6 3000 0 0 0
VT0.5_6 VT0.5 6 3100 0 0 0
VT0.5_6 VT0.5 6 3200 0 0 0
VT0.5_6 VT0.5 6 3300 0 0 0
VT0.5_6 VT0.5 6 3400 0 0 0
VT0.5_6 VT0.5 6 3500 0 0 0
VT0.5_6 VT0.5 6 3600 0 0 0
VT0.5_6 VT0.5 6 3700 0 0 0
VT0.5_6 VT0.5 6 3800 0 0 0
VT0.5_6 VT0.5 6 3900 0 0 0
VT0.5_6 VT0.5 6 4000 0 0 0
VT0.5_6 VT0.5 6 4100 0 0 0
VT0.5_6 VT0.5 6 4200 0 0 0
VT0.5_6 VT0.5 6 4300 0 0 0
VT0.5_6 VT0.5 6 4400 0 0 0
VT0.5_6 VT0.5 6 4500 0 0 0
VT0.5_6 VT0.5 6 4600 0 0 0
VT0.5_6 VT0.5 6 4700 0 0 0
VT0.5_6 VT0.5 6 4800 0 0 0
VT0.5_6 VT0.5 6 4900 0 0 0
VT0.5_6 VT0.5 6 5000 0 0 0
VT0.5_6 VT0.5 6 5100 0 0 0
VT0.5_6 VT0.5 6 5200 0 0 0
VT0.5_6 VT0.5 6 5300 0 0 0
VT0.5_6 VT0.5 6 5400 0 0 0
VT0.5_6 VT0.5 6 5500 0 0 0
VT0.5_6 VT0.5 6 5600 0 0 0
VT0.5_6 VT0.5 6 5700 0 0 0
VT0.5_6 VT0.5 6 5800 0 0 0
VT0.5_6 VT0.5 6 5900 0 0 0
VT0.5_6 VT0.5 6 6000 0 0 0
VT0.5_6 VT0.5 6 6100 0 0 0
VT0.5_6 VT0.5 6 6200 0 0 0
VT0.5_6 VT0.5 6 6300 0 0 0
VT0.5_6 VT0.5 6 6400 0 0 0
VT0.5_6 VT0.5 6 6500 0 0 0
VT0.5_6 VT0.5 6 6600 0 0 0
VT0.5_6 VT0.5 6 6700 0 0 0
VT0.5_6 VT0.5 6 6800 0 0 0
VT0.5_6 VT0.5 6 6900 0 0 0
VT0.5_6 VT0.5 6 7000 0 0 0
VT0.5_6 VT0.5 6 7100 0 0 0
VT0.5_6 VT0.5 6 7200 0 0 0
VT0.5_6 VT0.5 6 7300 0 0 0
VT0.5_6 VT0.5 6 7400 0 0 0
VT0.5_6 VT0.5 6 7500 0 0 0
VT0.5_6 VT0.5 6 7600 0 0 0
VT0.5_6 VT0.5 6 7700 0 0 0
VT0.5_6 VT0.5 6 7800 0 0 0
VT0.5_6 VT0.5 6 7900 0 0 0
VT0.5_6 VT0.5 6 8000 0 0 0
VT0.5_6 VT0.5 6 8100 0 0 0
VT0.5_6 VT0.5 6 8200 0 0 0
VT0.5_6 VT0.5 6 8300 0 0 0
VT0.5_6 VT0.5 6 8400 0 0 0
VT0.5_6 VT0.5 6 8500 0 0 0
VT0.5_6 VT0.5 6 8600 0 0 0
VT0.5_6 VT0.5 6 8700 0 0 0
VT0.5_6 VT0.5 6 8800 0 0 0
VT0.5_6 VT0.5 6 8900 0 0 0
VT0.5_6 VT0.5 6 9000 0 0 0
VT0.5_6 VT0.5 6 9100 0 0 0
VT0.5_6 VT0.5 6 9200 0 0 0
VT0.5_6 VT0.5 6 9300 0 0 0
VT0.5_6 VT0.5 6 9400 0 0 0
VT0.5_6 VT0.5 6 9500 0 0 0
VT0.5_6 VT0.5 6 9600 0 0 0
VT0.5_6 VT0.5 6 9700 0 0 0
VT0.5_6 VT0.5 6 9800 0 0 0
VT0.5_6 VT0.5 6 9900 0 0 0
VT0.5_6 VT0.5 6 10000 0 0 0
VT0.5_7 VT0.5 7 0 0 0 0
VT0.5_7 VT0.5 7 100 64 1560 1496
VT0.5_7 VT0.5 7 200 456 11528 11072
VT0.5_7 VT0.5 7 300 674 20721 20047
VT0.5_7 VT0.5 7 400 757 27483 26726
VT0.5_7 VT0.5 7 500 378 16815 16437
VT0.5_7 VT0.5 7 600 593 5946 5353
VT0.5_7 VT0.5 7 700 14459 52557 38098
VT0.5_7 VT0.5 7 800 57789 98429 40640
VT0.5_7 VT0.5 7 900 54395 106205 51810
VT0.5_7 VT0.5 7 1000 41847 119766 77919
VT0.5_7 VT0.5 7 1100 46809 124827 78018
VT0.5_7 VT0.5 7 1200 48138 120040 71902
VT0.5_7 VT0.5 7 1300 45011 144179 99168
VT0.5_7 VT0.5 7 1400 48124 188263 140139
VT0.5_7 VT0.5 7 1500 46663 215402 168739
VT0.5_7 VT0.5 7 1600 47654 225291 177637
VT0.5_7 VT0.5 7 1700 50712 246287 195575
VT0.5_7 VT0.5 7 1800 53440 254179 200739
VT0.5_7 VT0.5 7 1900 54434 246563 192129
VT0.5_7 VT0.5 7 2000 53264 256805 203541
VT0.5_7 VT0.5 7 2100 54681 258427 203746
VT0.5_7 VT0.5 7 2200 50895 251826 200931
VT0.5_7 VT0.5 7 2300 53533 237101 183568
VT0.5_7 VT0.5 7 2400 52164 230963 178799
VT0.5_7 VT0.5 7 2500 50992 229262 178270
VT0.5_7 VT0.5 7 2600 52335 232387 180052
VT0.5_7 VT0.5 7 2700 49991 232067 182076
VT0.5_7 VT0.5 7 2800 53059 238815 185756
VT0.5_7 VT0.5 7 2900 53005 232627 179622
VT0.5_7 VT0.5 7 3000 54923 244161 189238
VT0.5_7 VT0.5 7 3100 55661 233466 177805
VT0.5_7 VT0.5 7 3200 52474 235459 182985
VT0.5_7 VT0.5 7 3300 49236 241165 191929
VT0.5_7 VT0.5 7 3400 53802 258046 204244
VT0.5_7 VT0.5 7 3500 54464 252271 197807
VT0.5_7 VT0.5 7 3600 52088 232987 180899
VT0.5_7 VT0.5 7 3700 51654 237544 185890
VT0.5_7 VT0.5 7 3800 52419 231784 179365
VT0.5_7 VT0.5 7 3900 51914 235158 183244
VT0.5_7 VT0.5 7 4000 50681 245673 194992
VT0.5_7 VT0.5 7 4100 54521 237975 183454
VT0.5_7 VT0.5 7 4200 54800 236909 182109
VT0.5_7 VT0.5 7 4300 52268 226997 174729
VT0.5_7 VT0.5 7 4400 50349 235550 185201
VT0.5_7 VT0.5 7 4500 49468 237833 188365
VT0.5_7 VT0.5 7 4600 48963 238147 189184
VT0.5_7 VT0.5 7 4700 46690 244320 197630
VT0.5_7 VT0.5 7 4800 49946 237529 187583
VT0.5_7 VT0.5 7 4900 50992 236967 185975
VT0.5_7 VT0.5 7 5000 52723 227374 174651
VT0.5_7 VT0.5 7 5100 50861 240169 189308
VT0.5_7 VT0.5 7 5200 50304 228962 178658
VT0.5_7 VT0.5 7 5300 54757 230014 175257
VT0.5_7 VT0.5 7 5400 53639 242579 188940
VT0.5_7 VT0.5 7 5500 51832 239675 187843
VT0.5_7 VT0.5 7 5600 48769 252481 203712
VT0.5_7 VT0.5 7 5700 50172 255857 205685
VT0.5_7 VT0.5 7 5800 55834 244485 188651
VT0.5_7 VT0.5 7 5900 56213 240685 184472
VT0.5_7 VT0.5 7 6000 53040 246455 193415
VT0.5_7 VT0.5 7 6100 58495 246711 188216
VT0.5_7 VT0.5 7 6200 53946 233342 179396
VT0.5_7 VT0.5 7 6300 52682 227599 174917
VT0.5_7 VT0.5 7 6400 55864 231330 175466
VT0.5_7 VT0.5 7 6500 51737 230937 179200
VT0.5_7 VT0.5 7 6600 52267 233217 180950
VT0.5_7 VT0.5 7 6700 54214 237067 182853
VT0.5_7 VT0.5 7 6800 49828 235053 185225
VT0.5_7 VT0.5 7 6900 49402 238492 189090
VT0.5_7 VT0.5 7 7000 48850 237521 188671
VT0.5_7 VT0.5 7 7100 50524 251069 200545
VT0.5_7 VT0.5 7 7200 50008 244543 194535
VT0.5_7 VT0.5 7 7300 50880 246293 195413
VT0.5_7 VT0.5 7 7400 51299 231155 179856
VT0.5_7 VT0.5 7 7500 53978 217322 163344
VT0.5_7 VT0.5 7 7600 51594 224386 172792
VT0.5_7 VT0.5 7 7700 49451 238619 189168
VT0.5_7 VT0.5 7 7800 48513 239305 190792
VT0.5_7 VT0.5 7 7900 48789 223158 174369
VT0.5_7 VT0.5 7 8000 45246 218446 173200
VT0.5_7 VT0.5 7 8100 51971 235354 183383
VT0.5_7 VT0.5 7 8200 48983 237866 188883
VT0.5_7 VT0.5 7 8300 48447 231644 183197
VT0.5_7 VT0.5 7 8400 51753 228615 176862
VT0.5_7 VT0.5 7 8500 50295 231460 181165
VT0.5_7 VT0.5 7 8600 52329 228653 176324
VT0.5_7 VT0.5 7 8700 48850 242253 193403
VT0.5_7 VT0.5 7 8800 46914 237490 190576
VT0.5_7 VT0.5 7 8900 49420 232849 183429
VT0.5_7 VT0.5 7 9000 49061 217672 168611
VT0.5_7 VT0.5 7 9100 46730 217637 170907
VT0.5_7 VT0.5 7 9200 46619 222907 176288
VT0.5_7 VT0.5 7 9300 52457 232000 179543
VT0.5_7 VT0.5 7 9400 53593 234181 180588
VT0.5_7 VT0.5 7 9500 54984 235629 180645
VT0.5_7 VT0.5 7 9600 55121 223718 168597
VT0.5_7 VT0.5 7 9700 51658 217997 166339
VT0.5_7 VT0.5 7 9800 53943 219521 165578
VT0.5_7 VT0.5 7 9900 55327 216866 161539
VT0.5_7 VT0.5 7 10000 52351 228048 175697
VT0.5_8 VT0.5 8 0 0 0 0
VT0.5_8 VT0.5 8 100 65 1581 1516
VT0.5_8 VT0.5 8 200 445 11493 11048
VT0.5_8 VT0.5 8 300 760 21185 20425
VT0.5_8 VT0.5 8 400 955 28418 27463
VT0.5_8 VT0.5 8 500 1123 34707 33584
VT0.5_8 VT0.5 8 600 956 25067 24111
VT0.5_8 VT0.5 8 700 23219 67881 44662
VT0.5_8 VT0.5 8 800 41919 112251 70332
VT0.5_8 VT0.5 8 900 36940 128227 91287
VT0.5_8 VT0.5 8 1000 42388 137918 95530
VT0.5_8 VT0.5 8 1100 56067 114899 58832
VT0.5_8 VT0.5 8 1200 70314 124417 54103
VT0.5_8 VT0.5 8 1300 84577 138889 54312
VT0.5_8 VT0.5 8 1400 84534 154138 69604
VT0.5_8 VT0.5 8 1500 68871 176016 107145
VT0.5_8 VT0.5 8 1600 63805 190001 126196
VT0.5_8 VT0.5 8 1700 67625 212574 144949
VT0.5_8 VT0.5 8 1800 70219 230318 160099
VT0.5_8 VT0.5 8 1900 70441 230589 160148
VT0.5_8 VT0.5 8 2000 72396 221781 149385
VT0.5_8 VT0.5 8 2100 61945 210279 148334
VT0.5_8 VT0.5 8 2200 52724 187757 135033
VT0.5_8 VT0.5 8 2300 48068 177777 129709
VT0.5_8 VT0.5 8 2400 42615 209094 166479
VT0.5_8 VT0.5 8 2500 47322 241182 193860
VT0.5_8 VT0.5 8 2600 46885 244801 197916
VT0.5_8 VT0.5 8 2700 47000 237832 190832
VT0.5_8 VT0.5 8 2800 45722 241156 195434
VT0.5_8 VT0.5 8 2900 40932 267081 226149
VT0.5_8 VT0.5 8 3000 40664 273287 232623
VT0.5_8 VT0.5 8 3100 44020 272410 228390
VT0.5_8 VT0.5 8 3200 46554 257094 210540
VT0.5_8 VT0.5 8 3300 46457 268444 221987
VT0.5_8 VT0.5 8 3400 44371 264179 219808
VT0.5_8 VT0.5 8 3500 44119 257802 213683
VT0.5_8 VT0.5 8 3600 44995 281303 236308
VT0.5_8 VT0.5 8 3700 53183 297490 244307
VT0.5_8 VT0.5 8 3800 51400 302732 251332
VT0.5_8 VT0.5 8 3900 48318 297388 249070
VT0.5_8 VT0.5 8 4000 45867 298055 252188
VT0.5_8 VT0.5 8 4100 44565 288652 244087
VT0.5_8 VT0.5 8 4200 48741 272531 223790
VT0.5_8 VT0.5 8 4300 48340 285058 236718
VT0.5_8 VT0.5 8 4400 51076 298145 247069
VT0.5_8 VT0.5 8 4500 49561 307028 257467
VT0.5_8 VT0.5 8 4600 51475 289505 238030
VT0.5_8 VT0.5 8 4700 50102 275451 225349
VT0.5_8 VT0.5 8 4800 49902 286317 236415
VT0.5_8 VT0.5 8 4900 44179 292424 248245
VT0.5_8 VT0.5 8 5000 41036 302396 261360
VT0.5_8 VT0.5 8 5100 42506 310185 267679
VT0.5_8 VT0.5 8 5200 44686 305953 261267
VT0.5_8 VT0.5 8 5300 52889 315154 262265
VT0.5_8 VT0.5 8 5400 49573 308361 258788
VT0.5_8 VT0.5 8 5500 48581 303771 255190
VT0.5_8 VT0.5 8 5600 52260 292236 239976
VT0.5_8 VT0.5 8 5700 52563 292738 240175
VT0.5_8 VT0.5 8 5800 51418 296573 245155
VT0.5_8 VT0.5 8 5900 44360 303010 258650
VT0.5_8 VT0.5 8 6000 46197 301923 255726
VT0.5_8 VT0.5 8 6100 44309 303892 259583
VT0.5_8 VT0.5 8 6200 45601 308336 262735
VT0.5_8 VT0.5 8 6300 43390 312699 269309
VT0.5_8 VT0.5 8 6400 45076 303466 258390
VT0.5_8 VT0.5 8 6500 46017 295202 249185
VT0.5_8 VT0.5 8 6600 48522 296704 248182
VT0.5_8 VT0.5 8 6700 50806 303043 252237
VT0.5_8 VT0.5 8 6800 49592 299051 249459
VT0.5_8 VT0.5 8 6900 47545 291801 244256
VT0.5_8 VT0.5 8 7000 47993 296266 248273
VT0.5_8 VT0.5 8 7100 48109 308143 260034
VT0.5_8 VT0.5 8 7200 47471 303748 256277
VT0.5_8 VT0.5 8 7300 47651 308339 260688
VT0.5_8 VT0.5 8 7400 46518 308080 261562
VT0.5_8 VT0.5 8 7500 45716 294439 248723
VT0.5_8 VT0.5 8 7600 44874 299203 254329
VT0.5_8 VT0.5 8 7700 44786 296695 251909
VT0.5_8 VT0.5 8 7800 46989 306384 259395
VT0.5_8 VT0.5 8 7900 44130 307501 263371
VT0.5_8 VT0.5 8 8000 55227 296107 240880
VT0.5_8 VT0.5 8 8100 50757 299866 249109
VT0.5_8 VT0.5 8 8200 47571 294485 246914
VT0.5_8 VT0.5 8 8300 47632 284530 236898
VT0.5_8 VT0.5 8 8400 47093 294969 247876
VT0.5_8 VT0.5 8 8500 47309 300016 252707
VT0.5_8 VT0.5 8 8600 46748 294873 248125
VT0.5_8 VT0.5 8 8700 49243 298482 249239
VT0.5_8 VT0.5 8 8800 43994 299770 255776
VT0.5_8 VT0.5 8 8900 45486 307695 262209
VT0.5_8 VT0.5 8 9000 45438 310653 265215
VT0.5_8 VT0.5 8 9100 47499 316586 269087
VT0.5_8 VT0.5 8 9200 43465 305456 261991
VT0.5_8 VT0.5 8 9300 43198 305940 262742
VT0.5_8 VT0.5 8 9400 44248 305272 261024
VT0.5_8 VT0.5 8 9500 44353 301003 256650
VT0.5_8 VT0.5 8 9600 47668 298300 250632
VT0.5_8 VT0.5 8 9700 46689 286817 240128
VT0.5_8 VT0.5 8 9800 49822 273866 224044
VT0.5_8 VT0.5 8 9900 50507 282970 232463
VT0.5_8 VT0.5 8 10000 47716 286926 239210
VT0.5_9 VT0.5 9 0 0 0 0
VT0.5_9 VT0.5 9 100 79 1492 1413
VT0.5_9 VT0.5 9 200 520 11355 10835
VT0.5_9 VT0.5 9 300 833 21325 20492
VT0.5_9 VT0.5 9 400 1132 29012 27880
VT0.5_9 VT0.5 9 500 1380 37895 36515
VT0.5_9 VT0.5 9 600 1463 43032 41569
VT0.5_9 VT0.5 9 700 6870 73316 66446
VT0.5_9 VT0.5 9 800 27124 128158 101034
VT0.5_9 VT0.5 9 900 35810 158300 122490
VT0.5_9 VT0.5 9 1000 34818 153815 118997
VT0.5_9 VT0.5 9 1100 45261 165503 120242
VT0.5_9 VT0.5 9 1200 55268 195129 139861
VT0.5_9 VT0.5 9 1300 54813 228948 174135
VT0.5_9 VT0.5 9 1400 57199 255664 198465
VT0.5_9 VT0.5 9 1500 58946 264215 205269
VT0.5_9 VT0.5 9 1600 58294 260343 202049
VT0.5_9 VT0.5 9 1700 61872 256352 194480
VT0.5_9 VT0.5 9 1800 55841 234861 179020
VT0.5_9 VT0.5 9 1900 58024 225232 167208
VT0.5_9 VT0.5 9 2000 59456 209511 150055
VT0.5_9 VT0.5 9 2100 52866 197213 144347
VT0.5_9 VT0.5 9 2200 50411 201657 151246
VT0.5_9 VT0.5 9 2300 55730 195748 140018
VT0.5_9 VT0.5 9 2400 60459 202243 141784
VT0.5_9 VT0.5 9 2500 58625 223117 164492
VT0.5_9 VT0.5 9 2600 61780 247325 185545
VT0.5_9 VT0.5 9 2700 77967 292211 214244
VT0.5_9 VT0.5 9 2800 92168 338639 246471
VT0.5_9 VT0.5 9 2900 88868 352523 263655
VT0.5_9 VT0.5 9 3000 75149 356113 280964
VT0.5_9 VT0.5 9 3100 74137 348579 274442
VT0.5_9 VT0.5 9 3200 72785 340689 267904
VT0.5_9 VT0.5 9 3300 81368 340846 259478
VT0.5_9 VT0.5 9 3400 86345 327778 241433
VT0.5_9 VT0.5 9 3500 87414 312905 225491
VT0.5_9 VT0.5 9 3600 84586 331824 247238
VT0.5_9 VT0.5 9 3700 86933 344441 257508
VT0.5_9 VT0.5 9 3800 89592 335169 245577
VT0.5_9 VT0.5 9 3900 79860 339931 260071
VT0.5_9 VT0.5 9 4000 66383 333019 266636
VT0.5_9 VT0.5 9 4100 64152 332680 268528
VT0.5_9 VT0.5 9 4200 60157 315993 255836
VT0.5_9 VT0.5 9 4300 59495 312504 253009
VT0.5_9 VT0.5 9 4400 62132 304183 242051
VT0.5_9 VT0.5 9 4500 55512 303985 248473
VT0.5_9 VT0.5 9 4600 53263 317942 264679
VT0.5_9 VT0.5 9 4700 52291 316884 264593
VT0.5_9 VT0.5 9 4800 54953 311571 256618
VT0.5_9 VT0.5 9 4900 59774 311640 251866
VT0.5_9 VT0.5 9 5000 57738 314108 256370
VT0.5_9 VT0.5 9 5100 56469 306893 250424
VT0.5_9 VT0.5 9 5200 64486 317513 253027
VT0.5_9 VT0.5 9 5300 56275 319317 263042
VT0.5_9 VT0.5 9 5400 54328 320108 265780
VT0.5_9 VT0.5 9 5500 52647 326634 273987
VT0.5_9 VT0.5 9 5600 48479 334089 285610
VT0.5_9 VT0.5 9 5700 49424 336622 287198
VT0.5_9 VT0.5 9 5800 47171 348973 301802
VT0.5_9 VT0.5 9 5900 53777 353037 299260
VT0.5_9 VT0.5 9 6000 52567 332529 279962
VT0.5_9 VT0.5 9 6100 58083 321247 263164
VT0.5_9 VT0.5 9 6200 60523 325426 264903
VT0.5_9 VT0.5 9 6300 56754 331007 274253
VT0.5_9 VT0.5 9 6400 55206 339676 284470
VT0.5_9 VT0.5 9 6500 53218 331575 278357
VT0.5_9 VT0.5 9 6600 58294 326789 268495
VT0.5_9 VT0.5 9 6700 53843 336935 283092
VT0.5_9 VT0.5 9 6800 49527 334718 285191
VT0.5_9 VT0.5 9 6900 52396 327371 274975
VT0.5_9 VT0.5 9 7000 52295 314496 262201
VT0.5_9 VT0.5 9 7100 50418 306144 255726
VT0.5_9 VT0.5 9 7200 48027 319023 270996
VT0.5_9 VT0.5 9 7300 51381 315034 263653
VT0.5_9 VT0.5 9 7400 50219 301821 251602
VT0.5_9 VT0.5 9 7500 52156 299377 247221
VT0.5_9 VT0.5 9 7600 55270 306493 251223
VT0.5_9 VT0.5 9 7700 63366 310735 247369
VT0.5_9 VT0.5 9 7800 59149 302972 243823
VT0.5_9 VT0.5 9 7900 54787 306107 251320
VT0.5_9 VT0.5 9 8000 48313 300876 252563
VT0.5_9 VT0.5 9 8100 49620 308103 258483
VT0.5_9 VT0.5 9 8200 48610 299992 251382
VT0.5_9 VT0.5 9 8300 48258 295640 247382
VT0.5_9 VT0.5 9 8400 49830 295189 245359
VT0.5_9 VT0.5 9 8500 49272 290686 241414
VT0.5_9 VT0.5 9 8600 49680 305993 256313
VT0.5_9 VT0.5 9 8700 51989 318205 266216
VT0.5_9 VT0.5 9 8800 48714 321113 272399
VT0.5_9 VT0.5 9 8900 51297 324518 273221
VT0.5_9 VT0.5 9 9000 57684 305962 248278
VT0.5_9 VT0.5 9 9100 62251 309804 247553
VT0.5_9 VT0.5 9 9200 58224 299287 241063
VT0.5_9 VT0.5 9 9300 55828 306423 250595
VT0.5_9 VT0.5 9 9400 45873 300431 254558
VT0.5_9 VT0.5 9 9500 43830 292079 248249
VT0.5_9 VT0.5 9 9600 43475 285896 242421
VT0.5_9 VT0.5 9 9700 45195 291498 246303
VT0.5_9 VT0.5 9 9800 49093 298776 249683
VT0.5_9 VT0.5 9 9900 46071 297472 251401
VT0.5_9 VT0.5 9 10000 46401 292412 246011
VT0.5_10 VT0.5 10 0 0 0 0
VT0.5_10 VT0.5 10 100 82 1523 1441
VT0.5_10 VT0.5 10 200 557 11435 10878
VT0.5_10 VT0.5 10 300 804 20927 20123
VT0.5_10 VT0.5 10 400 1085 28524 27439
VT0.5_10 VT0.5 10 500 1346 36205 34859
VT0.5_10 VT0.5 10 600 1504 44544 43040
VT0.5_10 VT0.5 10 700 1784 52897 51113
VT0.5_10 VT0.5 10 800 2133 55211 53078
VT0.5_10 VT0.5 10 900 7054 67988 60934
VT0.5_10 VT0.5 10 1000 18521 65665 47144
VT0.5_10 VT0.5 10 1100 29391 55041 25650
VT0.5_10 VT0.5 10 1200 31851 67761 35910
VT0.5_10 VT0.5 10 1300 39511 101028 61517
VT0.5_10 VT0.5 10 1400 45379 115494 70115
VT0.5_10 VT0.5 10 1500 46879 130872 83993
VT0.5_10 VT0.5 10 1600 49490 152446 102956
VT0.5_10 VT0.5 10 1700 55642 173525 117883
VT0.5_10 VT0.5 10 1800 54192 188795 134603
VT0.5_10 VT0.5 10 1900 51787 196286 144499
VT0.5_10 VT0.5 10 2000 60349 214647 154298
VT0.5_10 VT0.5 10 2100 69127 214014 144887
VT0.5_10 VT0.5 10 2200 66543 212398 145855
VT0.5_10 VT0.5 10 2300 58456 244979 186523
VT0.5_10 VT0.5 10 2400 65624 251250 185626
VT0.5_10 VT0.5 10 2500 75579 243934 168355
VT0.5_10 VT0.5 10 2600 70077 245015 174938
VT0.5_10 VT0.5 10 2700 71595 255419 183824
VT0.5_10 VT0.5 10 2800 68301 265359 197058
VT0.5_10 VT0.5 10 2900 66827 283986 217159
VT0.5_10 VT0.5 10 3000 66893 279533 212640
VT0.5_10 VT0.5 10 3100 64563 271432 206869
VT0.5_10 VT0.5 10 3200 61303 266447 205144
VT0.5_10 VT0.5 10 3300 60743 255369 194626
VT0.5_10 VT0.5 10 3400 59967 256399 196432
VT0.5_10 VT0.5 10 3500 62644 263095 200451
VT0.5_10 VT0.5 10 3600 57677 263984 206307
VT0.5_10 VT0.5 10 3700 57489 283132 225643
VT0.5_10 VT0.5 10 3800 59386 289044 229658
VT0.5_10 VT0.5 10 3900 59101 294980 235879
VT0.5_10 VT0.5 10 4000 57353 300069 242716
VT0.5_10 VT0.5 10 4100 59421 302992 243571
VT0.5_10 VT0.5 10 4200 62760 308144 245384
VT0.5_10 VT0.5 10 4300 63101 314058 250957
VT0.5_10 VT0.5 10 4400 69875 313697 243822
VT0.5_10 VT0.5 10 4500 72612 314252 241640
VT0.5_10 VT0.5 10 4600 71991 304015 232024
VT0.5_10 VT0.5 10 4700 73726 301213 227487
VT0.5_10 VT0.5 10 4800 64271 302307 238036
VT0.5_10 VT0.5 10 4900 68506 306389 237883
VT0.5_10 VT0.5 10 5000 70237 309565 239328
VT0.5_10 VT0.5 10 5100 69018 301419 232401
VT0.5_10 VT0.5 10 5200 66476 294314 227838
VT0.5_10 VT0.5 10 5300 67186 274167 206981
VT0.5_10 VT0.5 10 5400 62375 276844 214469
VT0.5_10 VT0.5 10 5500 58747 276959 218212
VT0.5_10 VT0.5 10 5600 55771 283093 227322
VT0.5_10 VT0.5 10 5700 61270 276461 215191
VT0.5_10 VT0.5 10 5800 63447 281871 218424
VT0.5_10 VT0.5 10 5900 65550 305399 239849
VT0.5_10 VT0.5 10 6000 70006 312579 242573
VT0.5_10 VT0.5 10 6100 78812 321486 242674
VT0.5_10 VT0.5 10 6200 70308 317636 247328
VT0.5_10 VT0.5 10 6300 65624 297102 231478
VT0.5_10 VT0.5 10 6400 64123 297543 233420
VT0.5_10 VT0.5 10 6500 58537 294290 235753
VT0.5_10 VT0.5 10 6600 52913 289694 236781
VT0.5_10 VT0.5 10 6700 58300 287024 228724
VT0.5_10 VT0.5 10 6800 67207 298200 230993
VT0.5_10 VT0.5 10 6900 74873 302179 227306
VT0.5_10 VT0.5 10 7000 84226 324696 240470
VT0.5_10 VT0.5 10 7100 87772 329246 241474
VT0.5_10 VT0.5 10 7200 92287 345480 253193
VT0.5_10 VT0.5 10 7300 91661 363433 271772
VT0.5_10 VT0.5 10 7400 74466 355576 281110
VT0.5_10 VT0.5 10 7500 68585 351724 283139
VT0.5_10 VT0.5 10 7600 67036 345197 278161
VT0.5_10 VT0.5 10 7700 59868 338176 278308
VT0.5_10 VT0.5 10 7800 58007 329296 271289
VT0.5_10 VT0.5 10 7900 61375 332627 271252
VT0.5_10 VT0.5 10 8000 56954 325157 268203
VT0.5_10 VT0.5 10 8100 62253 322248 259995
VT0.5_10 VT0.5 10 8200 64051 335478 271427
VT0.5_10 VT0.5 10 8300 65847 350041 284194
VT0.5_10 VT0.5 10 8400 62406 368493 306087
VT0.5_10 VT0.5 10 8500 69035 373664 304629
VT0.5_10 VT0.5 10 8600 69905 362858 292953
VT0.5_10 VT0.5 10 8700 66722 359662 292940
VT0.5_10 VT0.5 10 8800 63538 346894 283356
VT0.5_10 VT0.5 10 8900 61014 345514 284500
VT0.5_10 VT0.5 10 9000 56098 348420 292322
VT0.5_10 VT0.5 10 9100 57526 355748 298222
VT0.5_10 VT0.5 10 9200 53916 368119 314203
VT0.5_10 VT0.5 10 9300 54051 367817 313766
VT0.5_10 VT0.5 10 9400 53321 381173 327852
VT0.5_10 VT0.5 10 9500 55133 380664 325531
VT0.5_10 VT0.5 10 9600 51591 376466 324875
VT0.5_10 VT0.5 10 9700 52511 377376 324865
VT0.5_10 VT0.5 10 9800 49515 375860 326345
VT0.5_10 VT0.5 10 9900 43759 385095 341336
VT0.5_10 VT0.5 10 10000 45310 370097 324787
VT0.75_1 VT0.75 1 0 0 0 0
VT0.75_1 VT0.75 1 100 89 1944 1855
VT0.75_1 VT0.75 1 200 573 12428 11855
VT0.75_1 VT0.75 1 300 952 21904 20952
VT0.75_1 VT0.75 1 400 1287 29732 28445
VT0.75_1 VT0.75 1 500 1548 38790 37242
VT0.75_1 VT0.75 1 600 1533 49766 48233
VT0.75_1 VT0.75 1 700 2417 56717 54300
VT0.75_1 VT0.75 1 800 10078 105951 95873
VT0.75_1 VT0.75 1 900 20343 151541 131198
VT0.75_1 VT0.75 1 1000 26583 268108 241525
VT0.75_1 VT0.75 1 1100 30757 395915 365158
VT0.75_1 VT0.75 1 1200 28995 386173 357178
VT0.75_1 VT0.75 1 1300 30470 364277 333807
VT0.75_1 VT0.75 1 1400 32446 369454 337008
VT0.75_1 VT0.75 1 1500 31257 371072 339815
VT0.75_1 VT0.75 1 1600 32040 365025 332985
VT0.75_1 VT0.75 1 1700 31699 364208 332509
VT0.75_1 VT0.75 1 1800 32567 362792 330225
VT0.75_1 VT0.75 1 1900 34270 362657 328387
VT0.75_1 VT0.75 1 2000 33813 367402 333589
VT0.75_1 VT0.75 1 2100 36744 362448 325704
VT0.75_1 VT0.75 1 2200 37223 354084 316861
VT0.75_1 VT0.75 1 2300 39861 361201 321340
VT0.75_1 VT0.75 1 2400 35429 363923 328494
VT0.75_1 VT0.75 1 2500 39320 370914 331594
VT0.75_1 VT0.75 1 2600 38829 365637 326808
VT0.75_1 VT0.75 1 2700 43331 355429 312098
VT0.75_1 VT0.75 1 2800 41099 358727 317628
VT0.75_1 VT0.75 1 2900 43008 359710 316702
VT0.75_1 VT0.75 1 3000 41763 356212 314449
VT0.75_1 VT0.75 1 3100 40793 363739 322946
VT0.75_1 VT0.75 1 3200 43590 362047 318457
VT0.75_1 VT0.75 1 3300 47047 360544 313497
VT0.75_1 VT0.75 1 3400 46272 380195 333923
VT0.75_1 VT0.75 1 3500 46347 435663 389316
VT0.75_1 VT0.75 1 3600 48705 458864 410159
VT0.75_1 VT0.75 1 3700 50279 466228 415949
VT0.75_1 VT0.75 1 3800 48473 470933 422460
VT0.75_1 VT0.75 1 3900 52501 484664 432163
VT0.75_1 VT0.75 1 4000 51520 480159 428639
VT0.75_1 VT0.75 1 4100 51908 466735 414827
VT0.75_1 VT0.75 1 4200 49811 464793 414982
VT0.75_1 VT0.75 1 4300 46387 467511 421124
VT0.75_1 VT0.75 1 4400 45442 479560 434118
VT0.75_1 VT0.75 1 4500 49690 490524 440834
VT0.75_1 VT0.75 1 4600 50538 496625 446087
VT0.75_1 VT0.75 1 4700 48738 480985 432247
VT0.75_1 VT0.75 1 4800 52515 465864 413349
VT0.75_1 VT0.75 1 4900 50027 475147 425120
VT0.75_1 VT0.75 1 5000 51518 488000 436482
VT0.75_1 VT0.75 1 5100 48497 480324 431827
VT0.75_1 VT0.75 1 5200 51225 479332 428107
VT0.75_1 VT0.75 1 5300 50377 479322 428945
VT0.75_1 VT0.75 1 5400 53976 472959 418983
VT0.75_1 VT0.75 1 5500 49605 474970 425365
VT0.75_1 VT0.75 1 5600 47120 482815 435695
VT0.75_1 VT0.75 1 5700 47538 478337 430799
VT0.75_1 VT0.75 1 5800 47666 480860 433194
VT0.75_1 VT0.75 1 5900 46023 469000 422977
VT0.75_1 VT0.75 1 6000 49094 458628 409534
VT0.75_1 VT0.75 1 6100 44728 460908 416180
VT0.75_1 VT0.75 1 6200 45677 464484 418807
VT0.75_1 VT0.75 1 6300 46277 455854 409577
VT0.75_1 VT0.75 1 6400 48002 460869 412867
VT0.75_1 VT0.75 1 6500 46202 456464 410262
VT0.75_1 VT0.75 1 6600 46475 468970 422495
VT0.75_1 VT0.75 1 6700 50794 474527 423733
VT0.75_1 VT0.75 1 6800 55108 471014 415906
VT0.75_1 VT0.75 1 6900 50428 474517 424089
VT0.75_1 VT0.75 1 7000 49792 467085 417293
VT0.75_1 VT0.75 1 7100 49095 484073 434978
VT0.75_1 VT0.75 1 7200 50074 486589 436515
VT0.75_1 VT0.75 1 7300 47544 476506 428962
VT0.75_1 VT0.75 1 7400 49619 478083 428464
VT0.75_1 VT0.75 1 7500 49724 477396 427672
VT0.75_1 VT0.75 1 7600 48765 466777 418012
VT0.75_1 VT0.75 1 7700 50101 456772 406671
VT0.75_1 VT0.75 1 7800 57410 458023 400613
VT0.75_1 VT0.75 1 7900 54010 470569 416559
VT0.75_1 VT0.75 1 8000 49993 496781 446788
VT0.75_1 VT0.75 1 8100 48653 487323 438670
VT0.75_1 VT0.75 1 8200 53774 477981 424207
VT0.75_1 VT0.75 1 8300 52804 474328 421524
VT0.75_1 VT0.75 1 8400 53375 470748 417373
VT0.75_1 VT0.75 1 8500 51753 472316 420563
VT0.75_1 VT0.75 1 8600 48883 476207 427324
VT0.75_1 VT0.75 1 8700 46874 495770 448896
VT0.75_1 VT0.75 1 8800 50870 498247 447377
VT0.75_1 VT0.75 1 8900 53693 491963 438270
VT0.75_1 VT0.75 1 9000 48879 491245 442366
VT0.75_1 VT0.75 1 9100 51270 485880 434610
VT0.75_1 VT0.75 1 9200 52630 493503 440873
VT0.75_1 VT0.75 1 9300 48374 482696 434322
VT0.75_1 VT0.75 1 9400 46072 489066 442994
VT0.75_1 VT0.75 1 9500 45758 489999 444241
VT0.75_1 VT0.75 1 9600 48335 486576 438241
VT0.75_1 VT0.75 1 9700 46688 489068 442380
VT0.75_1 VT0.75 1 9800 49175 493046 443871
VT0.75_1 VT0.75 1 9900 53516 482873 429357
VT0.75_1 VT0.75 1 10000 49936 480472 430536
VT0.75_2 VT0.75 2 0 0 0 0
VT0.75_2 VT0.75 2 100 88 1875 1787
VT0.75_2 VT0.75 2 200 503 12162 11659
VT0.75_2 VT0.75 2 300 739 21595 20856
VT0.75_2 VT0.75 2 400 1032 30102 29070
VT0.75_2 VT0.75 2 500 1100 35432 34332
VT0.75_2 VT0.75 2 600 1311 24683 23372
VT0.75_2 VT0.75 2 700 12114 70592 58478
VT0.75_2 VT0.75 2 800 22411 112115 89704
VT0.75_2 VT0.75 2 900 26488 104687 78199
VT0.75_2 VT0.75 2 1000 28034 91231 63197
VT0.75_2 VT0.75 2 1100 31042 74263 43221
VT0.75_2 VT0.75 2 1200 34821 80864 46043
VT0.75_2 VT0.75 2 1300 33472 147425 113953
VT0.75_2 VT0.75 2 1400 36783 220701 183918
VT0.75_2 VT0.75 2 1500 35630 243205 207575
VT0.75_2 VT0.75 2 1600 37719 253756 216037
VT0.75_2 VT0.75 2 1700 37645 250409 212764
VT0.75_2 VT0.75 2 1800 40516 253425 212909
VT0.75_2 VT0.75 2 1900 39128 255384 216256
VT0.75_2 VT0.75 2 2000 42443 250627 208184
VT0.75_2 VT0.75 2 2100 45554 256205 210651
VT0.75_2 VT0.75 2 2200 44189 258808 214619
VT0.75_2 VT0.75 2 2300 43504 256460 212956
VT0.75_2 VT0.75 2 2400 44738 259547 214809
VT0.75_2 VT0.75 2 2500 43850 269001 225151
VT0.75_2 VT0.75 2 2600 43703 266514 222811
VT0.75_2 VT0.75 2 2700 42868 262857 219989
VT0.75_2 VT0.75 2 2800 43417 262956 219539
VT0.75_2 VT0.75 2 2900 45002 256734 211732
VT0.75_2 VT0.75 2 3000 47514 259518 212004
VT0.75_2 VT0.75 2 3100 47653 265345 217692
VT0.75_2 VT0.75 2 3200 48270 264207 215937
VT0.75_2 VT0.75 2 3300 47173 262627 215454
VT0.75_2 VT0.75 2 3400 48107 262705 214598
VT0.75_2 VT0.75 2 3500 45550 258915 213365
VT0.75_2 VT0.75 2 3600 49501 258152 208651
VT0.75_2 VT0.75 2 3700 51242 266303 215061
VT0.75_2 VT0.75 2 3800 50540 267634 217094
VT0.75_2 VT0.75 2 3900 49342 263876 214534
VT0.75_2 VT0.75 2 4000 49986 266404 216418
VT0.75_2 VT0.75 2 4100 50001 267554 217553
VT0.75_2 VT0.75 2 4200 48401 251108 202707
VT0.75_2 VT0.75 2 4300 46253 239080 192827
VT0.75_2 VT0.75 2 4400 45959 238986 193027
VT0.75_2 VT0.75 2 4500 50043 238551 188508
VT0.75_2 VT0.75 2 4600 50147 231396 181249
VT0.75_2 VT0.75 2 4700 52432 221284 168852
VT0.75_2 VT0.75 2 4800 51615 227406 175791
VT0.75_2 VT0.75 2 4900 52642 233675 181033
VT0.75_2 VT0.75 2 5000 51136 232791 181655
VT0.75_2 VT0.75 2 5100 51140 228792 177652
VT0.75_2 VT0.75 2 5200 52290 231696 179406
VT0.75_2 VT0.75 2 5300 53559 233497 179938
VT0.75_2 VT0.75 2 5400 56850 230754 173904
VT0.75_2 VT0.75 2 5500 55656 225674 170018
VT0.75_2 VT0.75 2 5600 53801 218623 164822
VT0.75_2 VT0.75 2 5700 54768 206174 151406
VT0.75_2 VT0.75 2 5800 51665 217166 165501
VT0.75_2 VT0.75 2 5900 54349 225420 171071
VT0.75_2 VT0.75 2 6000 49628 228117 178489
VT0.75_2 VT0.75 2 6100 51361 235998 184637
VT0.75_2 VT0.75 2 6200 54200 234796 180596
VT0.75_2 VT0.75 2 6300 51408 250543 199135
VT0.75_2 VT0.75 2 6400 46616 280020 233404
VT0.75_2 VT0.75 2 6500 43955 316721 272766
VT0.75_2 VT0.75 2 6600 45896 349568 303672
VT0.75_2 VT0.75 2 6700 43873 366646 322773
VT0.75_2 VT0.75 2 6800 43697 390379 346682
VT0.75_2 VT0.75 2 6900 43506 398524 355018
VT0.75_2 VT0.75 2 7000 41460 400776 359316
VT0.75_2 VT0.75 2 7100 41346 416445 375099
VT0.75_2 VT0.75 2 7200 38881 431173 392292
VT0.75_2 VT0.75 2 7300 39893 433761 393868
VT0.75_2 VT0.75 2 7400 38672 427827 389155
VT0.75_2 VT0.75 2 7500 39343 428985 389642
VT0.75_2 VT0.75 2 7600 38199 430643 392444
VT0.75_2 VT0.75 2 7700 38876 439473 400597
VT0.75_2 VT0.75 2 7800 39519 436570 397051
VT0.75_2 VT0.75 2 7900 38137 436166 398029
VT0.75_2 VT0.75 2 8000 37907 441304 403397
VT0.75_2 VT0.75 2 8100 34226 441603 407377
VT0.75_2 VT0.75 2 8200 35134 440549 405415
VT0.75_2 VT0.75 2 8300 35887 438306 402419
VT0.75_2 VT0.75 2 8400 37070 442735 405665
VT0.75_2 VT0.75 2 8500 37260 432340 395080
VT0.75_2 VT0.75 2 8600 39473 432422 392949
VT0.75_2 VT0.75 2 8700 40114 434064 393950
VT0.75_2 VT0.75 2 8800 40213 432317 392104
VT0.75_2 VT0.75 2 8900 38860 434659 395799
VT0.75_2 VT0.75 2 9000 38393 425442 387049
VT0.75_2 VT0.75 2 9100 39387 429178 389791
VT0.75_2 VT0.75 2 9200 38905 426777 387872
VT0.75_2 VT0.75 2 9300 37756 442839 405083
VT0.75_2 VT0.75 2 9400 41581 435816 394235
VT0.75_2 VT0.75 2 9500 39915 434558 394643
VT0.75_2 VT0.75 2 9600 39496 435850 396354
VT0.75_2 VT0.75 2 9700 42614 431953 389339
VT0.75_2 VT0.75 2 9800 41120 442559 401439
VT0.75_2 VT0.75 2 9900 39721 441728 402007
VT0.75_2 VT0.75 2 10000 38616 444613 405997
VT0.75_3 VT0.75 3 0 0 0 0
VT0.75_3 VT0.75 3 100 83 1949 1866
VT0.75_3 VT0.75 3 200 586 12260 11674
VT0.75_3 VT0.75 3 300 996 21798 20802
VT0.75_3 VT0.75 3 400 1285 30124 28839
VT0.75_3 VT0.75 3 500 1546 38697 37151
VT0.75_3 VT0.75 3 600 1671 48438 46767
VT0.75_3 VT0.75 3 700 1895 54488 52593
VT0.75_3 VT0.75 3 800 4367 65931 61564
VT0.75_3 VT0.75 3 900 12240 85217 72977
VT0.75_3 VT0.75 3 1000 18913 95653 76740
VT0.75_3 VT0.75 3 1100 25033 118283 93250
VT0.75_3 VT0.75 3 1200 34074 161886 127812
VT0.75_3 VT0.75 3 1300 51581 168032 116451
VT0.75_3 VT0.75 3 1400 56717 162043 105326
VT0.75_3 VT0.75 3 1500 52453 169029 116576
VT0.75_3 VT0.75 3 1600 46607 206355 159748
VT0.75_3 VT0.75 3 1700 45782 247101 201319
VT0.75_3 VT0.75 3 1800 44676 252285 207609
VT0.75_3 VT0.75 3 1900 46985 250746 203761
VT0.75_3 VT0.75 3 2000 51173 238052 186879
VT0.75_3 VT0.75 3 2100 53355 222109 168754
VT0.75_3 VT0.75 3 2200 55332 236319 180987
VT0.75_3 VT0.75 3 2300 53654 270774 217120
VT0.75_3 VT0.75 3 2400 52788 277490 224702
VT0.75_3 VT0.75 3 2500 50499 301872 251373
VT0.75_3 VT0.75 3 2600 53844 317654 263810
VT0.75_3 VT0.75 3 2700 52727 333251 280524
VT0.75_3 VT0.75 3 2800 55029 342349 287320
VT0.75_3 VT0.75 3 2900 58211 338636 280425
VT0.75_3 VT0.75 3 3000 56854 345113 288259
VT0.75_3 VT0.75 3 3100 55150 341932 286782
VT0.75_3 VT0.75 3 3200 61216 334567 273351
VT0.75_3 VT0.75 3 3300 57212 317036 259824
VT0.75_3 VT0.75 3 3400 53886 316549 262663
VT0.75_3 VT0.75 3 3500 54241 314971 260730
VT0.75_3 VT0.75 3 3600 47457 321072 273615
VT0.75_3 VT0.75 3 3700 49939 321480 271541
VT0.75_3 VT0.75 3 3800 54017 312036 258019
VT0.75_3 VT0.75 3 3900 61296 320925 259629
VT0.75_3 VT0.75 3 4000 56993 320456 263463
VT0.75_3 VT0.75 3 4100 52562 317093 264531
VT0.75_3 VT0.75 3 4200 50632 344258 293626
VT0.75_3 VT0.75 3 4300 58111 347292 289181
VT0.75_3 VT0.75 3 4400 58821 335124 276303
VT0.75_3 VT0.75 3 4500 57517 335108 277591
VT0.75_3 VT0.75 3 4600 56778 337857 281079
VT0.75_3 VT0.75 3 4700 56084 325205 269121
VT0.75_3 VT0.75 3 4800 60112 304044 243932
VT0.75_3 VT0.75 3 4900 53779 277350 223571
VT0.75_3 VT0.75 3 5000 52249 230811 178562
VT0.75_3 VT0.75 3 5100 49205 210270 161065
VT0.75_3 VT0.75 3 5200 47764 183052 135288
VT0.75_3 VT0.75 3 5300 44978 133611 88633
VT0.75_3 VT0.75 3 5400 43968 99075 55107
VT0.75_3 VT0.75 3 5500 43064 71614 28550
VT0.75_3 VT0.75 3 5600 40086 62267 22181
VT0.75_3 VT0.75 3 5700 37862 51017 13155
VT0.75_3 VT0.75 3 5800 39847 44931 5084
VT0.75_3 VT0.75 3 5900 38536 44656 6120
VT0.75_3 VT0.75 3 6000 37507 47947 10440
VT0.75_3 VT0.75 3 6100 37062 40471 3409
VT0.75_3 VT0.75 3 6200 36164 35046 -1118
VT0.75_3 VT0.75 3 6300 37214 35883 -1331
VT0.75_3 VT0.75 3 6400 38526 40313 1787
VT0.75_3 VT0.75 3 6500 38227 40188 1961
VT0.75_3 VT0.75 3 6600 40593 43119 2526
VT0.75_3 VT0.75 3 6700 37322 52360 15038
VT0.75_3 VT0.75 3 6800 35859 70207 34348
VT0.75_3 VT0.75 3 6900 38650 92853 54203
VT0.75_3 VT0.75 3 7000 39220 93201 53981
VT0.75_3 VT0.75 3 7100 39854 100540 60686
VT0.75_3 VT0.75 3 7200 38590 112293 73703
VT0.75_3 VT0.75 3 7300 37072 103781 66709
VT0.75_3 VT0.75 3 7400 37025 111770 74745
VT0.75_3 VT0.75 3 7500 36603 115856 79253
VT0.75_3 VT0.75 3 7600 35777 128568 92791
VT0.75_3 VT0.75 3 7700 37152 147628 110476
VT0.75_3 VT0.75 3 7800 39600 207020 167420
VT0.75_3 VT0.75 3 7900 41561 295631 254070
VT0.75_3 VT0.75 3 8000 42640 358190 315550
VT0.75_3 VT0.75 3 8100 43218 377706 334488
VT0.75_3 VT0.75 3 8200 42826 392306 349480
VT0.75_3 VT0.75 3 8300 46416 398555 352139
VT0.75_3 VT0.75 3 8400 47564 390797 343233
VT0.75_3 VT0.75 3 8500 48422 400471 352049
VT0.75_3 VT0.75 3 8600 44959 406168 361209
VT0.75_3 VT0.75 3 8700 46492 411560 365068
VT0.75_3 VT0.75 3 8800 48196 413568 365372
VT0.75_3 VT0.75 3 8900 47244 411147 363903
VT0.75_3 VT0.75 3 9000 44689 411115 366426
VT0.75_3 VT0.75 3 9100 48311 414896 366585
VT0.75_3 VT0.75 3 9200 46947 411123 364176
VT0.75_3 VT0.75 3 9300 45991 407051 361060
VT0.75_3 VT0.75 3 9400 46560 403466 356906
VT0.75_3 VT0.75 3 9500 51164 399189 348025
VT0.75_3 VT0.75 3 9600 45790 402301 356511
VT0.75_3 VT0.75 3 9700 46876 395155 348279
VT0.75_3 VT0.75 3 9800 49389 406516 357127
VT0.75_3 VT0.75 3 9900 45803 417046 371243
VT0.75_3 VT0.75 3 10000 43826 418464 374638
VT0.75_4 VT0.75 4 0 0 0 0
VT0.75_4 VT0.75 4 100 85 1950 1865
VT0.75_4 VT0.75 4 200 512 12559 12047
VT0.75_4 VT0.75 4 300 784 22982 22198
VT0.75_4 VT0.75 4 400 1053 31585 30532
VT0.75_4 VT0.75 4 500 1099 33920 32821
VT0.75_4 VT0.75 4 600 748 15204 14456
VT0.75_4 VT0.75 4 700 3533 30824 27291
VT0.75_4 VT0.75 4 800 16645 66689 50044
VT0.75_4 VT0.75 4 900 22177 80427 58250
VT0.75_4 VT0.75 4 1000 30818 117800 86982
VT0.75_4 VT0.75 4 1100 38783 173426 134643
VT0.75_4 VT0.75 4 1200 42795 214517 171722
VT0.75_4 VT0.75 4 1300 42897 249075 206178
VT0.75_4 VT0.75 4 1400 42810 256424 213614
VT0.75_4 VT0.75 4 1500 43364 273485 230121
VT0.75_4 VT0.75 4 1600 50476 271128 220652
VT0.75_4 VT0.75 4 1700 50713 268025 217312
VT0.75_4 VT0.75 4 1800 53180 273024 219844
VT0.75_4 VT0.75 4 1900 50835 281900 231065
VT0.75_4 VT0.75 4 2000 49737 298704 248967
VT0.75_4 VT0.75 4 2100 50923 296277 245354
VT0.75_4 VT0.75 4 2200 52208 278883 226675
VT0.75_4 VT0.75 4 2300 56252 262116 205864
VT0.75_4 VT0.75 4 2400 59214 253186 193972
VT0.75_4 VT0.75 4 2500 61989 256473 194484
VT0.75_4 VT0.75 4 2600 59487 248019 188532
VT0.75_4 VT0.75 4 2700 54590 256474 201884
VT0.75_4 VT0.75 4 2800 46992 277836 230844
VT0.75_4 VT0.75 4 2900 48490 311963 263473
VT0.75_4 VT0.75 4 3000 51339 352878 301539
VT0.75_4 VT0.75 4 3100 50913 372995 322082
VT0.75_4 VT0.75 4 3200 52407 367561 315154
VT0.75_4 VT0.75 4 3300 54148 369637 315489
VT0.75_4 VT0.75 4 3400 53105 365546 312441
VT0.75_4 VT0.75 4 3500 50909 359328 308419
VT0.75_4 VT0.75 4 3600 58039 369828 311789
VT0.75_4 VT0.75 4 3700 53977 362726 308749
VT0.75_4 VT0.75 4 3800 53697 363190 309493
VT0.75_4 VT0.75 4 3900 53485 366998 313513
VT0.75_4 VT0.75 4 4000 46790 381160 334370
VT0.75_4 VT0.75 4 4100 50484 374748 324264
VT0.75_4 VT0.75 4 4200 59153 368708 309555
VT0.75_4 VT0.75 4 4300 56129 372127 315998
VT0.75_4 VT0.75 4 4400 59856 379671 319815
VT0.75_4 VT0.75 4 4500 64178 362748 298570
VT0.75_4 VT0.75 4 4600 60024 376528 316504
VT0.75_4 VT0.75 4 4700 64303 378701 314398
VT0.75_4 VT0.75 4 4800 63165 359504 296339
VT0.75_4 VT0.75 4 4900 62097 368007 305910
VT0.75_4 VT0.75 4 5000 53963 376246 322283
VT0.75_4 VT0.75 4 5100 55911 376518 320607
VT0.75_4 VT0.75 4 5200 57510 364023 306513
VT0.75_4 VT0.75 4 5300 58071 364384 306313
VT0.75_4 VT0.75 4 5400 53656 372492 318836
VT0.75_4 VT0.75 4 5500 55576 355322 299746
VT0.75_4 VT0.75 4 5600 51948 341585 289637
VT0.75_4 VT0.75 4 5700 51460 350309 298849
VT0.75_4 VT0.75 4 5800 55042 349257 294215
VT0.75_4 VT0.75 4 5900 52070 352582 300512
VT0.75_4 VT0.75 4 6000 53217 370361 317144
VT0.75_4 VT0.75 4 6100 53721 367628 313907
VT0.75_4 VT0.75 4 6200 50886 374391 323505
VT0.75_4 VT0.75 4 6300 50308 376544 326236
VT0.75_4 VT0.75 4 6400 46232 362462 316230
VT0.75_4 VT0.75 4 6500 44761 365346 320585
VT0.75_4 VT0.75 4 6600 43510 368648 325138
VT0.75_4 VT0.75 4 6700 47101 369908 322807
VT0.75_4 VT0.75 4 6800 45455 376895 331440
VT0.75_4 VT0.75 4 6900 47547 380594 333047
VT0.75_4 VT0.75 4 7000 45199 389727 344528
VT0.75_4 VT0.75 4 7100 46089 378298 332209
VT0.75_4 VT0.75 4 7200 47565 373016 325451
VT0.75_4 VT0.75 4 7300 48241 375307 327066
VT0.75_4 VT0.75 4 7400 47489 378085 330596
VT0.75_4 VT0.75 4 7500 44181 372527 328346
VT0.75_4 VT0.75 4 7600 45254 365213 319959
VT0.75_4 VT0.75 4 7700 47340 350172 302832
VT0.75_4 VT0.75 4 7800 48257 357825 309568
VT0.75_4 VT0.75 4 7900 46727 375724 328997
VT0.75_4 VT0.75 4 8000 44501 377721 333220
VT0.75_4 VT0.75 4 8100 45545 372444 326899
VT0.75_4 VT0.75 4 8200 48311 376625 328314
VT0.75_4 VT0.75 4 8300 46081 367506 321425
VT0.75_4 VT0.75 4 8400 47981 373728 325747
VT0.75_4 VT0.75 4 8500 48248 372489 324241
VT0.75_4 VT0.75 4 8600 46941 379194 332253
VT0.75_4 VT0.75 4 8700 43549 382037 338488
VT0.75_4 VT0.75 4 8800 45518 376135 330617
VT0.75_4 VT0.75 4 8900 47138 370825 323687
VT0.75_4 VT0.75 4 9000 47284 377432 330148
VT0.75_4 VT0.75 4 9100 47393 371468 324075
VT0.75_4 VT0.75 4 9200 43042 382053 339011
VT0.75_4 VT0.75 4 9300 41075 396219 355144
VT0.75_4 VT0.75 4 9400 43669 392688 349019
VT0.75_4 VT0.75 4 9500 41093 390933 349840
VT0.75_4 VT0.75 4 9600 42806 396988 354182
VT0.75_4 VT0.75 4 9700 42911 387920 345009
VT0.75_4 VT0.75 4 9800 39853 396425 356572
VT0.75_4 VT0.75 4 9900 39135 402790 363655
VT0.75_4 VT0.75 4 10000 38435 404254 365819
VT0.75_5 VT0.75 5 0 0 0 0
VT0.75_5 VT0.75 5 100 89 1956 1867
VT0.75_5 VT0.75 5 200 512 12526 12014
VT0.75_5 VT0.75 5 300 827 22118 21291
VT0.75_5 VT0.75 5 400 1178 30060 28882
VT0.75_5 VT0.75 5 500 1401 38282 36881
VT0.75_5 VT0.75 5 600 1681 47999 46318
VT0.75_5 VT0.75 5 700 2156 57122 54966
VT0.75_5 VT0.75 5 800 4508 70262 65754
VT0.75_5 VT0.75 5 900 14605 112008 97403
VT0.75_5 VT0.75 5 1000 25273 154584 129311
VT0.75_5 VT0.75 5 1100 46378 170442 124064
VT0.75_5 VT0.75 5 1200 55097 196045 140948
VT0.75_5 VT0.75 5 1300 60217 229589 169372
VT0.75_5 VT0.75 5 1400 57130 231024 173894
VT0.75_5 VT0.75 5 1500 51305 238487 187182
VT0.75_5 VT0.75 5 1600 47486 237206 189720
VT0.75_5 VT0.75 5 1700 48479 246920 198441
VT0.75_5 VT0.75 5 1800 46817 244493 197676
VT0.75_5 VT0.75 5 1900 47328 257054 209726
VT0.75_5 VT0.75 5 2000 50222 290596 240374
VT0.75_5 VT0.75 5 2100 52034 328606 276572
VT0.75_5 VT0.75 5 2200 52668 374016 321348
VT0.75_5 VT0.75 5 2300 57051 396874 339823
VT0.75_5 VT0.75 5 2400 53873 400469 346596
VT0.75_5 VT0.75 5 2500 54363 412107 357744
VT0.75_5 VT0.75 5 2600 55905 406416 350511
VT0.75_5 VT0.75 5 2700 57117 390370 333253
VT0.75_5 VT0.75 5 2800 56150 361763 305613
VT0.75_5 VT0.75 5 2900 54725 336834 282109
VT0.75_5 VT0.75 5 3000 60933 311065 250132
VT0.75_5 VT0.75 5 3100 64291 316739 252448
VT0.75_5 VT0.75 5 3200 52831 301490 248659
VT0.75_5 VT0.75 5 3300 56042 286091 230049
VT0.75_5 VT0.75 5 3400 55085 299359 244274
VT0.75_5 VT0.75 5 3500 52394 296119 243725
VT0.75_5 VT0.75 5 3600 52097 292901 240804
VT0.75_5 VT0.75 5 3700 55066 293621 238555
VT0.75_5 VT0.75 5 3800 51599 297527 245928
VT0.75_5 VT0.75 5 3900 51753 303731 251978
VT0.75_5 VT0.75 5 4000 53225 308472 255247
VT0.75_5 VT0.75 5 4100 53966 304463 250497
VT0.75_5 VT0.75 5 4200 52231 302779 250548
VT0.75_5 VT0.75 5 4300 53111 299713 246602
VT0.75_5 VT0.75 5 4400 55177 295199 240022
VT0.75_5 VT0.75 5 4500 52911 284095 231184
VT0.75_5 VT0.75 5 4600 52881 293181 240300
VT0.75_5 VT0.75 5 4700 53105 289204 236099
VT0.75_5 VT0.75 5 4800 56911 294676 237765
VT0.75_5 VT0.75 5 4900 53832 292406 238574
VT0.75_5 VT0.75 5 5000 56436 290935 234499
VT0.75_5 VT0.75 5 5100 49096 297988 248892
VT0.75_5 VT0.75 5 5200 48361 297210 248849
VT0.75_5 VT0.75 5 5300 47106 294906 247800
VT0.75_5 VT0.75 5 5400 51802 306610 254808
VT0.75_5 VT0.75 5 5500 53453 310173 256720
VT0.75_5 VT0.75 5 5600 50384 302922 252538
VT0.75_5 VT0.75 5 5700 51703 298459 246756
VT0.75_5 VT0.75 5 5800 49242 294155 244913
VT0.75_5 VT0.75 5 5900 49915 294695 244780
VT0.75_5 VT0.75 5 6000 51765 291548 239783
VT0.75_5 VT0.75 5 6100 51056 282555 231499
VT0.75_5 VT0.75 5 6200 53308 291475 238167
VT0.75_5 VT0.75 5 6300 52536 290831 238295
VT0.75_5 VT0.75 5 6400 47486 289965 242479
VT0.75_5 VT0.75 5 6500 49151 288747 239596
VT0.75_5 VT0.75 5 6600 51855 291787 239932
VT0.75_5 VT0.75 5 6700 55452 300259 244807
VT0.75_5 VT0.75 5 6800 56484 294471 237987
VT0.75_5 VT0.75 5 6900 54476 283918 229442
VT0.75_5 VT0.75 5 7000 52098 280160 228062
VT0.75_5 VT0.75 5 7100 52285 274962 222677
VT0.75_5 VT0.75 5 7200 50481 281287 230806
VT0.75_5 VT0.75 5 7300 51664 288135 236471
VT0.75_5 VT0.75 5 7400 49395 294958 245563
VT0.75_5 VT0.75 5 7500 49852 291137 241285
VT0.75_5 VT0.75 5 7600 44265 291992 247727
VT0.75_5 VT0.75 5 7700 44922 293519 248597
VT0.75_5 VT0.75 5 7800 47733 290091 242358
VT0.75_5 VT0.75 5 7900 47813 289448 241635
VT0.75_5 VT0.75 5 8000 50366 288045 237679
VT0.75_5 VT0.75 5 8100 47814 282327 234513
VT0.75_5 VT0.75 5 8200 46242 279686 233444
VT0.75_5 VT0.75 5 8300 49858 286787 236929
VT0.75_5 VT0.75 5 8400 50501 281742 231241
VT0.75_5 VT0.75 5 8500 48456 282361 233905
VT0.75_5 VT0.75 5 8600 50002 292851 242849
VT0.75_5 VT0.75 5 8700 51368 279827 228459
VT0.75_5 VT0.75 5 8800 50815 271149 220334
VT0.75_5 VT0.75 5 8900 53472 286569 233097
VT0.75_5 VT0.75 5 9000 50049 289306 239257
VT0.75_5 VT0.75 5 9100 48799 278126 229327
VT0.75_5 VT0.75 5 9200 49822 287644 237822
VT0.75_5 VT0.75 5 9300 49009 293877 244868
VT0.75_5 VT0.75 5 9400 52151 295699 243548
VT0.75_5 VT0.75 5 9500 52376 282537 230161
VT0.75_5 VT0.75 5 9600 51060 282946 231886
VT0.75_5 VT0.75 5 9700 52968 285919 232951
VT0.75_5 VT0.75 5 9800 52453 289735 237282
VT0.75_5 VT0.75 5 9900 48775 296508 247733
VT0.75_5 VT0.75 5 10000 52502 299639 247137
VT0.75_6 VT0.75 6 0 0 0 0
VT0.75_6 VT0.75 6 100 90 1949 1859
VT0.75_6 VT0.75 6 200 527 12593 12066
VT0.75_6 VT0.75 6 300 848 22587 21739
VT0.75_6 VT0.75 6 400 1070 30734 29664
VT0.75_6 VT0.75 6 500 1315 38241 36926
VT0.75_6 VT0.75 6 600 1535 47395 45860
VT0.75_6 VT0.75 6 700 1678 53149 51471
VT0.75_6 VT0.75 6 800 8588 65838 57250
VT0.75_6 VT0.75 6 900 18133 77446 59313
VT0.75_6 VT0.75 6 1000 20654 64469 43815
VT0.75_6 VT0.75 6 1100 26410 58738 32328
VT0.75_6 VT0.75 6 1200 28208 64557 36349
VT0.75_6 VT0.75 6 1300 31276 88394 57118
VT0.75_6 VT0.75 6 1400 35265 174606 139341
VT0.75_6 VT0.75 6 1500 35967 245930 209963
VT0.75_6 VT0.75 6 1600 38895 269589 230694
VT0.75_6 VT0.75 6 1700 42140 266323 224183
VT0.75_6 VT0.75 6 1800 40405 272127 231722
VT0.75_6 VT0.75 6 1900 41102 268353 227251
VT0.75_6 VT0.75 6 2000 40650 263932 223282
VT0.75_6 VT0.75 6 2100 40459 260973 220514
VT0.75_6 VT0.75 6 2200 42201 261978 219777
VT0.75_6 VT0.75 6 2300 42400 261107 218707
VT0.75_6 VT0.75 6 2400 41891 260476 218585
VT0.75_6 VT0.75 6 2500 45315 249866 204551
VT0.75_6 VT0.75 6 2600 45274 252232 206958
VT0.75_6 VT0.75 6 2700 46314 254527 208213
VT0.75_6 VT0.75 6 2800 46831 260965 214134
VT0.75_6 VT0.75 6 2900 46995 258846 211851
VT0.75_6 VT0.75 6 3000 47072 257654 210582
VT0.75_6 VT0.75 6 3100 47370 257013 209643
VT0.75_6 VT0.75 6 3200 50600 260348 209748
VT0.75_6 VT0.75 6 3300 49474 256399 206925
VT0.75_6 VT0.75 6 3400 48077 257400 209323
VT0.75_6 VT0.75 6 3500 47980 257281 209301
VT0.75_6 VT0.75 6 3600 49422 262282 212860
VT0.75_6 VT0.75 6 3700 49876 267834 217958
VT0.75_6 VT0.75 6 3800 48165 264194 216029
VT0.75_6 VT0.75 6 3900 48842 269584 220742
VT0.75_6 VT0.75 6 4000 50746 258898 208152
VT0.75_6 VT0.75 6 4100 49260 261359 212099
VT0.75_6 VT0.75 6 4200 50744 258346 207602
VT0.75_6 VT0.75 6 4300 51266 257606 206340
VT0.75_6 VT0.75 6 4400 50869 259738 208869
VT0.75_6 VT0.75 6 4500 50659 255373 204714
VT0.75_6 VT0.75 6 4600 51495 254834 203339
VT0.75_6 VT0.75 6 4700 47474 261740 214266
VT0.75_6 VT0.75 6 4800 52931 260674 207743
VT0.75_6 VT0.75 6 4900 48575 260620 212045
VT0.75_6 VT0.75 6 5000 46141 257914 211773
VT0.75_6 VT0.75 6 5100 49351 263748 214397
VT0.75_6 VT0.75 6 5200 50030 260178 210148
VT0.75_6 VT0.75 6 5300 50099 262154 212055
VT0.75_6 VT0.75 6 5400 50034 260185 210151
VT0.75_6 VT0.75 6 5500 50042 257905 207863
VT0.75_6 VT0.75 6 5600 52944 251831 198887
VT0.75_6 VT0.75 6 5700 54491 254650 200159
VT0.75_6 VT0.75 6 5800 52577 256204 203627
VT0.75_6 VT0.75 6 5900 51973 251733 199760
VT0.75_6 VT0.75 6 6000 51966 255406 203440
VT0.75_6 VT0.75 6 6100 50447 250301 199854
VT0.75_6 VT0.75 6 6200 48681 254755 206074
VT0.75_6 VT0.75 6 6300 46195 256473 210278
VT0.75_6 VT0.75 6 6400 48353 251308 202955
VT0.75_6 VT0.75 6 6500 48777 246269 197492
VT0.75_6 VT0.75 6 6600 48747 238300 189553
VT0.75_6 VT0.75 6 6700 47948 240688 192740
VT0.75_6 VT0.75 6 6800 49548 233535 183987
VT0.75_6 VT0.75 6 6900 47057 230860 183803
VT0.75_6 VT0.75 6 7000 48992 232614 183622
VT0.75_6 VT0.75 6 7100 50807 233588 182781
VT0.75_6 VT0.75 6 7200 50742 220653 169911
VT0.75_6 VT0.75 6 7300 49457 211285 161828
VT0.75_6 VT0.75 6 7400 52713 205096 152383
VT0.75_6 VT0.75 6 7500 50502 210068 159566
VT0.75_6 VT0.75 6 7600 49471 209894 160423
VT0.75_6 VT0.75 6 7700 48689 211844 163155
VT0.75_6 VT0.75 6 7800 47561 213253 165692
VT0.75_6 VT0.75 6 7900 50742 214146 163404
VT0.75_6 VT0.75 6 8000 50098 214377 164279
VT0.75_6 VT0.75 6 8100 47793 208083 160290
VT0.75_6 VT0.75 6 8200 48274 209333 161059
VT0.75_6 VT0.75 6 8300 47365 217325 169960
VT0.75_6 VT0.75 6 8400 44482 220936 176454
VT0.75_6 VT0.75 6 8500 44660 218832 174172
VT0.75_6 VT0.75 6 8600 44240 229793 185553
VT0.75_6 VT0.75 6 8700 47118 239071 191953
VT0.75_6 VT0.75 6 8800 46740 240395 193655
VT0.75_6 VT0.75 6 8900 46846 253762 206916
VT0.75_6 VT0.75 6 9000 49384 262956 213572
VT0.75_6 VT0.75 6 9100 47106 273576 226470
VT0.75_6 VT0.75 6 9200 51191 280145 228954
VT0.75_6 VT0.75 6 9300 49823 274988 225165
VT0.75_6 VT0.75 6 9400 47596 282687 235091
VT0.75_6 VT0.75 6 9500 46409 275974 229565
VT0.75_6 VT0.75 6 9600 50695 290772 240077
VT0.75_6 VT0.75 6 9700 50893 328550 277657
VT0.75_6 VT0.75 6 9800 49380 319093 269713
VT0.75_6 VT0.75 6 9900 51908 308142 256234
VT0.75_6 VT0.75 6 10000 46374 305672 259298
VT0.75_7 VT0.75 7 0 0 0 0
VT0.75_7 VT0.75 7 100 90 1959 1869
VT0.75_7 VT0.75 7 200 508 12342 11834
VT0.75_7 VT0.75 7 300 763 22269 21506
VT0.75_7 VT0.75 7 400 1040 30641 29601
VT0.75_7 VT0.75 7 500 1263 38804 37541
VT0.75_7 VT0.75 7 600 1415 46639 45224
VT0.75_7 VT0.75 7 700 1283 39203 37920
VT0.75_7 VT0.75 7 800 13533 92080 78547
VT0.75_7 VT0.75 7 900 20147 144180 124033
VT0.75_7 VT0.75 7 1000 32716 159873 127157
VT0.75_7 VT0.75 7 1100 45617 158403 112786
VT0.75_7 VT0.75 7 1200 41123 156612 115489
VT0.75_7 VT0.75 7 1300 33935 166966 133031
VT0.75_7 VT0.75 7 1400 36635 184020 147385
VT0.75_7 VT0.75 7 1500 38647 199170 160523
VT0.75_7 VT0.75 7 1600 38253 216262 178009
VT0.75_7 VT0.75 7 1700 44250 224621 180371
VT0.75_7 VT0.75 7 1800 46767 248415 201648
VT0.75_7 VT0.75 7 1900 51720 253247 201527
VT0.75_7 VT0.75 7 2000 53059 274390 221331
VT0.75_7 VT0.75 7 2100 58048 287415 229367
VT0.75_7 VT0.75 7 2200 65322 315790 250468
VT0.75_7 VT0.75 7 2300 75347 331371 256024
VT0.75_7 VT0.75 7 2400 73527 351620 278093
VT0.75_7 VT0.75 7 2500 69808 400822 331014
VT0.75_7 VT0.75 7 2600 65987 431445 365458
VT0.75_7 VT0.75 7 2700 65840 452979 387139
VT0.75_7 VT0.75 7 2800 66223 469173 402950
VT0.75_7 VT0.75 7 2900 67630 450596 382966
VT0.75_7 VT0.75 7 3000 65940 445465 379525
VT0.75_7 VT0.75 7 3100 67646 442541 374895
VT0.75_7 VT0.75 7 3200 63597 433790 370193
VT0.75_7 VT0.75 7 3300 63720 418062 354342
VT0.75_7 VT0.75 7 3400 63124 403827 340703
VT0.75_7 VT0.75 7 3500 62247 420337 358090
VT0.75_7 VT0.75 7 3600 58939 439316 380377
VT0.75_7 VT0.75 7 3700 60821 425935 365114
VT0.75_7 VT0.75 7 3800 63606 407390 343784
VT0.75_7 VT0.75 7 3900 60651 400057 339406
VT0.75_7 VT0.75 7 4000 58222 402146 343924
VT0.75_7 VT0.75 7 4100 56390 378087 321697
VT0.75_7 VT0.75 7 4200 58901 354365 295464
VT0.75_7 VT0.75 7 4300 61031 356849 295818
VT0.75_7 VT0.75 7 4400 58782 351722 292940
VT0.75_7 VT0.75 7 4500 58154 367332 309178
VT0.75_7 VT0.75 7 4600 60041 365384 305343
VT0.75_7 VT0.75 7 4700 57160 354944 297784
VT0.75_7 VT0.75 7 4800 60659 364252 303593
VT0.75_7 VT0.75 7 4900 61437 376608 315171
VT0.75_7 VT0.75 7 5000 63863 359387 295524
VT0.75_7 VT0.75 7 5100 61213 378330 317117
VT0.75_7 VT0.75 7 5200 58581 392716 334135
VT0.75_7 VT0.75 7 5300 52662 377654 324992
VT0.75_7 VT0.75 7 5400 52806 350608 297802
VT0.75_7 VT0.75 7 5500 53467 343329 289862
VT0.75_7 VT0.75 7 5600 53517 340049 286532
VT0.75_7 VT0.75 7 5700 52712 324137 271425
VT0.75_7 VT0.75 7 5800 55185 324366 269181
VT0.75_7 VT0.75 7 5900 58462 303703 245241
VT0.75_7 VT0.75 7 6000 54832 287386 232554
VT0.75_7 VT0.75 7 6100 57677 269342 211665
VT0.75_7 VT0.75 7 6200 59063 259650 200587
VT0.75_7 VT0.75 7 6300 54926 236901 181975
VT0.75_7 VT0.75 7 6400 52440 221653 169213
VT0.75_7 VT0.75 7 6500 52760 234011 181251
VT0.75_7 VT0.75 7 6600 56932 273545 216613
VT0.75_7 VT0.75 7 6700 56420 319783 263363
VT0.75_7 VT0.75 7 6800 53962 347509 293547
VT0.75_7 VT0.75 7 6900 53308 343048 289740
VT0.75_7 VT0.75 7 7000 51757 350450 298693
VT0.75_7 VT0.75 7 7100 49345 346104 296759
VT0.75_7 VT0.75 7 7200 48488 331269 282781
VT0.75_7 VT0.75 7 7300 49904 342358 292454
VT0.75_7 VT0.75 7 7400 53819 347867 294048
VT0.75_7 VT0.75 7 7500 54930 339592 284662
VT0.75_7 VT0.75 7 7600 56533 345816 289283
VT0.75_7 VT0.75 7 7700 48877 355057 306180
VT0.75_7 VT0.75 7 7800 43540 348259 304719
VT0.75_7 VT0.75 7 7900 42743 373551 330808
VT0.75_7 VT0.75 7 8000 41038 391055 350017
VT0.75_7 VT0.75 7 8100 41108 402642 361534
VT0.75_7 VT0.75 7 8200 43180 401678 358498
VT0.75_7 VT0.75 7 8300 40986 411378 370392
VT0.75_7 VT0.75 7 8400 44508 419985 375477
VT0.75_7 VT0.75 7 8500 43871 415178 371307
VT0.75_7 VT0.75 7 8600 45793 408768 362975
VT0.75_7 VT0.75 7 8700 42370 426183 383813
VT0.75_7 VT0.75 7 8800 44392 417291 372899
VT0.75_7 VT0.75 7 8900 45770 407261 361491
VT0.75_7 VT0.75 7 9000 45501 398074 352573
VT0.75_7 VT0.75 7 9100 44240 407612 363372
VT0.75_7 VT0.75 7 9200 43566 413173 369607
VT0.75_7 VT0.75 7 9300 44423 396527 352104
VT0.75_7 VT0.75 7 9400 44152 397035 352883
VT0.75_7 VT0.75 7 9500 45700 396235 350535
VT0.75_7 VT0.75 7 9600 42138 394060 351922
VT0.75_7 VT0.75 7 9700 41344 397405 356061
VT0.75_7 VT0.75 7 9800 42455 403297 360842
VT0.75_7 VT0.75 7 9900 45722 397584 351862
VT0.75_7 VT0.75 7 10000 47443 387809 340366
VT0.75_8 VT0.75 8 0 0 0 0
VT0.75_8 VT0.75 8 100 87 1978 1891
VT0.75_8 VT0.75 8 200 566 12611 12045
VT0.75_8 VT0.75 8 300 884 21670 20786
VT0.75_8 VT0.75 8 400 1078 29415 28337
VT0.75_8 VT0.75 8 500 1437 38285 36848
VT0.75_8 VT0.75 8 600 1930 48486 46556
VT0.75_8 VT0.75 8 700 2856 39940 37084
VT0.75_8 VT0.75 8 800 18983 78452 59469
VT0.75_8 VT0.75 8 900 25225 111659 86434
VT0.75_8 VT0.75 8 1000 29987 138340 108353
VT0.75_8 VT0.75 8 1100 33674 190009 156335
VT0.75_8 VT0.75 8 1200 36834 223532 186698
VT0.75_8 VT0.75 8 1300 36775 200725 163950
VT0.75_8 VT0.75 8 1400 39512 158582 119070
VT0.75_8 VT0.75 8 1500 38692 145459 106767
VT0.75_8 VT0.75 8 1600 44532 172785 128253
VT0.75_8 VT0.75 8 1700 43740 169482 125742
VT0.75_8 VT0.75 8 1800 46921 196003 149082
VT0.75_8 VT0.75 8 1900 47632 228997 181365
VT0.75_8 VT0.75 8 2000 47334 276100 228766
VT0.75_8 VT0.75 8 2100 47298 283741 236443
VT0.75_8 VT0.75 8 2200 51726 258741 207015
VT0.75_8 VT0.75 8 2300 48803 260900 212097
VT0.75_8 VT0.75 8 2400 45587 283448 237861
VT0.75_8 VT0.75 8 2500 49926 303901 253975
VT0.75_8 VT0.75 8 2600 53955 331709 277754
VT0.75_8 VT0.75 8 2700 58686 352499 293813
VT0.75_8 VT0.75 8 2800 61031 365252 304221
VT0.75_8 VT0.75 8 2900 56401 370241 313840
VT0.75_8 VT0.75 8 3000 61656 356819 295163
VT0.75_8 VT0.75 8 3100 56578 367344 310766
VT0.75_8 VT0.75 8 3200 56209 363891 307682
VT0.75_8 VT0.75 8 3300 57188 344894 287706
VT0.75_8 VT0.75 8 3400 58687 362803 304116
VT0.75_8 VT0.75 8 3500 59333 375603 316270
VT0.75_8 VT0.75 8 3600 59583 362038 302455
VT0.75_8 VT0.75 8 3700 59270 347062 287792
VT0.75_8 VT0.75 8 3800 60593 352086 291493
VT0.75_8 VT0.75 8 3900 58077 335575 277498
VT0.75_8 VT0.75 8 4000 63699 343932 280233
VT0.75_8 VT0.75 8 4100 55069 336597 281528
VT0.75_8 VT0.75 8 4200 58580 323773 265193
VT0.75_8 VT0.75 8 4300 55889 319324 263435
VT0.75_8 VT0.75 8 4400 52792 317626 264834
VT0.75_8 VT0.75 8 4500 56060 317925 261865
VT0.75_8 VT0.75 8 4600 58330 312120 253790
VT0.75_8 VT0.75 8 4700 52107 335977 283870
VT0.75_8 VT0.75 8 4800 56966 310836 253870
VT0.75_8 VT0.75 8 4900 55539 271206 215667
VT0.75_8 VT0.75 8 5000 58708 248779 190071
VT0.75_8 VT0.75 8 5100 57350 224614 167264
VT0.75_8 VT0.75 8 5200 59258 257536 198278
VT0.75_8 VT0.75 8 5300 60985 292036 231051
VT0.75_8 VT0.75 8 5400 59339 309917 250578
VT0.75_8 VT0.75 8 5500 63712 321502 257790
VT0.75_8 VT0.75 8 5600 64291 324053 259762
VT0.75_8 VT0.75 8 5700 58348 298390 240042
VT0.75_8 VT0.75 8 5800 57887 304544 246657
VT0.75_8 VT0.75 8 5900 58775 300798 242023
VT0.75_8 VT0.75 8 6000 57451 304346 246895
VT0.75_8 VT0.75 8 6100 54610 306951 252341
VT0.75_8 VT0.75 8 6200 52889 311150 258261
VT0.75_8 VT0.75 8 6300 50772 317290 266518
VT0.75_8 VT0.75 8 6400 53924 317353 263429
VT0.75_8 VT0.75 8 6500 51507 303309 251802
VT0.75_8 VT0.75 8 6600 47828 315908 268080
VT0.75_8 VT0.75 8 6700 50154 324673 274519
VT0.75_8 VT0.75 8 6800 50068 322965 272897
VT0.75_8 VT0.75 8 6900 49346 322853 273507
VT0.75_8 VT0.75 8 7000 49754 326775 277021
VT0.75_8 VT0.75 8 7100 49789 312089 262300
VT0.75_8 VT0.75 8 7200 50210 323880 273670
VT0.75_8 VT0.75 8 7300 51979 323955 271976
VT0.75_8 VT0.75 8 7400 50827 315788 264961
VT0.75_8 VT0.75 8 7500 53895 340639 286744
VT0.75_8 VT0.75 8 7600 52091 348309 296218
VT0.75_8 VT0.75 8 7700 47945 353619 305674
VT0.75_8 VT0.75 8 7800 49227 353261 304034
VT0.75_8 VT0.75 8 7900 48215 353594 305379
VT0.75_8 VT0.75 8 8000 48141 342383 294242
VT0.75_8 VT0.75 8 8100 46609 340282 293673
VT0.75_8 VT0.75 8 8200 47884 333441 285557
VT0.75_8 VT0.75 8 8300 49625 322539 272914
VT0.75_8 VT0.75 8 8400 49893 332260 282367
VT0.75_8 VT0.75 8 8500 51956 322728 270772
VT0.75_8 VT0.75 8 8600 50990 312666 261676
VT0.75_8 VT0.75 8 8700 47053 319579 272526
VT0.75_8 VT0.75 8 8800 49815 321671 271856
VT0.75_8 VT0.75 8 8900 47592 316449 268857
VT0.75_8 VT0.75 8 9000 50962 304956 253994
VT0.75_8 VT0.75 8 9100 53900 317789 263889
VT0.75_8 VT0.75 8 9200 54504 326897 272393
VT0.75_8 VT0.75 8 9300 52926 339089 286163
VT0.75_8 VT0.75 8 9400 51497 342955 291458
VT0.75_8 VT0.75 8 9500 47694 349708 302014
VT0.75_8 VT0.75 8 9600 46091 363267 317176
VT0.75_8 VT0.75 8 9700 46700 355873 309173
VT0.75_8 VT0.75 8 9800 46148 362893 316745
VT0.75_8 VT0.75 8 9900 46761 361659 314898
VT0.75_8 VT0.75 8 10000 50383 361775 311392
VT0.75_9 VT0.75 9 0 0 0 0
VT0.75_9 VT0.75 9 100 86 1950 1864
VT0.75_9 VT0.75 9 200 512 12500 11988
VT0.75_9 VT0.75 9 300 791 22208 21417
VT0.75_9 VT0.75 9 400 1015 29925 28910
VT0.75_9 VT0.75 9 500 1154 39009 37855
VT0.75_9 VT0.75 9 600 1446 48520 47074
VT0.75_9 VT0.75 9 700 1583 49373 47790
VT0.75_9 VT0.75 9 800 11455 56226 44771
VT0.75_9 VT0.75 9 900 25065 51868 26803
VT0.75_9 VT0.75 9 1000 36360 65510 29150
VT0.75_9 VT0.75 9 1100 64627 105262 40635
VT0.75_9 VT0.75 9 1200 66603 142580 75977
VT0.75_9 VT0.75 9 1300 61305 182898 121593
VT0.75_9 VT0.75 9 1400 53195 234288 181093
VT0.75_9 VT0.75 9 1500 50187 263005 212818
VT0.75_9 VT0.75 9 1600 47762 327366 279604
VT0.75_9 VT0.75 9 1700 42348 402331 359983
VT0.75_9 VT0.75 9 1800 45200 475606 430406
VT0.75_9 VT0.75 9 1900 46113 498357 452244
VT0.75_9 VT0.75 9 2000 46314 520150 473836
VT0.75_9 VT0.75 9 2100 46364 523302 476938
VT0.75_9 VT0.75 9 2200 49797 531060 481263
VT0.75_9 VT0.75 9 2300 49428 516185 466757
VT0.75_9 VT0.75 9 2400 48679 526272 477593
VT0.75_9 VT0.75 9 2500 46888 530926 484038
VT0.75_9 VT0.75 9 2600 51002 537576 486574
VT0.75_9 VT0.75 9 2700 51395 534462 483067
VT0.75_9 VT0.75 9 2800 50397 526814 476417
VT0.75_9 VT0.75 9 2900 50574 525772 475198
VT0.75_9 VT0.75 9 3000 44595 526224 481629
VT0.75_9 VT0.75 9 3100 46653 533172 486519
VT0.75_9 VT0.75 9 3200 46231 528439 482208
VT0.75_9 VT0.75 9 3300 50723 518876 468153
VT0.75_9 VT0.75 9 3400 48217 515084 466867
VT0.75_9 VT0.75 9 3500 48686 513604 464918
VT0.75_9 VT0.75 9 3600 49228 512458 463230
VT0.75_9 VT0.75 9 3700 46763 511179 464416
VT0.75_9 VT0.75 9 3800 49051 503856 454805
VT0.75_9 VT0.75 9 3900 48490 501525 453035
VT0.75_9 VT0.75 9 4000 45968 509842 463874
VT0.75_9 VT0.75 9 4100 49532 494269 444737
VT0.75_9 VT0.75 9 4200 48314 491849 443535
VT0.75_9 VT0.75 9 4300 46681 490123 443442
VT0.75_9 VT0.75 9 4400 50069 497252 447183
VT0.75_9 VT0.75 9 4500 47837 492874 445037
VT0.75_9 VT0.75 9 4600 49199 505945 456746
VT0.75_9 VT0.75 9 4700 47569 518381 470812
VT0.75_9 VT0.75 9 4800 48700 504018 455318
VT0.75_9 VT0.75 9 4900 49920 496974 447054
VT0.75_9 VT0.75 9 5000 51504 498715 447211
VT0.75_9 VT0.75 9 5100 47924 503616 455692
VT0.75_9 VT0.75 9 5200 50612 507142 456530
VT0.75_9 VT0.75 9 5300 49528 494398 444870
VT0.75_9 VT0.75 9 5400 46608 499732 453124
VT0.75_9 VT0.75 9 5500 48466 500878 452412
VT0.75_9 VT0.75 9 5600 47681 511828 464147
VT0.75_9 VT0.75 9 5700 46739 509282 462543
VT0.75_9 VT0.75 9 5800 48424 506034 457610
VT0.75_9 VT0.75 9 5900 49985 507839 457854
VT0.75_9 VT0.75 9 6000 53409 503212 449803
VT0.75_9 VT0.75 9 6100 51920 503116 451196
VT0.75_9 VT0.75 9 6200 50888 500677 449789
VT0.75_9 VT0.75 9 6300 49916 510059 460143
VT0.75_9 VT0.75 9 6400 52415 500432 448017
VT0.75_9 VT0.75 9 6500 47849 497173 449324
VT0.75_9 VT0.75 9 6600 51664 508478 456814
VT0.75_9 VT0.75 9 6700 53051 506216 453165
VT0.75_9 VT0.75 9 6800 55121 504509 449388
VT0.75_9 VT0.75 9 6900 51709 503766 452057
VT0.75_9 VT0.75 9 7000 51548 506994 455446
VT0.75_9 VT0.75 9 7100 53232 523023 469791
VT0.75_9 VT0.75 9 7200 55826 522922 467096
VT0.75_9 VT0.75 9 7300 53487 519827 466340
VT0.75_9 VT0.75 9 7400 53335 497949 444614
VT0.75_9 VT0.75 9 7500 50427 505444 455017
VT0.75_9 VT0.75 9 7600 49671 509843 460172
VT0.75_9 VT0.75 9 7700 51822 503001 451179
VT0.75_9 VT0.75 9 7800 49831 504373 454542
VT0.75_9 VT0.75 9 7900 48714 494425 445711
VT0.75_9 VT0.75 9 8000 50391 503746 453355
VT0.75_9 VT0.75 9 8100 51306 509644 458338
VT0.75_9 VT0.75 9 8200 49247 505572 456325
VT0.75_9 VT0.75 9 8300 50406 498658 448252
VT0.75_9 VT0.75 9 8400 48001 491570 443569
VT0.75_9 VT0.75 9 8500 46109 499780 453671
VT0.75_9 VT0.75 9 8600 42939 492989 450050
VT0.75_9 VT0.75 9 8700 43424 505196 461772
VT0.75_9 VT0.75 9 8800 47634 513808 466174
VT0.75_9 VT0.75 9 8900 46669 507836 461167
VT0.75_9 VT0.75 9 9000 47345 515595 468250
VT0.75_9 VT0.75 9 9100 48029 511769 463740
VT0.75_9 VT0.75 9 9200 49271 500620 451349
VT0.75_9 VT0.75 9 9300 50553 503743 453190
VT0.75_9 VT0.75 9 9400 51208 503151 451943
VT0.75_9 VT0.75 9 9500 52345 503409 451064
VT0.75_9 VT0.75 9 9600 53887 492554 438667
VT0.75_9 VT0.75 9 9700 51152 501254 450102
VT0.75_9 VT0.75 9 9800 49088 489006 439918
VT0.75_9 VT0.75 9 9900 48589 479040 430451
VT0.75_9 VT0.75 9 10000 49394 494972 445578
VT0.75_10 VT0.75 10 0 0 0 0
VT0.75_10 VT0.75 10 100 91 1843 1752
VT0.75_10 VT0.75 10 200 520 11794 11274
VT0.75_10 VT0.75 10 300 698 21273 20575
VT0.75_10 VT0.75 10 400 1063 29213 28150
VT0.75_10 VT0.75 10 500 1437 37752 36315
VT0.75_10 VT0.75 10 600 1730 47772 46042
VT0.75_10 VT0.75 10 700 2016 58304 56288
VT0.75_10 VT0.75 10 800 4063 59595 55532
VT0.75_10 VT0.75 10 900 16338 74658 58320
VT0.75_10 VT0.75 10 1000 21448 96864 75416
VT0.75_10 VT0.75 10 1100 27405 138350 110945
VT0.75_10 VT0.75 10 1200 33071 191467 158396
VT0.75_10 VT0.75 10 1300 36323 220466 184143
VT0.75_10 VT0.75 10 1400 36546 237983 201437
VT0.75_10 VT0.75 10 1500 40049 253667 213618
VT0.75_10 VT0.75 10 1600 41718 278783 237065
VT0.75_10 VT0.75 10 1700 50639 323829 273190
VT0.75_10 VT0.75 10 1800 50605 359970 309365
VT0.75_10 VT0.75 10 1900 51164 377851 326687
VT0.75_10 VT0.75 10 2000 53782 386930 333148
VT0.75_10 VT0.75 10 2100 55885 408783 352898
VT0.75_10 VT0.75 10 2200 56083 398657 342574
VT0.75_10 VT0.75 10 2300 54794 404475 349681
VT0.75_10 VT0.75 10 2400 55281 391116 335835
VT0.75_10 VT0.75 10 2500 59123 385417 326294
VT0.75_10 VT0.75 10 2600 58662 389889 331227
VT0.75_10 VT0.75 10 2700 57229 391056 333827
VT0.75_10 VT0.75 10 2800 49066 390084 341018
VT0.75_10 VT0.75 10 2900 50903 387227 336324
VT0.75_10 VT0.75 10 3000 50740 381556 330816
VT0.75_10 VT0.75 10 3100 53648 376355 322707
VT0.75_10 VT0.75 10 3200 60092 372702 312610
VT0.75_10 VT0.75 10 3300 66929 373652 306723
VT0.75_10 VT0.75 10 3400 59633 355910 296277
VT0.75_10 VT0.75 10 3500 61949 349648 287699
VT0.75_10 VT0.75 10 3600 59853 343028 283175
VT0.75_10 VT0.75 10 3700 59162 350135 290973
VT0.75_10 VT0.75 10 3800 55769 350399 294630
VT0.75_10 VT0.75 10 3900 58629 338559 279930
VT0.75_10 VT0.75 10 4000 63254 336968 273714
VT0.75_10 VT0.75 10 4100 59376 333958 274582
VT0.75_10 VT0.75 10 4200 52737 322957 270220
VT0.75_10 VT0.75 10 4300 56519 316569 260050
VT0.75_10 VT0.75 10 4400 57255 332588 275333
VT0.75_10 VT0.75 10 4500 58543 343773 285230
VT0.75_10 VT0.75 10 4600 60917 334167 273250
VT0.75_10 VT0.75 10 4700 56496 325029 268533
VT0.75_10 VT0.75 10 4800 52098 333560 281462
VT0.75_10 VT0.75 10 4900 54667 323630 268963
VT0.75_10 VT0.75 10 5000 55593 311848 256255
VT0.75_10 VT0.75 10 5100 55606 322956 267350
VT0.75_10 VT0.75 10 5200 60520 329818 269298
VT0.75_10 VT0.75 10 5300 57839 338223 280384
VT0.75_10 VT0.75 10 5400 56774 349829 293055
VT0.75_10 VT0.75 10 5500 50833 345764 294931
VT0.75_10 VT0.75 10 5600 52010 323974 271964
VT0.75_10 VT0.75 10 5700 51127 330671 279544
VT0.75_10 VT0.75 10 5800 55007 313009 258002
VT0.75_10 VT0.75 10 5900 53346 316902 263556
VT0.75_10 VT0.75 10 6000 53336 311943 258607
VT0.75_10 VT0.75 10 6100 57147 307423 250276
VT0.75_10 VT0.75 10 6200 49558 302532 252974
VT0.75_10 VT0.75 10 6300 52668 309273 256605
VT0.75_10 VT0.75 10 6400 52491 309100 256609
VT0.75_10 VT0.75 10 6500 55185 300853 245668
VT0.75_10 VT0.75 10 6600 52637 299563 246926
VT0.75_10 VT0.75 10 6700 48572 287035 238463
VT0.75_10 VT0.75 10 6800 49032 276788 227756
VT0.75_10 VT0.75 10 6900 50748 271970 221222
VT0.75_10 VT0.75 10 7000 52679 277492 224813
VT0.75_10 VT0.75 10 7100 53713 275402 221689
VT0.75_10 VT0.75 10 7200 46714 272455 225741
VT0.75_10 VT0.75 10 7300 51159 280180 229021
VT0.75_10 VT0.75 10 7400 48420 287139 238719
VT0.75_10 VT0.75 10 7500 48104 293882 245778
VT0.75_10 VT0.75 10 7600 48432 321850 273418
VT0.75_10 VT0.75 10 7700 48826 336162 287336
VT0.75_10 VT0.75 10 7800 51893 335275 283382
VT0.75_10 VT0.75 10 7900 51138 334711 283573
VT0.75_10 VT0.75 10 8000 51619 333636 282017
VT0.75_10 VT0.75 10 8100 51755 330609 278854
VT0.75_10 VT0.75 10 8200 56671 338817 282146
VT0.75_10 VT0.75 10 8300 57604 321094 263490
VT0.75_10 VT0.75 10 8400 52823 319412 266589
VT0.75_10 VT0.75 10 8500 51072 307220 256148
VT0.75_10 VT0.75 10 8600 50010 303866 253856
VT0.75_10 VT0.75 10 8700 51011 306040 255029
VT0.75_10 VT0.75 10 8800 52819 303111 250292
VT0.75_10 VT0.75 10 8900 50196 297640 247444
VT0.75_10 VT0.75 10 9000 54613 315269 260656
VT0.75_10 VT0.75 10 9100 53711 307325 253614
VT0.75_10 VT0.75 10 9200 54952 295699 240747
VT0.75_10 VT0.75 10 9300 47830 292096 244266
VT0.75_10 VT0.75 10 9400 48950 301076 252126
VT0.75_10 VT0.75 10 9500 51308 308720 257412
VT0.75_10 VT0.75 10 9600 56175 303959 247784
VT0.75_10 VT0.75 10 9700 54075 297818 243743
VT0.75_10 VT0.75 10 9800 54083 295666 241583
VT0.75_10 VT0.75 10 9900 57980 290217 232237
VT0.75_10 VT0.75 10 10000 59385 286122 226737
VT1_1 VT1 1 0 0 0 0
VT1_1 VT1 1 100 109 2306 2197
VT1_1 VT1 1 200 619 13105 12486
VT1_1 VT1 1 300 952 23096 22144
VT1_1 VT1 1 400 1218 31942 30724
VT1_1 VT1 1 500 1479 41231 39752
VT1_1 VT1 1 600 1871 51743 49872
VT1_1 VT1 1 700 1923 36200 34277
VT1_1 VT1 1 800 12651 104586 91935
VT1_1 VT1 1 900 23601 209857 186256
VT1_1 VT1 1 1000 31238 306643 275405
VT1_1 VT1 1 1100 35677 339346 303669
VT1_1 VT1 1 1200 39322 351710 312388
VT1_1 VT1 1 1300 37333 376049 338716
VT1_1 VT1 1 1400 38597 412599 374002
VT1_1 VT1 1 1500 39780 432624 392844
VT1_1 VT1 1 1600 40276 449094 408818
VT1_1 VT1 1 1700 40350 466562 426212
VT1_1 VT1 1 1800 40976 477182 436206
VT1_1 VT1 1 1900 41811 498392 456581
VT1_1 VT1 1 2000 45270 506375 461105
VT1_1 VT1 1 2100 46210 503301 457091
VT1_1 VT1 1 2200 42245 495983 453738
VT1_1 VT1 1 2300 44390 509994 465604
VT1_1 VT1 1 2400 44222 516665 472443
VT1_1 VT1 1 2500 44894 523807 478913
VT1_1 VT1 1 2600 45309 519260 473951
VT1_1 VT1 1 2700 46466 530530 484064
VT1_1 VT1 1 2800 47500 529165 481665
VT1_1 VT1 1 2900 46660 524740 478080
VT1_1 VT1 1 3000 44692 547596 502904
VT1_1 VT1 1 3100 43028 539788 496760
VT1_1 VT1 1 3200 43797 536249 492452
VT1_1 VT1 1 3300 45890 549256 503366
VT1_1 VT1 1 3400 52625 551468 498843
VT1_1 VT1 1 3500 53734 535415 481681
VT1_1 VT1 1 3600 52655 541079 488424
VT1_1 VT1 1 3700 54397 548869 494472
VT1_1 VT1 1 3800 53758 551761 498003
VT1_1 VT1 1 3900 54486 547253 492767
VT1_1 VT1 1 4000 52178 546435 494257
VT1_1 VT1 1 4100 49959 540832 490873
VT1_1 VT1 1 4200 48027 539572 491545
VT1_1 VT1 1 4300 47170 544684 497514
VT1_1 VT1 1 4400 50174 534055 483881
VT1_1 VT1 1 4500 52343 547395 495052
VT1_1 VT1 1 4600 54904 545409 490505
VT1_1 VT1 1 4700 50597 543729 493132
VT1_1 VT1 1 4800 51108 541334 490226
VT1_1 VT1 1 4900 51170 532381 481211
VT1_1 VT1 1 5000 48919 540131 491212
VT1_1 VT1 1 5100 47461 538939 491478
VT1_1 VT1 1 5200 46553 526872 480319
VT1_1 VT1 1 5300 45442 521763 476321
VT1_1 VT1 1 5400 45631 528751 483120
VT1_1 VT1 1 5500 47133 526582 479449
VT1_1 VT1 1 5600 43645 527091 483446
VT1_1 VT1 1 5700 44103 512193 468090
VT1_1 VT1 1 5800 43688 527173 483485
VT1_1 VT1 1 5900 47067 538351 491284
VT1_1 VT1 1 6000 45907 542916 497009
VT1_1 VT1 1 6100 48178 540859 492681
VT1_1 VT1 1 6200 49049 535269 486220
VT1_1 VT1 1 6300 49503 530117 480614
VT1_1 VT1 1 6400 53106 520746 467640
VT1_1 VT1 1 6500 48505 537922 489417
VT1_1 VT1 1 6600 49038 528337 479299
VT1_1 VT1 1 6700 46517 521066 474549
VT1_1 VT1 1 6800 48242 523431 475189
VT1_1 VT1 1 6900 47389 530854 483465
VT1_1 VT1 1 7000 43867 539612 495745
VT1_1 VT1 1 7100 44969 532133 487164
VT1_1 VT1 1 7200 48596 534858 486262
VT1_1 VT1 1 7300 44986 549961 504975
VT1_1 VT1 1 7400 44010 546743 502733
VT1_1 VT1 1 7500 46759 547333 500574
VT1_1 VT1 1 7600 49906 544677 494771
VT1_1 VT1 1 7700 48548 532474 483926
VT1_1 VT1 1 7800 48009 536708 488699
VT1_1 VT1 1 7900 46706 543716 497010
VT1_1 VT1 1 8000 47008 539018 492010
VT1_1 VT1 1 8100 45263 545077 499814
VT1_1 VT1 1 8200 47540 557121 509581
VT1_1 VT1 1 8300 49531 543334 493803
VT1_1 VT1 1 8400 46075 551811 505736
VT1_1 VT1 1 8500 45524 544112 498588
VT1_1 VT1 1 8600 46945 547095 500150
VT1_1 VT1 1 8700 45828 545050 499222
VT1_1 VT1 1 8800 45110 546979 501869
VT1_1 VT1 1 8900 46519 534367 487848
VT1_1 VT1 1 9000 48837 524455 475618
VT1_1 VT1 1 9100 45163 544483 499320
VT1_1 VT1 1 9200 45363 548450 503087
VT1_1 VT1 1 9300 43789 549159 505370
VT1_1 VT1 1 9400 42904 549182 506278
VT1_1 VT1 1 9500 45630 539952 494322
VT1_1 VT1 1 9600 46995 536964 489969
VT1_1 VT1 1 9700 46830 530266 483436
VT1_1 VT1 1 9800 42689 537315 494626
VT1_1 VT1 1 9900 44912 546178 501266
VT1_1 VT1 1 10000 43575 538699 495124
VT1_2 VT1 2 0 0 0 0
VT1_2 VT1 2 100 96 2175 2079
VT1_2 VT1 2 200 539 12493 11954
VT1_2 VT1 2 300 928 22378 21450
VT1_2 VT1 2 400 1286 30480 29194
VT1_2 VT1 2 500 1561 39175 37614
VT1_2 VT1 2 600 1517 43706 42189
VT1_2 VT1 2 700 7750 62627 54877
VT1_2 VT1 2 800 16885 108640 91755
VT1_2 VT1 2 900 26857 172407 145550
VT1_2 VT1 2 1000 32313 239733 207420
VT1_2 VT1 2 1100 34996 253536 218540
VT1_2 VT1 2 1200 38130 252580 214450
VT1_2 VT1 2 1300 40816 251202 210386
VT1_2 VT1 2 1400 42724 265732 223008
VT1_2 VT1 2 1500 43696 290797 247101
VT1_2 VT1 2 1600 50880 311960 261080
VT1_2 VT1 2 1700 51093 316615 265522
VT1_2 VT1 2 1800 52156 318478 266322
VT1_2 VT1 2 1900 52918 319361 266443
VT1_2 VT1 2 2000 46914 350948 304034
VT1_2 VT1 2 2100 47166 352167 305001
VT1_2 VT1 2 2200 51764 347931 296167
VT1_2 VT1 2 2300 56676 342620 285944
VT1_2 VT1 2 2400 55022 342727 287705
VT1_2 VT1 2 2500 56828 336877 280049
VT1_2 VT1 2 2600 58359 341048 282689
VT1_2 VT1 2 2700 56859 335383 278524
VT1_2 VT1 2 2800 56445 329298 272853
VT1_2 VT1 2 2900 52827 330217 277390
VT1_2 VT1 2 3000 51020 330563 279543
VT1_2 VT1 2 3100 48996 336438 287442
VT1_2 VT1 2 3200 51608 333557 281949
VT1_2 VT1 2 3300 49302 333399 284097
VT1_2 VT1 2 3400 51328 317555 266227
VT1_2 VT1 2 3500 51301 322597 271296
VT1_2 VT1 2 3600 50648 327674 277026
VT1_2 VT1 2 3700 51650 334959 283309
VT1_2 VT1 2 3800 50825 340019 289194
VT1_2 VT1 2 3900 50935 339947 289012
VT1_2 VT1 2 4000 49913 338076 288163
VT1_2 VT1 2 4100 52874 330113 277239
VT1_2 VT1 2 4200 52099 336633 284534
VT1_2 VT1 2 4300 50881 332957 282076
VT1_2 VT1 2 4400 53981 339779 285798
VT1_2 VT1 2 4500 55824 336009 280185
VT1_2 VT1 2 4600 56928 331768 274840
VT1_2 VT1 2 4700 56317 328582 272265
VT1_2 VT1 2 4800 53013 334881 281868
VT1_2 VT1 2 4900 54788 337008 282220
VT1_2 VT1 2 5000 49519 355913 306394
VT1_2 VT1 2 5100 54828 361077 306249
VT1_2 VT1 2 5200 53762 349239 295477
VT1_2 VT1 2 5300 54663 351664 297001
VT1_2 VT1 2 5400 54741 362186 307445
VT1_2 VT1 2 5500 51100 358369 307269
VT1_2 VT1 2 5600 48472 358453 309981
VT1_2 VT1 2 5700 53590 359604 306014
VT1_2 VT1 2 5800 57515 372766 315251
VT1_2 VT1 2 5900 54737 373334 318597
VT1_2 VT1 2 6000 56614 375411 318797
VT1_2 VT1 2 6100 53696 376533 322837
VT1_2 VT1 2 6200 53412 392046 338634
VT1_2 VT1 2 6300 52593 409308 356715
VT1_2 VT1 2 6400 53951 415593 361642
VT1_2 VT1 2 6500 52321 429697 377376
VT1_2 VT1 2 6600 55006 432338 377332
VT1_2 VT1 2 6700 57576 447547 389971
VT1_2 VT1 2 6800 54648 468259 413611
VT1_2 VT1 2 6900 51744 468040 416296
VT1_2 VT1 2 7000 51733 479634 427901
VT1_2 VT1 2 7100 53932 488618 434686
VT1_2 VT1 2 7200 49844 504746 454902
VT1_2 VT1 2 7300 48267 509763 461496
VT1_2 VT1 2 7400 47707 498231 450524
VT1_2 VT1 2 7500 46183 495294 449111
VT1_2 VT1 2 7600 49891 505044 455153
VT1_2 VT1 2 7700 51036 509421 458385
VT1_2 VT1 2 7800 51528 498619 447091
VT1_2 VT1 2 7900 51238 512274 461036
VT1_2 VT1 2 8000 50342 507188 456846
VT1_2 VT1 2 8100 50228 503948 453720
VT1_2 VT1 2 8200 51159 489167 438008
VT1_2 VT1 2 8300 51236 480593 429357
VT1_2 VT1 2 8400 51878 487858 435980
VT1_2 VT1 2 8500 54833 492688 437855
VT1_2 VT1 2 8600 52358 500795 448437
VT1_2 VT1 2 8700 51190 493021 441831
VT1_2 VT1 2 8800 49837 500137 450300
VT1_2 VT1 2 8900 49240 503364 454124
VT1_2 VT1 2 9000 50636 505769 455133
VT1_2 VT1 2 9100 48422 513739 465317
VT1_2 VT1 2 9200 50838 509987 459149
VT1_2 VT1 2 9300 49349 509274 459925
VT1_2 VT1 2 9400 47389 515932 468543
VT1_2 VT1 2 9500 48888 510054 461166
VT1_2 VT1 2 9600 50715 511767 461052
VT1_2 VT1 2 9700 50856 517485 466629
VT1_2 VT1 2 9800 52172 522968 470796
VT1_2 VT1 2 9900 50378 523336 472958
VT1_2 VT1 2 10000 51911 525968 474057
VT1_3 VT1 3 0 0 0 0
VT1_3 VT1 3 100 96 2210 2114
VT1_3 VT1 3 200 606 12845 12239
VT1_3 VT1 3 300 1081 23002 21921
VT1_3 VT1 3 400 1306 30759 29453
VT1_3 VT1 3 500 1444 39480 38036
VT1_3 VT1 3 600 1313 39891 38578
VT1_3 VT1 3 700 62740 52854 -9886
VT1_3 VT1 3 800 93258 78702 -14556
VT1_3 VT1 3 900 30786 61896 31110
VT1_3 VT1 3 1000 30370 53373 23003
VT1_3 VT1 3 1100 32431 44487 12056
VT1_3 VT1 3 1200 33540 59908 26368
VT1_3 VT1 3 1300 34552 118504 83952
VT1_3 VT1 3 1400 36825 188723 151898
VT1_3 VT1 3 1500 39564 227453 187889
VT1_3 VT1 3 1600 41456 260871 219415
VT1_3 VT1 3 1700 43134 265457 222323
VT1_3 VT1 3 1800 43701 273317 229616
VT1_3 VT1 3 1900 43732 280915 237183
VT1_3 VT1 3 2000 43859 284819 240960
VT1_3 VT1 3 2100 43165 295499 252334
VT1_3 VT1 3 2200 46547 288384 241837
VT1_3 VT1 3 2300 45215 301777 256562
VT1_3 VT1 3 2400 43460 317543 274083
VT1_3 VT1 3 2500 45444 353193 307749
VT1_3 VT1 3 2600 44985 374097 329112
VT1_3 VT1 3 2700 49025 374460 325435
VT1_3 VT1 3 2800 46999 374863 327864
VT1_3 VT1 3 2900 46582 362354 315772
VT1_3 VT1 3 3000 48818 357471 308653
VT1_3 VT1 3 3100 47671 362296 314625
VT1_3 VT1 3 3200 46069 368982 322913
VT1_3 VT1 3 3300 49800 370167 320367
VT1_3 VT1 3 3400 47614 370725 323111
VT1_3 VT1 3 3500 49642 379726 330084
VT1_3 VT1 3 3600 49428 368645 319217
VT1_3 VT1 3 3700 47910 372308 324398
VT1_3 VT1 3 3800 50097 385112 335015
VT1_3 VT1 3 3900 53783 376913 323130
VT1_3 VT1 3 4000 53060 358470 305410
VT1_3 VT1 3 4100 52966 349150 296184
VT1_3 VT1 3 4200 51640 375661 324021
VT1_3 VT1 3 4300 49932 389413 339481
VT1_3 VT1 3 4400 52540 394744 342204
VT1_3 VT1 3 4500 48253 364681 316428
VT1_3 VT1 3 4600 48503 354623 306120
VT1_3 VT1 3 4700 54864 350573 295709
VT1_3 VT1 3 4800 49234 351262 302028
VT1_3 VT1 3 4900 47356 353377 306021
VT1_3 VT1 3 5000 49599 353179 303580
VT1_3 VT1 3 5100 49285 377014 327729
VT1_3 VT1 3 5200 47986 371584 323598
VT1_3 VT1 3 5300 47327 381261 333934
VT1_3 VT1 3 5400 46235 372372 326137
VT1_3 VT1 3 5500 48266 384401 336135
VT1_3 VT1 3 5600 49317 359053 309736
VT1_3 VT1 3 5700 47384 352162 304778
VT1_3 VT1 3 5800 48411 346356 297945
VT1_3 VT1 3 5900 46913 343319 296406
VT1_3 VT1 3 6000 46047 345771 299724
VT1_3 VT1 3 6100 47624 342269 294645
VT1_3 VT1 3 6200 46235 350033 303798
VT1_3 VT1 3 6300 48690 357963 309273
VT1_3 VT1 3 6400 47194 353847 306653
VT1_3 VT1 3 6500 44195 354683 310488
VT1_3 VT1 3 6600 42554 374480 331926
VT1_3 VT1 3 6700 47006 370892 323886
VT1_3 VT1 3 6800 49868 363890 314022
VT1_3 VT1 3 6900 46781 367950 321169
VT1_3 VT1 3 7000 48583 354578 305995
VT1_3 VT1 3 7100 50978 374695 323717
VT1_3 VT1 3 7200 46322 372378 326056
VT1_3 VT1 3 7300 47093 373123 326030
VT1_3 VT1 3 7400 47625 381709 334084
VT1_3 VT1 3 7500 49247 392836 343589
VT1_3 VT1 3 7600 48513 374996 326483
VT1_3 VT1 3 7700 47691 362865 315174
VT1_3 VT1 3 7800 48049 351233 303184
VT1_3 VT1 3 7900 46568 342722 296154
VT1_3 VT1 3 8000 47488 351887 304399
VT1_3 VT1 3 8100 47096 346298 299202
VT1_3 VT1 3 8200 45275 348397 303122
VT1_3 VT1 3 8300 47800 346922 299122
VT1_3 VT1 3 8400 50264 343692 293428
VT1_3 VT1 3 8500 47082 342971 295889
VT1_3 VT1 3 8600 46551 346214 299663
VT1_3 VT1 3 8700 46265 348471 302206
VT1_3 VT1 3 8800 48407 356643 308236
VT1_3 VT1 3 8900 49395 366955 317560
VT1_3 VT1 3 9000 48204 374241 326037
VT1_3 VT1 3 9100 46104 380237 334133
VT1_3 VT1 3 9200 43552 385819 342267
VT1_3 VT1 3 9300 48737 376324 327587
VT1_3 VT1 3 9400 48279 368546 320267
VT1_3 VT1 3 9500 47062 371942 324880
VT1_3 VT1 3 9600 51490 385562 334072
VT1_3 VT1 3 9700 51139 385316 334177
VT1_3 VT1 3 9800 49220 386117 336897
VT1_3 VT1 3 9900 46554 380365 333811
VT1_3 VT1 3 10000 47671 380098 332427
VT1_4 VT1 4 0 0 0 0
VT1_4 VT1 4 100 97 2266 2169
VT1_4 VT1 4 200 551 12788 12237
VT1_4 VT1 4 300 873 22469 21596
VT1_4 VT1 4 400 1322 30442 29120
VT1_4 VT1 4 500 1627 40143 38516
VT1_4 VT1 4 600 2327 55249 52922
VT1_4 VT1 4 700 5357 76947 71590
VT1_4 VT1 4 800 7885 87609 79724
VT1_4 VT1 4 900 22044 159345 137301
VT1_4 VT1 4 1000 34388 201554 167166
VT1_4 VT1 4 1100 32662 258276 225614
VT1_4 VT1 4 1200 36022 319306 283284
VT1_4 VT1 4 1300 39482 346128 306646
VT1_4 VT1 4 1400 41781 363398 321617
VT1_4 VT1 4 1500 43554 376255 332701
VT1_4 VT1 4 1600 41400 373728 332328
VT1_4 VT1 4 1700 43497 374648 331151
VT1_4 VT1 4 1800 40483 367058 326575
VT1_4 VT1 4 1900 41183 378180 336997
VT1_4 VT1 4 2000 45125 375354 330229
VT1_4 VT1 4 2100 47304 377883 330579
VT1_4 VT1 4 2200 46023 387597 341574
VT1_4 VT1 4 2300 52062 402415 350353
VT1_4 VT1 4 2400 55883 406570 350687
VT1_4 VT1 4 2500 54471 413266 358795
VT1_4 VT1 4 2600 55871 397494 341623
VT1_4 VT1 4 2700 59608 396113 336505
VT1_4 VT1 4 2800 60810 381239 320429
VT1_4 VT1 4 2900 59881 383811 323930
VT1_4 VT1 4 3000 56334 372988 316654
VT1_4 VT1 4 3100 57193 362737 305544
VT1_4 VT1 4 3200 57049 356142 299093
VT1_4 VT1 4 3300 63674 345169 281495
VT1_4 VT1 4 3400 61376 331843 270467
VT1_4 VT1 4 3500 58967 332639 273672
VT1_4 VT1 4 3600 55465 326244 270779
VT1_4 VT1 4 3700 56547 334472 277925
VT1_4 VT1 4 3800 51611 343275 291664
VT1_4 VT1 4 3900 55092 343850 288758
VT1_4 VT1 4 4000 60675 309665 248990
VT1_4 VT1 4 4100 58149 292960 234811
VT1_4 VT1 4 4200 58268 293030 234762
VT1_4 VT1 4 4300 57905 290551 232646
VT1_4 VT1 4 4400 62665 290032 227367
VT1_4 VT1 4 4500 61666 282516 220850
VT1_4 VT1 4 4600 65470 296669 231199
VT1_4 VT1 4 4700 63077 309810 246733
VT1_4 VT1 4 4800 62266 319532 257266
VT1_4 VT1 4 4900 60790 354718 293928
VT1_4 VT1 4 5000 59378 370163 310785
VT1_4 VT1 4 5100 62118 403814 341696
VT1_4 VT1 4 5200 59426 394926 335500
VT1_4 VT1 4 5300 56738 395021 338283
VT1_4 VT1 4 5400 55483 385492 330009
VT1_4 VT1 4 5500 55786 385457 329671
VT1_4 VT1 4 5600 54560 388862 334302
VT1_4 VT1 4 5700 60428 386134 325706
VT1_4 VT1 4 5800 60657 387439 326782
VT1_4 VT1 4 5900 59544 388409 328865
VT1_4 VT1 4 6000 52515 388268 335753
VT1_4 VT1 4 6100 54921 383433 328512
VT1_4 VT1 4 6200 54851 382329 327478
VT1_4 VT1 4 6300 52053 367217 315164
VT1_4 VT1 4 6400 54994 374307 319313
VT1_4 VT1 4 6500 56374 381890 325516
VT1_4 VT1 4 6600 55923 379044 323121
VT1_4 VT1 4 6700 52943 373458 320515
VT1_4 VT1 4 6800 54597 368871 314274
VT1_4 VT1 4 6900 56878 369260 312382
VT1_4 VT1 4 7000 59484 367732 308248
VT1_4 VT1 4 7100 62137 372645 310508
VT1_4 VT1 4 7200 62216 379143 316927
VT1_4 VT1 4 7300 54948 382239 327291
VT1_4 VT1 4 7400 49970 382522 332552
VT1_4 VT1 4 7500 53735 381975 328240
VT1_4 VT1 4 7600 49111 381228 332117
VT1_4 VT1 4 7700 52871 369041 316170
VT1_4 VT1 4 7800 54342 372397 318055
VT1_4 VT1 4 7900 57957 375600 317643
VT1_4 VT1 4 8000 58778 365114 306336
VT1_4 VT1 4 8100 55756 363287 307531
VT1_4 VT1 4 8200 53651 368813 315162
VT1_4 VT1 4 8300 53236 385261 332025
VT1_4 VT1 4 8400 47523 389681 342158
VT1_4 VT1 4 8500 51712 382140 330428
VT1_4 VT1 4 8600 52240 382221 329981
VT1_4 VT1 4 8700 54405 376415 322010
VT1_4 VT1 4 8800 58662 361544 302882
VT1_4 VT1 4 8900 61432 357809 296377
VT1_4 VT1 4 9000 59882 360672 300790
VT1_4 VT1 4 9100 61082 352073 290991
VT1_4 VT1 4 9200 57234 357165 299931
VT1_4 VT1 4 9300 57165 374918 317753
VT1_4 VT1 4 9400 54480 372536 318056
VT1_4 VT1 4 9500 57475 376554 319079
VT1_4 VT1 4 9600 55833 384306 328473
VT1_4 VT1 4 9700 56975 364100 307125
VT1_4 VT1 4 9800 54453 370915 316462
VT1_4 VT1 4 9900 57685 383562 325877
VT1_4 VT1 4 10000 55573 373107 317534
VT1_5 VT1 5 0 0 0 0
VT1_5 VT1 5 100 103 2324 2221
VT1_5 VT1 5 200 562 13102 12540
VT1_5 VT1 5 300 965 22785 21820
VT1_5 VT1 5 400 1428 31991 30563
VT1_5 VT1 5 500 1562 43492 41930
VT1_5 VT1 5 600 1244 51180 49936
VT1_5 VT1 5 700 11425 89480 78055
VT1_5 VT1 5 800 38539 167760 129221
VT1_5 VT1 5 900 35701 199046 163345
VT1_5 VT1 5 1000 32748 240017 207269
VT1_5 VT1 5 1100 34443 275931 241488
VT1_5 VT1 5 1200 34823 316150 281327
VT1_5 VT1 5 1300 36177 345298 309121
VT1_5 VT1 5 1400 40459 361624 321165
VT1_5 VT1 5 1500 37561 376249 338688
VT1_5 VT1 5 1600 38356 386851 348495
VT1_5 VT1 5 1700 41110 385347 344237
VT1_5 VT1 5 1800 45716 388808 343092
VT1_5 VT1 5 1900 45701 380445 334744
VT1_5 VT1 5 2000 46554 386565 340011
VT1_5 VT1 5 2100 44777 389669 344892
VT1_5 VT1 5 2200 46874 367659 320785
VT1_5 VT1 5 2300 48842 374769 325927
VT1_5 VT1 5 2400 49309 395125 345816
VT1_5 VT1 5 2500 49253 407940 358687
VT1_5 VT1 5 2600 50740 405249 354509
VT1_5 VT1 5 2700 48246 409669 361423
VT1_5 VT1 5 2800 50649 421625 370976
VT1_5 VT1 5 2900 48827 428423 379596
VT1_5 VT1 5 3000 50356 431775 381419
VT1_5 VT1 5 3100 49741 428209 378468
VT1_5 VT1 5 3200 49419 424459 375040
VT1_5 VT1 5 3300 50173 430699 380526
VT1_5 VT1 5 3400 50155 423330 373175
VT1_5 VT1 5 3500 49891 441939 392048
VT1_5 VT1 5 3600 49435 425532 376097
VT1_5 VT1 5 3700 50700 442675 391975
VT1_5 VT1 5 3800 50251 468575 418324
VT1_5 VT1 5 3900 56311 486142 429831
VT1_5 VT1 5 4000 51625 495702 444077
VT1_5 VT1 5 4100 50448 506743 456295
VT1_5 VT1 5 4200 52759 511888 459129
VT1_5 VT1 5 4300 53028 509100 456072
VT1_5 VT1 5 4400 50975 499186 448211
VT1_5 VT1 5 4500 51568 490742 439174
VT1_5 VT1 5 4600 49821 500776 450955
VT1_5 VT1 5 4700 51538 508020 456482
VT1_5 VT1 5 4800 53032 507910 454878
VT1_5 VT1 5 4900 53709 508388 454679
VT1_5 VT1 5 5000 53366 504752 451386
VT1_5 VT1 5 5100 50620 510856 460236
VT1_5 VT1 5 5200 50015 512242 462227
VT1_5 VT1 5 5300 50364 516758 466394
VT1_5 VT1 5 5400 48057 505049 456992
VT1_5 VT1 5 5500 47767 500654 452887
VT1_5 VT1 5 5600 48507 484636 436129
VT1_5 VT1 5 5700 52233 488216 435983
VT1_5 VT1 5 5800 52593 494124 441531
VT1_5 VT1 5 5900 54757 493423 438666
VT1_5 VT1 5 6000 53667 496803 443136
VT1_5 VT1 5 6100 51077 497683 446606
VT1_5 VT1 5 6200 55549 503344 447795
VT1_5 VT1 5 6300 55095 481685 426590
VT1_5 VT1 5 6400 49972 487817 437845
VT1_5 VT1 5 6500 48750 500393 451643
VT1_5 VT1 5 6600 52992 509735 456743
VT1_5 VT1 5 6700 50677 510496 459819
VT1_5 VT1 5 6800 49805 508182 458377
VT1_5 VT1 5 6900 51138 505536 454398
VT1_5 VT1 5 7000 49824 506404 456580
VT1_5 VT1 5 7100 53888 501454 447566
VT1_5 VT1 5 7200 55013 499583 444570
VT1_5 VT1 5 7300 56751 505974 449223
VT1_5 VT1 5 7400 54518 512818 458300
VT1_5 VT1 5 7500 52115 505480 453365
VT1_5 VT1 5 7600 50270 504291 454021
VT1_5 VT1 5 7700 51743 489429 437686
VT1_5 VT1 5 7800 53225 499497 446272
VT1_5 VT1 5 7900 55126 493867 438741
VT1_5 VT1 5 8000 50658 494202 443544
VT1_5 VT1 5 8100 52879 488019 435140
VT1_5 VT1 5 8200 51020 502945 451925
VT1_5 VT1 5 8300 49399 490080 440681
VT1_5 VT1 5 8400 51260 481801 430541
VT1_5 VT1 5 8500 55528 491232 435704
VT1_5 VT1 5 8600 52732 498757 446025
VT1_5 VT1 5 8700 53956 504315 450359
VT1_5 VT1 5 8800 57447 503949 446502
VT1_5 VT1 5 8900 55498 488904 433406
VT1_5 VT1 5 9000 59016 487340 428324
VT1_5 VT1 5 9100 53091 501513 448422
VT1_5 VT1 5 9200 53311 492148 438837
VT1_5 VT1 5 9300 54296 497791 443495
VT1_5 VT1 5 9400 53769 503103 449334
VT1_5 VT1 5 9500 55086 500739 445653
VT1_5 VT1 5 9600 55060 511262 456202
VT1_5 VT1 5 9700 56310 502595 446285
VT1_5 VT1 5 9800 53727 491950 438223
VT1_5 VT1 5 9900 55691 503992 448301
VT1_5 VT1 5 10000 55088 496179 441091
VT1_6 VT1 6 0 0 0 0
VT1_6 VT1 6 100 111 2272 2161
VT1_6 VT1 6 200 629 12823 12194
VT1_6 VT1 6 300 1010 23159 22149
VT1_6 VT1 6 400 1357 31996 30639
VT1_6 VT1 6 500 1521 43238 41717
VT1_6 VT1 6 600 1693 60581 58888
VT1_6 VT1 6 700 2017 67131 65114
VT1_6 VT1 6 800 7501 99418 91917
VT1_6 VT1 6 900 14064 148767 134703
VT1_6 VT1 6 1000 23548 164676 141128
VT1_6 VT1 6 1100 28159 164599 136440
VT1_6 VT1 6 1200 32575 188507 155932
VT1_6 VT1 6 1300 34975 225833 190858
VT1_6 VT1 6 1400 33019 262514 229495
VT1_6 VT1 6 1500 37668 289778 252110
VT1_6 VT1 6 1600 40161 313251 273090
VT1_6 VT1 6 1700 43286 332967 289681
VT1_6 VT1 6 1800 42851 355366 312515
VT1_6 VT1 6 1900 45094 368971 323877
VT1_6 VT1 6 2000 47659 383831 336172
VT1_6 VT1 6 2100 47324 402369 355045
VT1_6 VT1 6 2200 48142 417700 369558
VT1_6 VT1 6 2300 49101 432865 383764
VT1_6 VT1 6 2400 50538 446079 395541
VT1_6 VT1 6 2500 49551 449321 399770
VT1_6 VT1 6 2600 47545 474670 427125
VT1_6 VT1 6 2700 51456 467657 416201
VT1_6 VT1 6 2800 48184 462245 414061
VT1_6 VT1 6 2900 52548 475714 423166
VT1_6 VT1 6 3000 53253 464342 411089
VT1_6 VT1 6 3100 52987 456597 403610
VT1_6 VT1 6 3200 55051 460753 405702
VT1_6 VT1 6 3300 55770 445169 389399
VT1_6 VT1 6 3400 57913 438310 380397
VT1_6 VT1 6 3500 57218 445441 388223
VT1_6 VT1 6 3600 55002 468734 413732
VT1_6 VT1 6 3700 56435 485471 429036
VT1_6 VT1 6 3800 58288 503816 445528
VT1_6 VT1 6 3900 63286 509473 446187
VT1_6 VT1 6 4000 61417 498571 437154
VT1_6 VT1 6 4100 56955 503471 446516
VT1_6 VT1 6 4200 55325 495624 440299
VT1_6 VT1 6 4300 53955 507314 453359
VT1_6 VT1 6 4400 57554 502185 444631
VT1_6 VT1 6 4500 56969 507249 450280
VT1_6 VT1 6 4600 56461 517662 461201
VT1_6 VT1 6 4700 53816 512004 458188
VT1_6 VT1 6 4800 53552 506781 453229
VT1_6 VT1 6 4900 54806 513559 458753
VT1_6 VT1 6 5000 54528 519840 465312
VT1_6 VT1 6 5100 56138 522108 465970
VT1_6 VT1 6 5200 54581 503715 449134
VT1_6 VT1 6 5300 51530 505705 454175
VT1_6 VT1 6 5400 49591 509037 459446
VT1_6 VT1 6 5500 48471 515033 466562
VT1_6 VT1 6 5600 49470 510921 461451
VT1_6 VT1 6 5700 48833 514895 466062
VT1_6 VT1 6 5800 50674 490333 439659
VT1_6 VT1 6 5900 51315 488317 437002
VT1_6 VT1 6 6000 50872 496150 445278
VT1_6 VT1 6 6100 51432 499070 447638
VT1_6 VT1 6 6200 53062 499773 446711
VT1_6 VT1 6 6300 55106 489107 434001
VT1_6 VT1 6 6400 52591 498782 446191
VT1_6 VT1 6 6500 51740 510431 458691
VT1_6 VT1 6 6600 51724 511136 459412
VT1_6 VT1 6 6700 52826 505410 452584
VT1_6 VT1 6 6800 54430 513671 459241
VT1_6 VT1 6 6900 52319 501544 449225
VT1_6 VT1 6 7000 50872 487237 436365
VT1_6 VT1 6 7100 52422 482924 430502
VT1_6 VT1 6 7200 51434 498005 446571
VT1_6 VT1 6 7300 52014 506374 454360
VT1_6 VT1 6 7400 52712 485215 432503
VT1_6 VT1 6 7500 50152 497663 447511
VT1_6 VT1 6 7600 55333 495634 440301
VT1_6 VT1 6 7700 54258 498694 444436
VT1_6 VT1 6 7800 53496 496883 443387
VT1_6 VT1 6 7900 59238 498971 439733
VT1_6 VT1 6 8000 56414 516445 460031
VT1_6 VT1 6 8100 57417 514215 456798
VT1_6 VT1 6 8200 59000 499422 440422
VT1_6 VT1 6 8300 54791 504886 450095
VT1_6 VT1 6 8400 56905 497645 440740
VT1_6 VT1 6 8500 53366 496024 442658
VT1_6 VT1 6 8600 50365 496763 446398
VT1_6 VT1 6 8700 47850 497754 449904
VT1_6 VT1 6 8800 44883 502067 457184
VT1_6 VT1 6 8900 47104 516091 468987
VT1_6 VT1 6 9000 49055 504054 454999
VT1_6 VT1 6 9100 51290 498011 446721
VT1_6 VT1 6 9200 49613 513627 464014
VT1_6 VT1 6 9300 51559 519458 467899
VT1_6 VT1 6 9400 53617 500085 446468
VT1_6 VT1 6 9500 52219 498060 445841
VT1_6 VT1 6 9600 53173 500482 447309
VT1_6 VT1 6 9700 53984 500318 446334
VT1_6 VT1 6 9800 52684 503007 450323
VT1_6 VT1 6 9900 54138 494924 440786
VT1_6 VT1 6 10000 54265 496597 442332
VT1_7 VT1 7 0 0 0 0
VT1_7 VT1 7 100 99 2266 2167
VT1_7 VT1 7 200 581 12719 12138
VT1_7 VT1 7 300 845 22665 21820
VT1_7 VT1 7 400 1175 31000 29825
VT1_7 VT1 7 500 1509 40986 39477
VT1_7 VT1 7 600 1258 45526 44268
VT1_7 VT1 7 700 2605 42497 39892
VT1_7 VT1 7 800 12775 115579 102804
VT1_7 VT1 7 900 19774 173683 153909
VT1_7 VT1 7 1000 28537 224673 196136
VT1_7 VT1 7 1100 34675 250542 215867
VT1_7 VT1 7 1200 38653 262061 223408
VT1_7 VT1 7 1300 42878 278684 235806
VT1_7 VT1 7 1400 44708 317469 272761
VT1_7 VT1 7 1500 42683 389222 346539
VT1_7 VT1 7 1600 41493 449298 407805
VT1_7 VT1 7 1700 41829 480836 439007
VT1_7 VT1 7 1800 42247 492303 450056
VT1_7 VT1 7 1900 44978 511727 466749
VT1_7 VT1 7 2000 45555 506892 461337
VT1_7 VT1 7 2100 47033 514152 467119
VT1_7 VT1 7 2200 50561 518479 467918
VT1_7 VT1 7 2300 51455 527175 475720
VT1_7 VT1 7 2400 50495 530478 479983
VT1_7 VT1 7 2500 49765 524701 474936
VT1_7 VT1 7 2600 48615 530392 481777
VT1_7 VT1 7 2700 49214 524634 475420
VT1_7 VT1 7 2800 49788 536928 487140
VT1_7 VT1 7 2900 50843 520180 469337
VT1_7 VT1 7 3000 51712 520316 468604
VT1_7 VT1 7 3100 56535 521177 464642
VT1_7 VT1 7 3200 54271 514478 460207
VT1_7 VT1 7 3300 52310 526754 474444
VT1_7 VT1 7 3400 51614 510068 458454
VT1_7 VT1 7 3500 49939 517552 467613
VT1_7 VT1 7 3600 46888 522062 475174
VT1_7 VT1 7 3700 50763 515298 464535
VT1_7 VT1 7 3800 48363 527313 478950
VT1_7 VT1 7 3900 48658 530357 481699
VT1_7 VT1 7 4000 50255 527176 476921
VT1_7 VT1 7 4100 51780 530670 478890
VT1_7 VT1 7 4200 53658 516016 462358
VT1_7 VT1 7 4300 49166 511190 462024
VT1_7 VT1 7 4400 50914 525564 474650
VT1_7 VT1 7 4500 49566 513891 464325
VT1_7 VT1 7 4600 48130 517048 468918
VT1_7 VT1 7 4700 47589 512358 464769
VT1_7 VT1 7 4800 46793 512760 465967
VT1_7 VT1 7 4900 52039 509827 457788
VT1_7 VT1 7 5000 52041 507272 455231
VT1_7 VT1 7 5100 53040 515838 462798
VT1_7 VT1 7 5200 53670 517107 463437
VT1_7 VT1 7 5300 52888 519017 466129
VT1_7 VT1 7 5400 52782 512431 459649
VT1_7 VT1 7 5500 47833 513464 465631
VT1_7 VT1 7 5600 49697 513697 464000
VT1_7 VT1 7 5700 48810 515765 466955
VT1_7 VT1 7 5800 47308 521065 473757
VT1_7 VT1 7 5900 51557 519459 467902
VT1_7 VT1 7 6000 47559 526283 478724
VT1_7 VT1 7 6100 49040 525479 476439
VT1_7 VT1 7 6200 47043 520079 473036
VT1_7 VT1 7 6300 48460 520565 472105
VT1_7 VT1 7 6400 51115 520216 469101
VT1_7 VT1 7 6500 51988 526417 474429
VT1_7 VT1 7 6600 51400 529991 478591
VT1_7 VT1 7 6700 52011 523348 471337
VT1_7 VT1 7 6800 54393 528864 474471
VT1_7 VT1 7 6900 50047 524607 474560
VT1_7 VT1 7 7000 48565 513943 465378
VT1_7 VT1 7 7100 48723 506821 458098
VT1_7 VT1 7 7200 50125 511544 461419
VT1_7 VT1 7 7300 53884 513079 459195
VT1_7 VT1 7 7400 53819 511573 457754
VT1_7 VT1 7 7500 49005 521422 472417
VT1_7 VT1 7 7600 50979 530368 479389
VT1_7 VT1 7 7700 49934 535257 485323
VT1_7 VT1 7 7800 50984 521206 470222
VT1_7 VT1 7 7900 49169 521385 472216
VT1_7 VT1 7 8000 51704 515934 464230
VT1_7 VT1 7 8100 48331 514091 465760
VT1_7 VT1 7 8200 48316 515038 466722
VT1_7 VT1 7 8300 48454 525377 476923
VT1_7 VT1 7 8400 48639 528865 480226
VT1_7 VT1 7 8500 48305 528547 480242
VT1_7 VT1 7 8600 46414 518028 471614
VT1_7 VT1 7 8700 50221 527104 476883
VT1_7 VT1 7 8800 51802 525299 473497
VT1_7 VT1 7 8900 49763 526173 476410
VT1_7 VT1 7 9000 47875 515272 467397
VT1_7 VT1 7 9100 52968 483740 430772
VT1_7 VT1 7 9200 54388 437896 383508
VT1_7 VT1 7 9300 52990 382434 329444
VT1_7 VT1 7 9400 51117 360742 309625
VT1_7 VT1 7 9500 51929 342975 291046
VT1_7 VT1 7 9600 50137 322558 272421
VT1_7 VT1 7 9700 46978 314163 267185
VT1_7 VT1 7 9800 47492 314744 267252
VT1_7 VT1 7 9900 46476 308204 261728
VT1_7 VT1 7 10000 48978 310967 261989
VT1_8 VT1 8 0 0 0 0
VT1_8 VT1 8 100 115 2200 2085
VT1_8 VT1 8 200 599 12899 12300
VT1_8 VT1 8 300 924 23249 22325
VT1_8 VT1 8 400 1238 31330 30092
VT1_8 VT1 8 500 1435 39913 38478
VT1_8 VT1 8 600 1685 51079 49394
VT1_8 VT1 8 700 1791 53898 52107
VT1_8 VT1 8 800 16200 96612 80412
VT1_8 VT1 8 900 28749 128712 99963
VT1_8 VT1 8 1000 33643 167875 134232
VT1_8 VT1 8 1100 34617 229876 195259
VT1_8 VT1 8 1200 32935 269920 236985
VT1_8 VT1 8 1300 39000 286245 247245
VT1_8 VT1 8 1400 38603 291339 252736
VT1_8 VT1 8 1500 38758 301133 262375
VT1_8 VT1 8 1600 39908 309946 270038
VT1_8 VT1 8 1700 40494 320710 280216
VT1_8 VT1 8 1800 43225 384190 340965
VT1_8 VT1 8 1900 41125 453013 411888
VT1_8 VT1 8 2000 40360 506837 466477
VT1_8 VT1 8 2100 46653 543050 496397
VT1_8 VT1 8 2200 47529 551051 503522
VT1_8 VT1 8 2300 51418 539152 487734
VT1_8 VT1 8 2400 52842 544945 492103
VT1_8 VT1 8 2500 53397 537962 484565
VT1_8 VT1 8 2600 54336 550340 496004
VT1_8 VT1 8 2700 56991 551305 494314
VT1_8 VT1 8 2800 57253 547482 490229
VT1_8 VT1 8 2900 53927 547730 493803
VT1_8 VT1 8 3000 50700 547109 496409
VT1_8 VT1 8 3100 49610 553418 503808
VT1_8 VT1 8 3200 47080 548497 501417
VT1_8 VT1 8 3300 47167 547259 500092
VT1_8 VT1 8 3400 47061 550735 503674
VT1_8 VT1 8 3500 49349 557321 507972
VT1_8 VT1 8 3600 50769 559243 508474
VT1_8 VT1 8 3700 49486 553199 503713
VT1_8 VT1 8 3800 46600 565393 518793
VT1_8 VT1 8 3900 48076 550289 502213
VT1_8 VT1 8 4000 48777 539214 490437
VT1_8 VT1 8 4100 49820 522122 472302
VT1_8 VT1 8 4200 49492 544059 494567
VT1_8 VT1 8 4300 54781 556515 501734
VT1_8 VT1 8 4400 52261 546232 493971
VT1_8 VT1 8 4500 49739 544869 495130
VT1_8 VT1 8 4600 49366 553660 504294
VT1_8 VT1 8 4700 51612 551909 500297
VT1_8 VT1 8 4800 50726 540520 489794
VT1_8 VT1 8 4900 48189 549227 501038
VT1_8 VT1 8 5000 47316 556052 508736
VT1_8 VT1 8 5100 47873 554616 506743
VT1_8 VT1 8 5200 46466 550852 504386
VT1_8 VT1 8 5300 45982 540359 494377
VT1_8 VT1 8 5400 43126 542565 499439
VT1_8 VT1 8 5500 43075 549199 506124
VT1_8 VT1 8 5600 43519 547710 504191
VT1_8 VT1 8 5700 44343 561082 516739
VT1_8 VT1 8 5800 45070 550565 505495
VT1_8 VT1 8 5900 50432 544972 494540
VT1_8 VT1 8 6000 48992 550754 501762
VT1_8 VT1 8 6100 45310 550062 504752
VT1_8 VT1 8 6200 45749 542948 497199
VT1_8 VT1 8 6300 44567 544799 500232
VT1_8 VT1 8 6400 48455 541067 492612
VT1_8 VT1 8 6500 47286 546501 499215
VT1_8 VT1 8 6600 45794 535724 489930
VT1_8 VT1 8 6700 44887 532481 487594
VT1_8 VT1 8 6800 47028 551787 504759
VT1_8 VT1 8 6900 47185 548967 501782
VT1_8 VT1 8 7000 46587 535788 489201
VT1_8 VT1 8 7100 46300 534091 487791
VT1_8 VT1 8 7200 44116 547035 502919
VT1_8 VT1 8 7300 45819 548090 502271
VT1_8 VT1 8 7400 50229 541976 491747
VT1_8 VT1 8 7500 46803 548185 501382
VT1_8 VT1 8 7600 45893 559481 513588
VT1_8 VT1 8 7700 46602 557372 510770
VT1_8 VT1 8 7800 48530 554944 506414
VT1_8 VT1 8 7900 49682 550380 500698
VT1_8 VT1 8 8000 48199 543331 495132
VT1_8 VT1 8 8100 44455 546292 501837
VT1_8 VT1 8 8200 46570 543663 497093
VT1_8 VT1 8 8300 48090 537795 489705
VT1_8 VT1 8 8400 43924 552105 508181
VT1_8 VT1 8 8500 43589 543155 499566
VT1_8 VT1 8 8600 45538 535392 489854
VT1_8 VT1 8 8700 47298 542140 494842
VT1_8 VT1 8 8800 45058 543271 498213
VT1_8 VT1 8 8900 47727 529389 481662
VT1_8 VT1 8 9000 48792 539846 491054
VT1_8 VT1 8 9100 50488 547866 497378
VT1_8 VT1 8 9200 47731 549227 501496
VT1_8 VT1 8 9300 48381 543415 495034
VT1_8 VT1 8 9400 46652 556883 510231
VT1_8 VT1 8 9500 46176 542612 496436
VT1_8 VT1 8 9600 46644 545318 498674
VT1_8 VT1 8 9700 46452 548448 501996
VT1_8 VT1 8 9800 47194 549559 502365
VT1_8 VT1 8 9900 47551 538275 490724
VT1_8 VT1 8 10000 46687 531958 485271
VT1_9 VT1 9 0 0 0 0
VT1_9 VT1 9 100 104 2186 2082
VT1_9 VT1 9 200 597 12470 11873
VT1_9 VT1 9 300 945 22461 21516
VT1_9 VT1 9 400 1212 30112 28900
VT1_9 VT1 9 500 1338 38636 37298
VT1_9 VT1 9 600 1313 52055 50742
VT1_9 VT1 9 700 1241 54024 52783
VT1_9 VT1 9 800 7494 76274 68780
VT1_9 VT1 9 900 16013 129163 113150
VT1_9 VT1 9 1000 21858 185242 163384
VT1_9 VT1 9 1100 27383 228458 201075
VT1_9 VT1 9 1200 30573 270423 239850
VT1_9 VT1 9 1300 32982 321485 288503
VT1_9 VT1 9 1400 34282 333395 299113
VT1_9 VT1 9 1500 35724 330837 295113
VT1_9 VT1 9 1600 37686 332437 294751
VT1_9 VT1 9 1700 39764 334662 294898
VT1_9 VT1 9 1800 40053 337349 297296
VT1_9 VT1 9 1900 44338 344014 299676
VT1_9 VT1 9 2000 48406 345473 297067
VT1_9 VT1 9 2100 51159 347954 296795
VT1_9 VT1 9 2200 49983 360170 310187
VT1_9 VT1 9 2300 53211 399063 345852
VT1_9 VT1 9 2400 51055 440844 389789
VT1_9 VT1 9 2500 47203 478694 431491
VT1_9 VT1 9 2600 51418 486549 435131
VT1_9 VT1 9 2700 48987 492490 443503
VT1_9 VT1 9 2800 49228 482900 433672
VT1_9 VT1 9 2900 48150 483129 434979
VT1_9 VT1 9 3000 52126 507977 455851
VT1_9 VT1 9 3100 53510 504496 450986
VT1_9 VT1 9 3200 53655 499070 445415
VT1_9 VT1 9 3300 52810 495720 442910
VT1_9 VT1 9 3400 54044 499316 445272
VT1_9 VT1 9 3500 52400 511282 458882
VT1_9 VT1 9 3600 55262 509645 454383
VT1_9 VT1 9 3700 53694 506824 453130
VT1_9 VT1 9 3800 52520 504545 452025
VT1_9 VT1 9 3900 48944 480909 431965
VT1_9 VT1 9 4000 49622 467228 417606
VT1_9 VT1 9 4100 52415 450418 398003
VT1_9 VT1 9 4200 52426 458909 406483
VT1_9 VT1 9 4300 51757 464176 412419
VT1_9 VT1 9 4400 51616 475317 423701
VT1_9 VT1 9 4500 51180 468664 417484
VT1_9 VT1 9 4600 47692 497044 449352
VT1_9 VT1 9 4700 49308 524667 475359
VT1_9 VT1 9 4800 51075 497954 446879
VT1_9 VT1 9 4900 50688 492835 442147
VT1_9 VT1 9 5000 50145 499136 448991
VT1_9 VT1 9 5100 53162 486152 432990
VT1_9 VT1 9 5200 52482 476519 424037
VT1_9 VT1 9 5300 48864 485875 437011
VT1_9 VT1 9 5400 50409 494957 444548
VT1_9 VT1 9 5500 52863 479048 426185
VT1_9 VT1 9 5600 47491 496646 449155
VT1_9 VT1 9 5700 46677 501211 454534
VT1_9 VT1 9 5800 52259 491412 439153
VT1_9 VT1 9 5900 51103 491329 440226
VT1_9 VT1 9 6000 52943 489086 436143
VT1_9 VT1 9 6100 51221 511358 460137
VT1_9 VT1 9 6200 46923 514894 467971
VT1_9 VT1 9 6300 50361 510420 460059
VT1_9 VT1 9 6400 45691 504180 458489
VT1_9 VT1 9 6500 42888 521793 478905
VT1_9 VT1 9 6600 47252 518829 471577
VT1_9 VT1 9 6700 51016 516124 465108
VT1_9 VT1 9 6800 54127 512293 458166
VT1_9 VT1 9 6900 51819 507250 455431
VT1_9 VT1 9 7000 52658 516450 463792
VT1_9 VT1 9 7100 55264 517005 461741
VT1_9 VT1 9 7200 53602 512696 459094
VT1_9 VT1 9 7300 55336 517645 462309
VT1_9 VT1 9 7400 54482 524211 469729
VT1_9 VT1 9 7500 51539 513352 461813
VT1_9 VT1 9 7600 50405 507258 456853
VT1_9 VT1 9 7700 54270 524882 470612
VT1_9 VT1 9 7800 52427 517530 465103
VT1_9 VT1 9 7900 51636 512922 461286
VT1_9 VT1 9 8000 50530 508758 458228
VT1_9 VT1 9 8100 51409 500445 449036
VT1_9 VT1 9 8200 50806 491771 440965
VT1_9 VT1 9 8300 52181 492178 439997
VT1_9 VT1 9 8400 49439 485521 436082
VT1_9 VT1 9 8500 50087 493043 442956
VT1_9 VT1 9 8600 47995 495194 447199
VT1_9 VT1 9 8700 49302 504902 455600
VT1_9 VT1 9 8800 50880 507863 456983
VT1_9 VT1 9 8900 51156 519592 468436
VT1_9 VT1 9 9000 52001 513460 461459
VT1_9 VT1 9 9100 53916 520280 466364
VT1_9 VT1 9 9200 55697 512623 456926
VT1_9 VT1 9 9300 54688 526911 472223
VT1_9 VT1 9 9400 51314 520115 468801
VT1_9 VT1 9 9500 53034 500937 447903
VT1_9 VT1 9 9600 50104 500893 450789
VT1_9 VT1 9 9700 55714 508682 452968
VT1_9 VT1 9 9800 52472 509234 456762
VT1_9 VT1 9 9900 53243 502625 449382
VT1_9 VT1 9 10000 55878 505429 449551
VT1_10 VT1 10 0 0 0 0
VT1_10 VT1 10 100 108 2243 2135
VT1_10 VT1 10 200 615 13109 12494
VT1_10 VT1 10 300 947 23551 22604
VT1_10 VT1 10 400 1303 32254 30951
VT1_10 VT1 10 500 1364 40601 39237
VT1_10 VT1 10 600 1529 41994 40465
VT1_10 VT1 10 700 15639 204950 189311
VT1_10 VT1 10 800 24128 191538 167410
VT1_10 VT1 10 900 30313 155235 124922
VT1_10 VT1 10 1000 32448 249596 217148
VT1_10 VT1 10 1100 39901 356929 317028
VT1_10 VT1 10 1200 42605 430312 387707
VT1_10 VT1 10 1300 46529 438194 391665
VT1_10 VT1 10 1400 44388 445137 400749
VT1_10 VT1 10 1500 44901 446966 402065
VT1_10 VT1 10 1600 47109 445776 398667
VT1_10 VT1 10 1700 48194 439395 391201
VT1_10 VT1 10 1800 51279 444157 392878
VT1_10 VT1 10 1900 50486 450545 400059
VT1_10 VT1 10 2000 52538 444563 392025
VT1_10 VT1 10 2100 50254 444002 393748
VT1_10 VT1 10 2200 48474 429896 381422
VT1_10 VT1 10 2300 49282 437883 388601
VT1_10 VT1 10 2400 56321 434331 378010
VT1_10 VT1 10 2500 57372 442088 384716
VT1_10 VT1 10 2600 59646 434358 374712
VT1_10 VT1 10 2700 56469 419926 363457
VT1_10 VT1 10 2800 60102 405194 345092
VT1_10 VT1 10 2900 56392 409759 353367
VT1_10 VT1 10 3000 54065 412496 358431
VT1_10 VT1 10 3100 54493 387035 332542
VT1_10 VT1 10 3200 56870 372354 315484
VT1_10 VT1 10 3300 56484 365207 308723
VT1_10 VT1 10 3400 60657 355152 294495
VT1_10 VT1 10 3500 57082 338981 281899
VT1_10 VT1 10 3600 54631 338035 283404
VT1_10 VT1 10 3700 53642 349195 295553
VT1_10 VT1 10 3800 55425 351378 295953
VT1_10 VT1 10 3900 53991 351845 297854
VT1_10 VT1 10 4000 53269 346234 292965
VT1_10 VT1 10 4100 48918 350305 301387
VT1_10 VT1 10 4200 50195 344658 294463
VT1_10 VT1 10 4300 53762 346790 293028
VT1_10 VT1 10 4400 54617 347489 292872
VT1_10 VT1 10 4500 54673 341868 287195
VT1_10 VT1 10 4600 54295 350291 295996
VT1_10 VT1 10 4700 55845 360239 304394
VT1_10 VT1 10 4800 55201 364378 309177
VT1_10 VT1 10 4900 53538 353878 300340
VT1_10 VT1 10 5000 56424 352757 296333
VT1_10 VT1 10 5100 54387 358541 304154
VT1_10 VT1 10 5200 54285 336966 282681
VT1_10 VT1 10 5300 56193 342137 285944
VT1_10 VT1 10 5400 52952 359101 306149
VT1_10 VT1 10 5500 52092 360159 308067
VT1_10 VT1 10 5600 51485 358897 307412
VT1_10 VT1 10 5700 51552 353102 301550
VT1_10 VT1 10 5800 55960 343916 287956
VT1_10 VT1 10 5900 54131 349083 294952
VT1_10 VT1 10 6000 54259 352485 298226
VT1_10 VT1 10 6100 52336 356308 303972
VT1_10 VT1 10 6200 58972 360721 301749
VT1_10 VT1 10 6300 56191 362447 306256
VT1_10 VT1 10 6400 58041 357010 298969
VT1_10 VT1 10 6500 52181 350211 298030
VT1_10 VT1 10 6600 55914 348520 292606
VT1_10 VT1 10 6700 53135 346200 293065
VT1_10 VT1 10 6800 53177 354696 301519
VT1_10 VT1 10 6900 55610 355539 299929
VT1_10 VT1 10 7000 55282 354855 299573
VT1_10 VT1 10 7100 54560 349649 295089
VT1_10 VT1 10 7200 51861 358733 306872
VT1_10 VT1 10 7300 55543 368796 313253
VT1_10 VT1 10 7400 58757 354005 295248
VT1_10 VT1 10 7500 55421 352518 297097
VT1_10 VT1 10 7600 54588 365972 311384
VT1_10 VT1 10 7700 56597 358488 301891
VT1_10 VT1 10 7800 56992 353697 296705
VT1_10 VT1 10 7900 54935 358729 303794
VT1_10 VT1 10 8000 54973 361959 306986
VT1_10 VT1 10 8100 55972 371166 315194
VT1_10 VT1 10 8200 57141 348734 291593
VT1_10 VT1 10 8300 55364 338457 283093
VT1_10 VT1 10 8400 58453 344988 286535
VT1_10 VT1 10 8500 56244 350202 293958
VT1_10 VT1 10 8600 58296 343107 284811
VT1_10 VT1 10 8700 55690 335451 279761
VT1_10 VT1 10 8800 54931 325270 270339
VT1_10 VT1 10 8900 54018 344478 290460
VT1_10 VT1 10 9000 52216 342295 290079
VT1_10 VT1 10 9100 54346 324084 269738
VT1_10 VT1 10 9200 53613 336882 283269
VT1_10 VT1 10 9300 53835 341699 287864
VT1_10 VT1 10 9400 53596 331502 277906
VT1_10 VT1 10 9500 55732 340362 284630
VT1_10 VT1 10 9600 55516 343278 287762
VT1_10 VT1 10 9700 56920 339674 282754
VT1_10 VT1 10 9800 56479 359722 303243
VT1_10 VT1 10 9900 57279 346887 289608
VT1_10 VT1 10 10000 52928 345545 292617
