uid treatment rep update steal_count donate_count difference
VT0_1 VT0 1 0 0 0 0
VT0_1 VT0 1 100 329 9968 9639
VT0_1 VT0 1 200 860 28720 27860
VT0_1 VT0 1 300 6321 55396 49075
VT0_1 VT0 1 400 404677 52432 -352245
VT0_1 VT0 1 500 405987 33011 -372976
VT0_1 VT0 1 600 377231 27802 -349429
VT0_1 VT0 1 700 357046 22754 -334292
VT0_1 VT0 1 800 314990 21546 -293444
VT0_1 VT0 1 900 354851 26111 -328740
VT0_1 VT0 1 1000 350912 31829 -319083
VT0_1 VT0 1 1100 329095 28842 -300253
VT0_1 VT0 1 1200 376030 28328 -347702
VT0_1 VT0 1 1300 371546 28717 -342829
VT0_1 VT0 1 1400 297731 29090 -268641
VT0_1 VT0 1 1500 293813 30868 -262945
VT0_1 VT0 1 1600 257715 33849 -223866
VT0_1 VT0 1 1700 258482 24871 -233611
VT0_1 VT0 1 1800 188688 23182 -165506
VT0_1 VT0 1 1900 130060 22352 -107708
VT0_1 VT0 1 2000 57016 20403 -36613
VT0_1 VT0 1 2100 25691 18165 -7526
VT0_1 VT0 1 2200 23365 16384 -6981
VT0_1 VT0 1 2300 22694 16472 -6222
VT0_1 VT0 1 2400 22649 16486 -6163
VT0_1 VT0 1 2500 23531 14943 -8588
VT0_1 VT0 1 2600 21966 14405 -7561
VT0_1 VT0 1 2700 21352 13845 -7507
VT0_1 VT0 1 2800 20896 13098 -7798
VT0_1 VT0 1 2900 20385 14205 -6180
VT0_1 VT0 1 3000 20383 13387 -6996
VT0_1 VT0 1 3100 19014 12556 -6458
VT0_1 VT0 1 3200 18354 12824 -5530
VT0_1 VT0 1 3300 18578 13171 -5407
VT0_1 VT0 1 3400 19937 13936 -6001
VT0_1 VT0 1 3500 18781 13008 -5773
VT0_1 VT0 1 3600 17738 14500 -3238
VT0_1 VT0 1 3700 17099 14429 -2670
VT0_1 VT0 1 3800 17615 12788 -4827
VT0_1 VT0 1 3900 18011 11682 -6329
VT0_1 VT0 1 4000 17978 12816 -5162
VT0_1 VT0 1 4100 17912 12393 -5519
VT0_1 VT0 1 4200 17903 12446 -5457
VT0_1 VT0 1 4300 17782 11932 -5850
VT0_1 VT0 1 4400 16995 12125 -4870
VT0_1 VT0 1 4500 17231 12031 -5200
VT0_1 VT0 1 4600 17652 11797 -5855
VT0_1 VT0 1 4700 17620 11985 -5635
VT0_1 VT0 1 4800 16490 11858 -4632
VT0_1 VT0 1 4900 17495 11918 -5577
VT0_1 VT0 1 5000 17224 12286 -4938
VT0_1 VT0 1 5100 16742 13060 -3682
VT0_1 VT0 1 5200 16749 13094 -3655
VT0_1 VT0 1 5300 16055 11847 -4208
VT0_1 VT0 1 5400 16630 13011 -3619
VT0_1 VT0 1 5500 16906 12603 -4303
VT0_1 VT0 1 5600 16221 12266 -3955
VT0_1 VT0 1 5700 16399 11895 -4504
VT0_1 VT0 1 5800 16858 11736 -5122
VT0_1 VT0 1 5900 17055 11241 -5814
VT0_1 VT0 1 6000 16533 11349 -5184
VT0_1 VT0 1 6100 16240 12183 -4057
VT0_1 VT0 1 6200 17467 12047 -5420
VT0_1 VT0 1 6300 16789 12170 -4619
VT0_1 VT0 1 6400 16862 12388 -4474
VT0_1 VT0 1 6500 16546 12420 -4126
VT0_1 VT0 1 6600 16302 12071 -4231
VT0_1 VT0 1 6700 15910 12461 -3449
VT0_1 VT0 1 6800 16721 12628 -4093
VT0_1 VT0 1 6900 16615 12598 -4017
VT0_1 VT0 1 7000 16614 12300 -4314
VT0_1 VT0 1 7100 16549 11791 -4758
VT0_1 VT0 1 7200 15673 11878 -3795
VT0_1 VT0 1 7300 16374 11799 -4575
VT0_1 VT0 1 7400 18514 12415 -6099
VT0_1 VT0 1 7500 17514 12076 -5438
VT0_1 VT0 1 7600 16902 11661 -5241
VT0_1 VT0 1 7700 16877 11999 -4878
VT0_1 VT0 1 7800 15043 12061 -2982
VT0_1 VT0 1 7900 15846 12621 -3225
VT0_1 VT0 1 8000 15763 13109 -2654
VT0_1 VT0 1 8100 15956 12383 -3573
VT0_1 VT0 1 8200 16337 11470 -4867
VT0_1 VT0 1 8300 16558 12412 -4146
VT0_1 VT0 1 8400 16290 11616 -4674
VT0_1 VT0 1 8500 16780 11838 -4942
VT0_1 VT0 1 8600 17393 11920 -5473
VT0_1 VT0 1 8700 16401 11611 -4790
VT0_1 VT0 1 8800 16883 11551 -5332
VT0_1 VT0 1 8900 16115 11958 -4157
VT0_1 VT0 1 9000 16323 11356 -4967
VT0_1 VT0 1 9100 16010 12375 -3635
VT0_1 VT0 1 9200 16445 12124 -4321
VT0_1 VT0 1 9300 16451 11594 -4857
VT0_1 VT0 1 9400 17764 12298 -5466
VT0_1 VT0 1 9500 16341 12163 -4178
VT0_1 VT0 1 9600 15456 12361 -3095
VT0_1 VT0 1 9700 16522 12166 -4356
VT0_1 VT0 1 9800 17294 12552 -4742
VT0_1 VT0 1 9900 17584 12807 -4777
VT0_1 VT0 1 10000 17315 11603 -5712
VT0_2 VT0 2 0 0 0 0
VT0_2 VT0 2 100 332 9927 9595
VT0_2 VT0 2 200 807 27579 26772
VT0_2 VT0 2 300 1892 52217 50325
VT0_2 VT0 2 400 20515 95764 75249
VT0_2 VT0 2 500 183254 37778 -145476
VT0_2 VT0 2 600 253143 29271 -223872
VT0_2 VT0 2 700 274079 23233 -250846
VT0_2 VT0 2 800 294449 22348 -272101
VT0_2 VT0 2 900 300781 22126 -278655
VT0_2 VT0 2 1000 274070 23038 -251032
VT0_2 VT0 2 1100 247921 23294 -224627
VT0_2 VT0 2 1200 252358 24613 -227745
VT0_2 VT0 2 1300 241456 24285 -217171
VT0_2 VT0 2 1400 210135 23195 -186940
VT0_2 VT0 2 1500 205678 23823 -181855
VT0_2 VT0 2 1600 197402 24197 -173205
VT0_2 VT0 2 1700 208495 23608 -184887
VT0_2 VT0 2 1800 230671 22795 -207876
VT0_2 VT0 2 1900 209780 21457 -188323
VT0_2 VT0 2 2000 204507 21002 -183505
VT0_2 VT0 2 2100 175199 21963 -153236
VT0_2 VT0 2 2200 164629 21764 -142865
VT0_2 VT0 2 2300 164238 20936 -143302
VT0_2 VT0 2 2400 196754 22755 -173999
VT0_2 VT0 2 2500 166549 22718 -143831
VT0_2 VT0 2 2600 159997 21792 -138205
VT0_2 VT0 2 2700 166499 20165 -146334
VT0_2 VT0 2 2800 183998 20669 -163329
VT0_2 VT0 2 2900 183983 19979 -164004
VT0_2 VT0 2 3000 175010 19557 -155453
VT0_2 VT0 2 3100 162052 18923 -143129
VT0_2 VT0 2 3200 156359 20089 -136270
VT0_2 VT0 2 3300 223016 19432 -203584
VT0_2 VT0 2 3400 210204 19768 -190436
VT0_2 VT0 2 3500 175925 19118 -156807
VT0_2 VT0 2 3600 213862 21723 -192139
VT0_2 VT0 2 3700 228803 22918 -205885
VT0_2 VT0 2 3800 227544 22083 -205461
VT0_2 VT0 2 3900 204168 21140 -183028
VT0_2 VT0 2 4000 194827 21323 -173504
VT0_2 VT0 2 4100 226412 20812 -205600
VT0_2 VT0 2 4200 220024 21646 -198378
VT0_2 VT0 2 4300 210455 22125 -188330
VT0_2 VT0 2 4400 210265 22474 -187791
VT0_2 VT0 2 4500 195252 21193 -174059
VT0_2 VT0 2 4600 200542 20275 -180267
VT0_2 VT0 2 4700 184167 19579 -164588
VT0_2 VT0 2 4800 168977 18107 -150870
VT0_2 VT0 2 4900 177208 19405 -157803
VT0_2 VT0 2 5000 196656 20254 -176402
VT0_2 VT0 2 5100 214650 18908 -195742
VT0_2 VT0 2 5200 203900 20346 -183554
VT0_2 VT0 2 5300 224284 20927 -203357
VT0_2 VT0 2 5400 219681 20557 -199124
VT0_2 VT0 2 5500 206395 19040 -187355
VT0_2 VT0 2 5600 230678 18865 -211813
VT0_2 VT0 2 5700 221522 17458 -204064
VT0_2 VT0 2 5800 217082 19064 -198018
VT0_2 VT0 2 5900 173062 17880 -155182
VT0_2 VT0 2 6000 186934 18366 -168568
VT0_2 VT0 2 6100 150794 17670 -133124
VT0_2 VT0 2 6200 172285 17501 -154784
VT0_2 VT0 2 6300 196799 17298 -179501
VT0_2 VT0 2 6400 201737 18149 -183588
VT0_2 VT0 2 6500 180397 18165 -162232
VT0_2 VT0 2 6600 167929 18322 -149607
VT0_2 VT0 2 6700 203354 19663 -183691
VT0_2 VT0 2 6800 273700 20976 -252724
VT0_2 VT0 2 6900 319874 20513 -299361
VT0_2 VT0 2 7000 296548 19949 -276599
VT0_2 VT0 2 7100 231455 18043 -213412
VT0_2 VT0 2 7200 204762 18484 -186278
VT0_2 VT0 2 7300 208550 17949 -190601
VT0_2 VT0 2 7400 214779 17783 -196996
VT0_2 VT0 2 7500 226547 17451 -209096
VT0_2 VT0 2 7600 232935 20088 -212847
VT0_2 VT0 2 7700 199920 20084 -179836
VT0_2 VT0 2 7800 217320 19484 -197836
VT0_2 VT0 2 7900 197858 18230 -179628
VT0_2 VT0 2 8000 181895 17092 -164803
VT0_2 VT0 2 8100 182920 17331 -165589
VT0_2 VT0 2 8200 185066 18159 -166907
VT0_2 VT0 2 8300 233091 20104 -212987
VT0_2 VT0 2 8400 230518 19747 -210771
VT0_2 VT0 2 8500 209684 19479 -190205
VT0_2 VT0 2 8600 196513 17851 -178662
VT0_2 VT0 2 8700 252825 20666 -232159
VT0_2 VT0 2 8800 249145 20616 -228529
VT0_2 VT0 2 8900 234541 18906 -215635
VT0_2 VT0 2 9000 256554 20442 -236112
VT0_2 VT0 2 9100 248105 22081 -226024
VT0_2 VT0 2 9200 213678 19803 -193875
VT0_2 VT0 2 9300 219574 19313 -200261
VT0_2 VT0 2 9400 235510 19067 -216443
VT0_2 VT0 2 9500 257255 19348 -237907
VT0_2 VT0 2 9600 229722 18511 -211211
VT0_2 VT0 2 9700 186486 16910 -169576
VT0_2 VT0 2 9800 207200 17618 -189582
VT0_2 VT0 2 9900 188734 18018 -170716
VT0_2 VT0 2 10000 159372 17515 -141857
VT0_3 VT0 3 0 0 0 0
VT0_3 VT0 3 100 365 9877 9512
VT0_3 VT0 3 200 815 27800 26985
VT0_3 VT0 3 300 7047 50896 43849
VT0_3 VT0 3 400 115973 50916 -65057
VT0_3 VT0 3 500 461754 38736 -423018
VT0_3 VT0 3 600 548044 29403 -518641
VT0_3 VT0 3 700 469993 22380 -447613
VT0_3 VT0 3 800 425218 23519 -401699
VT0_3 VT0 3 900 407043 26129 -380914
VT0_3 VT0 3 1000 431925 26878 -405047
VT0_3 VT0 3 1100 403249 26257 -376992
VT0_3 VT0 3 1200 329591 26338 -303253
VT0_3 VT0 3 1300 304037 27321 -276716
VT0_3 VT0 3 1400 294703 27620 -267083
VT0_3 VT0 3 1500 291996 24064 -267932
VT0_3 VT0 3 1600 317077 24701 -292376
VT0_3 VT0 3 1700 344622 27367 -317255
VT0_3 VT0 3 1800 361196 29814 -331382
VT0_3 VT0 3 1900 349784 26386 -323398
VT0_3 VT0 3 2000 305068 25981 -279087
VT0_3 VT0 3 2100 267816 24157 -243659
VT0_3 VT0 3 2200 267840 25245 -242595
VT0_3 VT0 3 2300 322928 24284 -298644
VT0_3 VT0 3 2400 330053 25620 -304433
VT0_3 VT0 3 2500 335909 28061 -307848
VT0_3 VT0 3 2600 311129 23344 -287785
VT0_3 VT0 3 2700 291298 21397 -269901
VT0_3 VT0 3 2800 299701 23695 -276006
VT0_3 VT0 3 2900 271683 20752 -250931
VT0_3 VT0 3 3000 248170 20050 -228120
VT0_3 VT0 3 3100 272266 24782 -247484
VT0_3 VT0 3 3200 281308 25694 -255614
VT0_3 VT0 3 3300 248279 20600 -227679
VT0_3 VT0 3 3400 223313 21010 -202303
VT0_3 VT0 3 3500 244926 21890 -223036
VT0_3 VT0 3 3600 259220 22080 -237140
VT0_3 VT0 3 3700 215339 21348 -193991
VT0_3 VT0 3 3800 205652 25096 -180556
VT0_3 VT0 3 3900 211243 29927 -181316
VT0_3 VT0 3 4000 206713 30879 -175834
VT0_3 VT0 3 4100 227116 26323 -200793
VT0_3 VT0 3 4200 277641 28940 -248701
VT0_3 VT0 3 4300 281304 31072 -250232
VT0_3 VT0 3 4400 271731 26562 -245169
VT0_3 VT0 3 4500 297571 24525 -273046
VT0_3 VT0 3 4600 313434 23821 -289613
VT0_3 VT0 3 4700 268798 22355 -246443
VT0_3 VT0 3 4800 235743 22491 -213252
VT0_3 VT0 3 4900 250630 21327 -229303
VT0_3 VT0 3 5000 232083 22516 -209567
VT0_3 VT0 3 5100 210231 21719 -188512
VT0_3 VT0 3 5200 209105 20459 -188646
VT0_3 VT0 3 5300 214946 22378 -192568
VT0_3 VT0 3 5400 229782 20736 -209046
VT0_3 VT0 3 5500 195497 22622 -172875
VT0_3 VT0 3 5600 154881 23734 -131147
VT0_3 VT0 3 5700 55843 16154 -39689
VT0_3 VT0 3 5800 21365 14040 -7325
VT0_3 VT0 3 5900 19898 13796 -6102
VT0_3 VT0 3 6000 19222 13499 -5723
VT0_3 VT0 3 6100 18740 13712 -5028
VT0_3 VT0 3 6200 18409 13507 -4902
VT0_3 VT0 3 6300 17227 13447 -3780
VT0_3 VT0 3 6400 17344 13656 -3688
VT0_3 VT0 3 6500 17290 14273 -3017
VT0_3 VT0 3 6600 18352 14039 -4313
VT0_3 VT0 3 6700 17620 13807 -3813
VT0_3 VT0 3 6800 17792 13705 -4087
VT0_3 VT0 3 6900 17920 13169 -4751
VT0_3 VT0 3 7000 18485 13176 -5309
VT0_3 VT0 3 7100 18569 12808 -5761
VT0_3 VT0 3 7200 17822 12879 -4943
VT0_3 VT0 3 7300 18252 13139 -5113
VT0_3 VT0 3 7400 18583 13277 -5306
VT0_3 VT0 3 7500 19244 12609 -6635
VT0_3 VT0 3 7600 17733 12645 -5088
VT0_3 VT0 3 7700 17598 12437 -5161
VT0_3 VT0 3 7800 18124 12135 -5989
VT0_3 VT0 3 7900 18281 11590 -6691
VT0_3 VT0 3 8000 16775 11810 -4965
VT0_3 VT0 3 8100 16723 11834 -4889
VT0_3 VT0 3 8200 18019 11821 -6198
VT0_3 VT0 3 8300 18406 11777 -6629
VT0_3 VT0 3 8400 18190 12107 -6083
VT0_3 VT0 3 8500 17303 11403 -5900
VT0_3 VT0 3 8600 16267 11696 -4571
VT0_3 VT0 3 8700 16966 11906 -5060
VT0_3 VT0 3 8800 16986 13023 -3963
VT0_3 VT0 3 8900 16954 12915 -4039
VT0_3 VT0 3 9000 17450 12459 -4991
VT0_3 VT0 3 9100 17516 11828 -5688
VT0_3 VT0 3 9200 17216 11766 -5450
VT0_3 VT0 3 9300 16845 11800 -5045
VT0_3 VT0 3 9400 17373 12179 -5194
VT0_3 VT0 3 9500 17439 13494 -3945
VT0_3 VT0 3 9600 16171 12958 -3213
VT0_3 VT0 3 9700 16224 12730 -3494
VT0_3 VT0 3 9800 17227 12991 -4236
VT0_3 VT0 3 9900 17367 12667 -4700
VT0_3 VT0 3 10000 16537 12880 -3657
VT0_4 VT0 4 0 0 0 0
VT0_4 VT0 4 100 315 9797 9482
VT0_4 VT0 4 200 756 27810 27054
VT0_4 VT0 4 300 1222 49208 47986
VT0_4 VT0 4 400 13193 121889 108696
VT0_4 VT0 4 500 208466 60009 -148457
VT0_4 VT0 4 600 508975 35519 -473456
VT0_4 VT0 4 700 516716 32560 -484156
VT0_4 VT0 4 800 403216 27572 -375644
VT0_4 VT0 4 900 284117 23678 -260439
VT0_4 VT0 4 1000 245173 23654 -221519
VT0_4 VT0 4 1100 292417 21623 -270794
VT0_4 VT0 4 1200 126263 22887 -103376
VT0_4 VT0 4 1300 38864 20698 -18166
VT0_4 VT0 4 1400 24420 19741 -4679
VT0_4 VT0 4 1500 22161 17876 -4285
VT0_4 VT0 4 1600 21640 16345 -5295
VT0_4 VT0 4 1700 21357 15659 -5698
VT0_4 VT0 4 1800 20940 16273 -4667
VT0_4 VT0 4 1900 19427 15888 -3539
VT0_4 VT0 4 2000 19537 15730 -3807
VT0_4 VT0 4 2100 19091 14317 -4774
VT0_4 VT0 4 2200 19431 14154 -5277
VT0_4 VT0 4 2300 18947 14066 -4881
VT0_4 VT0 4 2400 19975 13500 -6475
VT0_4 VT0 4 2500 18814 13208 -5606
VT0_4 VT0 4 2600 18105 12594 -5511
VT0_4 VT0 4 2700 18491 13212 -5279
VT0_4 VT0 4 2800 18805 14036 -4769
VT0_4 VT0 4 2900 18328 13147 -5181
VT0_4 VT0 4 3000 18279 13972 -4307
VT0_4 VT0 4 3100 18837 13213 -5624
VT0_4 VT0 4 3200 16992 11340 -5652
VT0_4 VT0 4 3300 15977 10335 -5642
VT0_4 VT0 4 3400 16538 10374 -6164
VT0_4 VT0 4 3500 16747 10909 -5838
VT0_4 VT0 4 3600 16328 12688 -3640
VT0_4 VT0 4 3700 16290 13764 -2526
VT0_4 VT0 4 3800 16777 13481 -3296
VT0_4 VT0 4 3900 17575 12764 -4811
VT0_4 VT0 4 4000 17414 12333 -5081
VT0_4 VT0 4 4100 17249 12589 -4660
VT0_4 VT0 4 4200 17154 12660 -4494
VT0_4 VT0 4 4300 16758 12120 -4638
VT0_4 VT0 4 4400 16435 11481 -4954
VT0_4 VT0 4 4500 15651 11916 -3735
VT0_4 VT0 4 4600 17133 12007 -5126
VT0_4 VT0 4 4700 16036 11650 -4386
VT0_4 VT0 4 4800 15606 11088 -4518
VT0_4 VT0 4 4900 16458 11016 -5442
VT0_4 VT0 4 5000 17329 11471 -5858
VT0_4 VT0 4 5100 16076 11037 -5039
VT0_4 VT0 4 5200 16297 10552 -5745
VT0_4 VT0 4 5300 16824 11877 -4947
VT0_4 VT0 4 5400 16675 12268 -4407
VT0_4 VT0 4 5500 15913 11906 -4007
VT0_4 VT0 4 5600 15733 11258 -4475
VT0_4 VT0 4 5700 15844 12200 -3644
VT0_4 VT0 4 5800 15222 12383 -2839
VT0_4 VT0 4 5900 15877 12674 -3203
VT0_4 VT0 4 6000 16846 11842 -5004
VT0_4 VT0 4 6100 16468 11337 -5131
VT0_4 VT0 4 6200 16215 11102 -5113
VT0_4 VT0 4 6300 16778 11598 -5180
VT0_4 VT0 4 6400 16088 12068 -4020
VT0_4 VT0 4 6500 16567 12089 -4478
VT0_4 VT0 4 6600 16967 11686 -5281
VT0_4 VT0 4 6700 17509 11589 -5920
VT0_4 VT0 4 6800 17768 11335 -6433
VT0_4 VT0 4 6900 17269 10725 -6544
VT0_4 VT0 4 7000 15899 11069 -4830
VT0_4 VT0 4 7100 16355 11794 -4561
VT0_4 VT0 4 7200 15399 11352 -4047
VT0_4 VT0 4 7300 16162 12139 -4023
VT0_4 VT0 4 7400 16061 12581 -3480
VT0_4 VT0 4 7500 16257 12594 -3663
VT0_4 VT0 4 7600 16920 12529 -4391
VT0_4 VT0 4 7700 15884 12429 -3455
VT0_4 VT0 4 7800 15752 11805 -3947
VT0_4 VT0 4 7900 16218 12041 -4177
VT0_4 VT0 4 8000 15942 11474 -4468
VT0_4 VT0 4 8100 14804 11551 -3253
VT0_4 VT0 4 8200 16691 12147 -4544
VT0_4 VT0 4 8300 16995 12668 -4327
VT0_4 VT0 4 8400 16286 12583 -3703
VT0_4 VT0 4 8500 16680 12864 -3816
VT0_4 VT0 4 8600 17156 13023 -4133
VT0_4 VT0 4 8700 15640 12839 -2801
VT0_4 VT0 4 8800 16062 12441 -3621
VT0_4 VT0 4 8900 16036 11172 -4864
VT0_4 VT0 4 9000 15412 10857 -4555
VT0_4 VT0 4 9100 15491 10845 -4646
VT0_4 VT0 4 9200 15869 11392 -4477
VT0_4 VT0 4 9300 16661 11293 -5368
VT0_4 VT0 4 9400 16396 11952 -4444
VT0_4 VT0 4 9500 15739 11350 -4389
VT0_4 VT0 4 9600 16238 11747 -4491
VT0_4 VT0 4 9700 17314 11732 -5582
VT0_4 VT0 4 9800 16604 11316 -5288
VT0_4 VT0 4 9900 16532 11036 -5496
VT0_4 VT0 4 10000 16832 11741 -5091
VT0_5 VT0 5 0 0 0 0
VT0_5 VT0 5 100 322 9931 9609
VT0_5 VT0 5 200 844 28746 27902
VT0_5 VT0 5 300 1419 47091 45672
VT0_5 VT0 5 400 91067 71453 -19614
VT0_5 VT0 5 500 235114 30322 -204792
VT0_5 VT0 5 600 260826 25512 -235314
VT0_5 VT0 5 700 272656 22059 -250597
VT0_5 VT0 5 800 273768 21705 -252063
VT0_5 VT0 5 900 269269 22723 -246546
VT0_5 VT0 5 1000 265226 27589 -237637
VT0_5 VT0 5 1100 252842 30375 -222467
VT0_5 VT0 5 1200 217310 31830 -185480
VT0_5 VT0 5 1300 203865 40190 -163675
VT0_5 VT0 5 1400 245025 33067 -211958
VT0_5 VT0 5 1500 265202 31433 -233769
VT0_5 VT0 5 1600 254383 30257 -224126
VT0_5 VT0 5 1700 174779 26401 -148378
VT0_5 VT0 5 1800 170589 28953 -141636
VT0_5 VT0 5 1900 174201 25662 -148539
VT0_5 VT0 5 2000 170271 23252 -147019
VT0_5 VT0 5 2100 188709 23658 -165051
VT0_5 VT0 5 2200 191278 26769 -164509
VT0_5 VT0 5 2300 186780 26569 -160211
VT0_5 VT0 5 2400 165840 24882 -140958
VT0_5 VT0 5 2500 183875 26620 -157255
VT0_5 VT0 5 2600 156462 28616 -127846
VT0_5 VT0 5 2700 180582 26729 -153853
VT0_5 VT0 5 2800 184361 25694 -158667
VT0_5 VT0 5 2900 201078 27427 -173651
VT0_5 VT0 5 3000 250938 30075 -220863
VT0_5 VT0 5 3100 269668 26739 -242929
VT0_5 VT0 5 3200 240464 24308 -216156
VT0_5 VT0 5 3300 218040 23649 -194391
VT0_5 VT0 5 3400 225352 25476 -199876
VT0_5 VT0 5 3500 273313 29121 -244192
VT0_5 VT0 5 3600 264092 31321 -232771
VT0_5 VT0 5 3700 201212 29224 -171988
VT0_5 VT0 5 3800 174474 32341 -142133
VT0_5 VT0 5 3900 149216 39292 -109924
VT0_5 VT0 5 4000 137373 30035 -107338
VT0_5 VT0 5 4100 167035 27362 -139673
VT0_5 VT0 5 4200 161761 25298 -136463
VT0_5 VT0 5 4300 181489 23783 -157706
VT0_5 VT0 5 4400 176298 21024 -155274
VT0_5 VT0 5 4500 213487 21909 -191578
VT0_5 VT0 5 4600 261473 22679 -238794
VT0_5 VT0 5 4700 235600 22424 -213176
VT0_5 VT0 5 4800 269557 28547 -241010
VT0_5 VT0 5 4900 249786 27101 -222685
VT0_5 VT0 5 5000 259840 23829 -236011
VT0_5 VT0 5 5100 304109 24996 -279113
VT0_5 VT0 5 5200 297811 22991 -274820
VT0_5 VT0 5 5300 324641 24315 -300326
VT0_5 VT0 5 5400 252517 25032 -227485
VT0_5 VT0 5 5500 238613 25739 -212874
VT0_5 VT0 5 5600 214027 24157 -189870
VT0_5 VT0 5 5700 236583 24862 -211721
VT0_5 VT0 5 5800 196404 25231 -171173
VT0_5 VT0 5 5900 222586 25358 -197228
VT0_5 VT0 5 6000 221204 24138 -197066
VT0_5 VT0 5 6100 208821 23150 -185671
VT0_5 VT0 5 6200 213818 24327 -189491
VT0_5 VT0 5 6300 247938 25888 -222050
VT0_5 VT0 5 6400 288310 26161 -262149
VT0_5 VT0 5 6500 303218 24313 -278905
VT0_5 VT0 5 6600 284543 26897 -257646
VT0_5 VT0 5 6700 283017 24560 -258457
VT0_5 VT0 5 6800 238629 20079 -218550
VT0_5 VT0 5 6900 219959 20744 -199215
VT0_5 VT0 5 7000 194410 20381 -174029
VT0_5 VT0 5 7100 206841 20893 -185948
VT0_5 VT0 5 7200 220744 23083 -197661
VT0_5 VT0 5 7300 222829 22963 -199866
VT0_5 VT0 5 7400 221109 23294 -197815
VT0_5 VT0 5 7500 228967 23483 -205484
VT0_5 VT0 5 7600 244938 24234 -220704
VT0_5 VT0 5 7700 201966 23380 -178586
VT0_5 VT0 5 7800 158250 22607 -135643
VT0_5 VT0 5 7900 162379 23655 -138724
VT0_5 VT0 5 8000 190812 20685 -170127
VT0_5 VT0 5 8100 187664 21712 -165952
VT0_5 VT0 5 8200 199026 20076 -178950
VT0_5 VT0 5 8300 212260 21610 -190650
VT0_5 VT0 5 8400 211172 21222 -189950
VT0_5 VT0 5 8500 201407 22993 -178414
VT0_5 VT0 5 8600 187785 21345 -166440
VT0_5 VT0 5 8700 194922 21130 -173792
VT0_5 VT0 5 8800 175764 23305 -152459
VT0_5 VT0 5 8900 208025 24974 -183051
VT0_5 VT0 5 9000 244834 25073 -219761
VT0_5 VT0 5 9100 240196 22276 -217920
VT0_5 VT0 5 9200 204901 23956 -180945
VT0_5 VT0 5 9300 191120 26662 -164458
VT0_5 VT0 5 9400 168741 26174 -142567
VT0_5 VT0 5 9500 195156 22413 -172743
VT0_5 VT0 5 9600 188216 21147 -167069
VT0_5 VT0 5 9700 170085 26077 -144008
VT0_5 VT0 5 9800 149576 28077 -121499
VT0_5 VT0 5 9900 194840 25063 -169777
VT0_5 VT0 5 10000 232489 23455 -209034
VT0_6 VT0 6 0 0 0 0
VT0_6 VT0 6 100 355 9838 9483
VT0_6 VT0 6 200 1059 27132 26073
VT0_6 VT0 6 300 84334 49331 -35003
VT0_6 VT0 6 400 443542 74156 -369386
VT0_6 VT0 6 500 207077 173645 -33432
VT0_6 VT0 6 600 208238 78944 -129294
VT0_6 VT0 6 700 255908 46494 -209414
VT0_6 VT0 6 800 329628 35749 -293879
VT0_6 VT0 6 900 394112 35171 -358941
VT0_6 VT0 6 1000 327338 42606 -284732
VT0_6 VT0 6 1100 330851 36185 -294666
VT0_6 VT0 6 1200 304701 34133 -270568
VT0_6 VT0 6 1300 303223 27764 -275459
VT0_6 VT0 6 1400 284496 24019 -260477
VT0_6 VT0 6 1500 248315 24086 -224229
VT0_6 VT0 6 1600 227871 23514 -204357
VT0_6 VT0 6 1700 234732 30168 -204564
VT0_6 VT0 6 1800 252847 33181 -219666
VT0_6 VT0 6 1900 256392 36296 -220096
VT0_6 VT0 6 2000 297470 36769 -260701
VT0_6 VT0 6 2100 373501 31614 -341887
VT0_6 VT0 6 2200 381961 27843 -354118
VT0_6 VT0 6 2300 384661 27869 -356792
VT0_6 VT0 6 2400 373382 27751 -345631
VT0_6 VT0 6 2500 408953 25659 -383294
VT0_6 VT0 6 2600 387560 28097 -359463
VT0_6 VT0 6 2700 388132 27465 -360667
VT0_6 VT0 6 2800 357711 26847 -330864
VT0_6 VT0 6 2900 316863 24892 -291971
VT0_6 VT0 6 3000 307516 24239 -283277
VT0_6 VT0 6 3100 152592 18249 -134343
VT0_6 VT0 6 3200 34391 14731 -19660
VT0_6 VT0 6 3300 20158 14370 -5788
VT0_6 VT0 6 3400 18274 14886 -3388
VT0_6 VT0 6 3500 18993 14897 -4096
VT0_6 VT0 6 3600 17995 13537 -4458
VT0_6 VT0 6 3700 17613 13630 -3983
VT0_6 VT0 6 3800 17843 13776 -4067
VT0_6 VT0 6 3900 18002 13497 -4505
VT0_6 VT0 6 4000 18520 14084 -4436
VT0_6 VT0 6 4100 18743 13236 -5507
VT0_6 VT0 6 4200 18642 12632 -6010
VT0_6 VT0 6 4300 18621 12874 -5747
VT0_6 VT0 6 4400 18567 12278 -6289
VT0_6 VT0 6 4500 18242 13324 -4918
VT0_6 VT0 6 4600 18396 13095 -5301
VT0_6 VT0 6 4700 18476 12130 -6346
VT0_6 VT0 6 4800 18596 11979 -6617
VT0_6 VT0 6 4900 18334 12362 -5972
VT0_6 VT0 6 5000 18262 12749 -5513
VT0_6 VT0 6 5100 17344 12042 -5302
VT0_6 VT0 6 5200 17699 12794 -4905
VT0_6 VT0 6 5300 17390 13043 -4347
VT0_6 VT0 6 5400 17043 13003 -4040
VT0_6 VT0 6 5500 17412 12605 -4807
VT0_6 VT0 6 5600 16572 13128 -3444
VT0_6 VT0 6 5700 16599 12960 -3639
VT0_6 VT0 6 5800 16770 12588 -4182
VT0_6 VT0 6 5900 17619 13174 -4445
VT0_6 VT0 6 6000 17648 12759 -4889
VT0_6 VT0 6 6100 17868 12478 -5390
VT0_6 VT0 6 6200 16490 12405 -4085
VT0_6 VT0 6 6300 17721 12909 -4812
VT0_6 VT0 6 6400 17725 12879 -4846
VT0_6 VT0 6 6500 17978 12342 -5636
VT0_6 VT0 6 6600 17181 12742 -4439
VT0_6 VT0 6 6700 17305 11931 -5374
VT0_6 VT0 6 6800 16805 11980 -4825
VT0_6 VT0 6 6900 16684 12646 -4038
VT0_6 VT0 6 7000 17986 13365 -4621
VT0_6 VT0 6 7100 17252 13475 -3777
VT0_6 VT0 6 7200 17189 12749 -4440
VT0_6 VT0 6 7300 16502 13229 -3273
VT0_6 VT0 6 7400 16599 13206 -3393
VT0_6 VT0 6 7500 16988 13149 -3839
VT0_6 VT0 6 7600 15841 12926 -2915
VT0_6 VT0 6 7700 16274 12710 -3564
VT0_6 VT0 6 7800 17101 12480 -4621
VT0_6 VT0 6 7900 17622 12650 -4972
VT0_6 VT0 6 8000 17233 12289 -4944
VT0_6 VT0 6 8100 17046 12771 -4275
VT0_6 VT0 6 8200 16637 13686 -2951
VT0_6 VT0 6 8300 17478 12701 -4777
VT0_6 VT0 6 8400 17595 13097 -4498
VT0_6 VT0 6 8500 17320 12947 -4373
VT0_6 VT0 6 8600 17423 13298 -4125
VT0_6 VT0 6 8700 18011 13305 -4706
VT0_6 VT0 6 8800 16985 12683 -4302
VT0_6 VT0 6 8900 16910 12196 -4714
VT0_6 VT0 6 9000 16811 13021 -3790
VT0_6 VT0 6 9100 16571 12755 -3816
VT0_6 VT0 6 9200 17310 11902 -5408
VT0_6 VT0 6 9300 16378 10669 -5709
VT0_6 VT0 6 9400 16285 10878 -5407
VT0_6 VT0 6 9500 16456 10813 -5643
VT0_6 VT0 6 9600 16532 11339 -5193
VT0_6 VT0 6 9700 17400 12702 -4698
VT0_6 VT0 6 9800 17200 12658 -4542
VT0_6 VT0 6 9900 17478 13210 -4268
VT0_6 VT0 6 10000 16791 12329 -4462
VT0_7 VT0 7 0 0 0 0
VT0_7 VT0 7 100 341 9679 9338
VT0_7 VT0 7 200 837 29446 28609
VT0_7 VT0 7 300 19469 67594 48125
VT0_7 VT0 7 400 193575 46550 -147025
VT0_7 VT0 7 500 163508 29903 -133605
VT0_7 VT0 7 600 143114 24852 -118262
VT0_7 VT0 7 700 163669 22323 -141346
VT0_7 VT0 7 800 161489 23146 -138343
VT0_7 VT0 7 900 162648 21160 -141488
VT0_7 VT0 7 1000 164510 23542 -140968
VT0_7 VT0 7 1100 187843 22711 -165132
VT0_7 VT0 7 1200 184927 19229 -165698
VT0_7 VT0 7 1300 232672 23539 -209133
VT0_7 VT0 7 1400 307036 29439 -277597
VT0_7 VT0 7 1500 387122 33300 -353822
VT0_7 VT0 7 1600 365011 28467 -336544
VT0_7 VT0 7 1700 312531 26894 -285637
VT0_7 VT0 7 1800 279015 29755 -249260
VT0_7 VT0 7 1900 252131 25460 -226671
VT0_7 VT0 7 2000 225038 19204 -205834
VT0_7 VT0 7 2100 240309 21692 -218617
VT0_7 VT0 7 2200 225040 26241 -198799
VT0_7 VT0 7 2300 225297 24197 -201100
VT0_7 VT0 7 2400 264002 23507 -240495
VT0_7 VT0 7 2500 262090 20199 -241891
VT0_7 VT0 7 2600 278906 24889 -254017
VT0_7 VT0 7 2700 271192 22726 -248466
VT0_7 VT0 7 2800 285936 22022 -263914
VT0_7 VT0 7 2900 301286 24072 -277214
VT0_7 VT0 7 3000 333441 26100 -307341
VT0_7 VT0 7 3100 331902 24442 -307460
VT0_7 VT0 7 3200 297703 22845 -274858
VT0_7 VT0 7 3300 231160 32578 -198582
VT0_7 VT0 7 3400 197921 34640 -163281
VT0_7 VT0 7 3500 180310 31471 -148839
VT0_7 VT0 7 3600 222375 35005 -187370
VT0_7 VT0 7 3700 215415 29022 -186393
VT0_7 VT0 7 3800 242645 24877 -217768
VT0_7 VT0 7 3900 274724 25095 -249629
VT0_7 VT0 7 4000 267212 27670 -239542
VT0_7 VT0 7 4100 250860 25091 -225769
VT0_7 VT0 7 4200 224045 25336 -198709
VT0_7 VT0 7 4300 209022 25598 -183424
VT0_7 VT0 7 4400 182971 24192 -158779
VT0_7 VT0 7 4500 186451 24168 -162283
VT0_7 VT0 7 4600 227153 26414 -200739
VT0_7 VT0 7 4700 207185 30349 -176836
VT0_7 VT0 7 4800 183411 30218 -153193
VT0_7 VT0 7 4900 219818 27469 -192349
VT0_7 VT0 7 5000 238188 28262 -209926
VT0_7 VT0 7 5100 281227 25802 -255425
VT0_7 VT0 7 5200 270448 30367 -240081
VT0_7 VT0 7 5300 243779 35459 -208320
VT0_7 VT0 7 5400 239967 33834 -206133
VT0_7 VT0 7 5500 265129 30961 -234168
VT0_7 VT0 7 5600 264186 26527 -237659
VT0_7 VT0 7 5700 239460 23041 -216419
VT0_7 VT0 7 5800 243653 25002 -218651
VT0_7 VT0 7 5900 317157 26955 -290202
VT0_7 VT0 7 6000 315581 32306 -283275
VT0_7 VT0 7 6100 308981 29796 -279185
VT0_7 VT0 7 6200 313693 23922 -289771
VT0_7 VT0 7 6300 308609 22087 -286522
VT0_7 VT0 7 6400 324463 22365 -302098
VT0_7 VT0 7 6500 313550 23657 -289893
VT0_7 VT0 7 6600 275004 25625 -249379
VT0_7 VT0 7 6700 264672 23626 -241046
VT0_7 VT0 7 6800 249868 24974 -224894
VT0_7 VT0 7 6900 249616 24444 -225172
VT0_7 VT0 7 7000 258517 25110 -233407
VT0_7 VT0 7 7100 311503 25402 -286101
VT0_7 VT0 7 7200 329362 26403 -302959
VT0_7 VT0 7 7300 294201 24314 -269887
VT0_7 VT0 7 7400 295389 25334 -270055
VT0_7 VT0 7 7500 313791 23645 -290146
VT0_7 VT0 7 7600 276552 21822 -254730
VT0_7 VT0 7 7700 254244 21744 -232500
VT0_7 VT0 7 7800 262362 23337 -239025
VT0_7 VT0 7 7900 236520 26367 -210153
VT0_7 VT0 7 8000 197645 31534 -166111
VT0_7 VT0 7 8100 188236 29040 -159196
VT0_7 VT0 7 8200 207742 27520 -180222
VT0_7 VT0 7 8300 231254 26891 -204363
VT0_7 VT0 7 8400 259501 27411 -232090
VT0_7 VT0 7 8500 238188 31118 -207070
VT0_7 VT0 7 8600 247708 27595 -220113
VT0_7 VT0 7 8700 268683 27747 -240936
VT0_7 VT0 7 8800 259801 26449 -233352
VT0_7 VT0 7 8900 219762 27332 -192430
VT0_7 VT0 7 9000 213807 24545 -189262
VT0_7 VT0 7 9100 210176 24866 -185310
VT0_7 VT0 7 9200 253407 21419 -231988
VT0_7 VT0 7 9300 257639 21741 -235898
VT0_7 VT0 7 9400 269664 25383 -244281
VT0_7 VT0 7 9500 259532 24310 -235222
VT0_7 VT0 7 9600 273278 26873 -246405
VT0_7 VT0 7 9700 249149 29046 -220103
VT0_7 VT0 7 9800 204044 27392 -176652
VT0_7 VT0 7 9900 204512 22201 -182311
VT0_7 VT0 7 10000 233457 21459 -211998
VT0_8 VT0 8 0 0 0 0
VT0_8 VT0 8 100 325 9899 9574
VT0_8 VT0 8 200 910 28245 27335
VT0_8 VT0 8 300 1893 49696 47803
VT0_8 VT0 8 400 301777 64555 -237222
VT0_8 VT0 8 500 407277 30851 -376426
VT0_8 VT0 8 600 213452 23075 -190377
VT0_8 VT0 8 700 218484 21558 -196926
VT0_8 VT0 8 800 220718 22511 -198207
VT0_8 VT0 8 900 232634 22416 -210218
VT0_8 VT0 8 1000 191774 21228 -170546
VT0_8 VT0 8 1100 187022 24482 -162540
VT0_8 VT0 8 1200 209222 24944 -184278
VT0_8 VT0 8 1300 202810 24190 -178620
VT0_8 VT0 8 1400 180989 26837 -154152
VT0_8 VT0 8 1500 182384 26855 -155529
VT0_8 VT0 8 1600 198185 28810 -169375
VT0_8 VT0 8 1700 251421 24381 -227040
VT0_8 VT0 8 1800 271433 26440 -244993
VT0_8 VT0 8 1900 266598 26480 -240118
VT0_8 VT0 8 2000 248775 23575 -225200
VT0_8 VT0 8 2100 237162 23343 -213819
VT0_8 VT0 8 2200 243328 23819 -219509
VT0_8 VT0 8 2300 176113 22579 -153534
VT0_8 VT0 8 2400 166498 30141 -136357
VT0_8 VT0 8 2500 191314 30081 -161233
VT0_8 VT0 8 2600 216507 26319 -190188
VT0_8 VT0 8 2700 232661 26012 -206649
VT0_8 VT0 8 2800 263074 27915 -235159
VT0_8 VT0 8 2900 256495 23034 -233461
VT0_8 VT0 8 3000 246556 24190 -222366
VT0_8 VT0 8 3100 238117 28094 -210023
VT0_8 VT0 8 3200 211520 25076 -186444
VT0_8 VT0 8 3300 158739 18479 -140260
VT0_8 VT0 8 3400 164562 20004 -144558
VT0_8 VT0 8 3500 214241 22113 -192128
VT0_8 VT0 8 3600 233426 22650 -210776
VT0_8 VT0 8 3700 239550 22123 -217427
VT0_8 VT0 8 3800 249185 24351 -224834
VT0_8 VT0 8 3900 283939 23621 -260318
VT0_8 VT0 8 4000 243172 24575 -218597
VT0_8 VT0 8 4100 213848 22218 -191630
VT0_8 VT0 8 4200 246942 22566 -224376
VT0_8 VT0 8 4300 237546 21288 -216258
VT0_8 VT0 8 4400 168313 20736 -147577
VT0_8 VT0 8 4500 186151 20083 -166068
VT0_8 VT0 8 4600 191167 20624 -170543
VT0_8 VT0 8 4700 214665 24479 -190186
VT0_8 VT0 8 4800 190513 25310 -165203
VT0_8 VT0 8 4900 186618 28762 -157856
VT0_8 VT0 8 5000 140400 23525 -116875
VT0_8 VT0 8 5100 143443 20686 -122757
VT0_8 VT0 8 5200 174012 20723 -153289
VT0_8 VT0 8 5300 226146 21677 -204469
VT0_8 VT0 8 5400 249482 22734 -226748
VT0_8 VT0 8 5500 267790 26014 -241776
VT0_8 VT0 8 5600 266397 28989 -237408
VT0_8 VT0 8 5700 252108 28791 -223317
VT0_8 VT0 8 5800 247980 28863 -219117
VT0_8 VT0 8 5900 268902 30499 -238403
VT0_8 VT0 8 6000 255060 27393 -227667
VT0_8 VT0 8 6100 256473 24883 -231590
VT0_8 VT0 8 6200 247937 22021 -225916
VT0_8 VT0 8 6300 253545 22362 -231183
VT0_8 VT0 8 6400 265703 23638 -242065
VT0_8 VT0 8 6500 258583 24824 -233759
VT0_8 VT0 8 6600 222499 27491 -195008
VT0_8 VT0 8 6700 201411 24829 -176582
VT0_8 VT0 8 6800 232912 21538 -211374
VT0_8 VT0 8 6900 213912 21541 -192371
VT0_8 VT0 8 7000 205936 20973 -184963
VT0_8 VT0 8 7100 209534 19907 -189627
VT0_8 VT0 8 7200 189005 20875 -168130
VT0_8 VT0 8 7300 195680 19311 -176369
VT0_8 VT0 8 7400 215764 19660 -196104
VT0_8 VT0 8 7500 223972 21294 -202678
VT0_8 VT0 8 7600 208325 20247 -188078
VT0_8 VT0 8 7700 198724 21218 -177506
VT0_8 VT0 8 7800 196107 20914 -175193
VT0_8 VT0 8 7900 202222 21372 -180850
VT0_8 VT0 8 8000 203061 21438 -181623
VT0_8 VT0 8 8100 216447 20552 -195895
VT0_8 VT0 8 8200 226488 25275 -201213
VT0_8 VT0 8 8300 236713 21969 -214744
VT0_8 VT0 8 8400 287491 21200 -266291
VT0_8 VT0 8 8500 281636 21943 -259693
VT0_8 VT0 8 8600 245012 28025 -216987
VT0_8 VT0 8 8700 241263 27925 -213338
VT0_8 VT0 8 8800 258825 27755 -231070
VT0_8 VT0 8 8900 239847 30023 -209824
VT0_8 VT0 8 9000 214967 27564 -187403
VT0_8 VT0 8 9100 242169 28026 -214143
VT0_8 VT0 8 9200 270791 25035 -245756
VT0_8 VT0 8 9300 241045 25806 -215239
VT0_8 VT0 8 9400 242314 28965 -213349
VT0_8 VT0 8 9500 275907 26476 -249431
VT0_8 VT0 8 9600 290945 27466 -263479
VT0_8 VT0 8 9700 258315 22700 -235615
VT0_8 VT0 8 9800 243780 24014 -219766
VT0_8 VT0 8 9900 241135 21718 -219417
VT0_8 VT0 8 10000 250189 19165 -231024
VT0_9 VT0 9 0 0 0 0
VT0_9 VT0 9 100 347 9942 9595
VT0_9 VT0 9 200 824 28370 27546
VT0_9 VT0 9 300 3121 63423 60302
VT0_9 VT0 9 400 85003 73535 -11468
VT0_9 VT0 9 500 141469 32579 -108890
VT0_9 VT0 9 600 189092 24717 -164375
VT0_9 VT0 9 700 243978 22163 -221815
VT0_9 VT0 9 800 285165 22038 -263127
VT0_9 VT0 9 900 285022 23179 -261843
VT0_9 VT0 9 1000 292029 22785 -269244
VT0_9 VT0 9 1100 263033 21132 -241901
VT0_9 VT0 9 1200 259335 24397 -234938
VT0_9 VT0 9 1300 263951 24333 -239618
VT0_9 VT0 9 1400 251081 24344 -226737
VT0_9 VT0 9 1500 218014 26278 -191736
VT0_9 VT0 9 1600 208128 26908 -181220
VT0_9 VT0 9 1700 191133 29119 -162014
VT0_9 VT0 9 1800 189311 26731 -162580
VT0_9 VT0 9 1900 208627 26605 -182022
VT0_9 VT0 9 2000 195095 22795 -172300
VT0_9 VT0 9 2100 205250 23182 -182068
VT0_9 VT0 9 2200 208046 24252 -183794
VT0_9 VT0 9 2300 231991 23194 -208797
VT0_9 VT0 9 2400 306584 24804 -281780
VT0_9 VT0 9 2500 303987 25930 -278057
VT0_9 VT0 9 2600 217963 23737 -194226
VT0_9 VT0 9 2700 213291 25686 -187605
VT0_9 VT0 9 2800 292063 25408 -266655
VT0_9 VT0 9 2900 358394 26810 -331584
VT0_9 VT0 9 3000 302100 28956 -273144
VT0_9 VT0 9 3100 329117 28081 -301036
VT0_9 VT0 9 3200 349370 24774 -324596
VT0_9 VT0 9 3300 324068 26016 -298052
VT0_9 VT0 9 3400 297735 26359 -271376
VT0_9 VT0 9 3500 301540 25394 -276146
VT0_9 VT0 9 3600 317795 25399 -292396
VT0_9 VT0 9 3700 348250 26748 -321502
VT0_9 VT0 9 3800 383116 26732 -356384
VT0_9 VT0 9 3900 324090 29504 -294586
VT0_9 VT0 9 4000 270541 26839 -243702
VT0_9 VT0 9 4100 261257 25440 -235817
VT0_9 VT0 9 4200 239085 23930 -215155
VT0_9 VT0 9 4300 221238 18897 -202341
VT0_9 VT0 9 4400 220728 19170 -201558
VT0_9 VT0 9 4500 222446 21221 -201225
VT0_9 VT0 9 4600 227542 22841 -204701
VT0_9 VT0 9 4700 238952 22919 -216033
VT0_9 VT0 9 4800 244060 20277 -223783
VT0_9 VT0 9 4900 254554 20146 -234408
VT0_9 VT0 9 5000 304114 22053 -282061
VT0_9 VT0 9 5100 325178 20326 -304852
VT0_9 VT0 9 5200 257952 19745 -238207
VT0_9 VT0 9 5300 199874 19516 -180358
VT0_9 VT0 9 5400 173955 19313 -154642
VT0_9 VT0 9 5500 179800 18851 -160949
VT0_9 VT0 9 5600 185791 19725 -166066
VT0_9 VT0 9 5700 193227 22348 -170879
VT0_9 VT0 9 5800 223391 19962 -203429
VT0_9 VT0 9 5900 204304 21654 -182650
VT0_9 VT0 9 6000 187092 21364 -165728
VT0_9 VT0 9 6100 228563 20916 -207647
VT0_9 VT0 9 6200 234867 21022 -213845
VT0_9 VT0 9 6300 213185 22143 -191042
VT0_9 VT0 9 6400 232062 22566 -209496
VT0_9 VT0 9 6500 267875 22034 -245841
VT0_9 VT0 9 6600 243893 21207 -222686
VT0_9 VT0 9 6700 211694 21284 -190410
VT0_9 VT0 9 6800 248670 19314 -229356
VT0_9 VT0 9 6900 269029 19591 -249438
VT0_9 VT0 9 7000 279600 20674 -258926
VT0_9 VT0 9 7100 289555 21040 -268515
VT0_9 VT0 9 7200 302241 21389 -280852
VT0_9 VT0 9 7300 256125 19584 -236541
VT0_9 VT0 9 7400 242864 19584 -223280
VT0_9 VT0 9 7500 249360 19374 -229986
VT0_9 VT0 9 7600 253756 18976 -234780
VT0_9 VT0 9 7700 240308 18622 -221686
VT0_9 VT0 9 7800 215399 17025 -198374
VT0_9 VT0 9 7900 188959 17784 -171175
VT0_9 VT0 9 8000 193216 18033 -175183
VT0_9 VT0 9 8100 187136 16833 -170303
VT0_9 VT0 9 8200 244213 18032 -226181
VT0_9 VT0 9 8300 268543 19592 -248951
VT0_9 VT0 9 8400 246679 20442 -226237
VT0_9 VT0 9 8500 230365 20571 -209794
VT0_9 VT0 9 8600 296264 22563 -273701
VT0_9 VT0 9 8700 277420 20717 -256703
VT0_9 VT0 9 8800 124512 14733 -109779
VT0_9 VT0 9 8900 44067 12483 -31584
VT0_9 VT0 9 9000 19565 10549 -9016
VT0_9 VT0 9 9100 18120 10882 -7238
VT0_9 VT0 9 9200 16743 11871 -4872
VT0_9 VT0 9 9300 16535 12773 -3762
VT0_9 VT0 9 9400 17243 12294 -4949
VT0_9 VT0 9 9500 16857 13027 -3830
VT0_9 VT0 9 9600 16846 11964 -4882
VT0_9 VT0 9 9700 16337 12177 -4160
VT0_9 VT0 9 9800 16290 13059 -3231
VT0_9 VT0 9 9900 16487 12499 -3988
VT0_9 VT0 9 10000 16801 12376 -4425
VT0_10 VT0 10 0 0 0 0
VT0_10 VT0 10 100 361 9877 9516
VT0_10 VT0 10 200 802 27332 26530
VT0_10 VT0 10 300 1321 43025 41704
VT0_10 VT0 10 400 38017 54806 16789
VT0_10 VT0 10 500 223824 32920 -190904
VT0_10 VT0 10 600 268092 23804 -244288
VT0_10 VT0 10 700 254548 21727 -232821
VT0_10 VT0 10 800 274240 21387 -252853
VT0_10 VT0 10 900 257579 20910 -236669
VT0_10 VT0 10 1000 256879 21408 -235471
VT0_10 VT0 10 1100 264115 22606 -241509
VT0_10 VT0 10 1200 246373 21516 -224857
VT0_10 VT0 10 1300 263980 21892 -242088
VT0_10 VT0 10 1400 235564 20499 -215065
VT0_10 VT0 10 1500 281267 20915 -260352
VT0_10 VT0 10 1600 311896 20909 -290987
VT0_10 VT0 10 1700 301824 22952 -278872
VT0_10 VT0 10 1800 279015 22773 -256242
VT0_10 VT0 10 1900 245178 23426 -221752
VT0_10 VT0 10 2000 226025 23469 -202556
VT0_10 VT0 10 2100 238375 25457 -212918
VT0_10 VT0 10 2200 208414 22631 -185783
VT0_10 VT0 10 2300 251316 22028 -229288
VT0_10 VT0 10 2400 273195 21943 -251252
VT0_10 VT0 10 2500 299471 21966 -277505
VT0_10 VT0 10 2600 257132 22671 -234461
VT0_10 VT0 10 2700 224524 20829 -203695
VT0_10 VT0 10 2800 187609 20121 -167488
VT0_10 VT0 10 2900 216220 21127 -195093
VT0_10 VT0 10 3000 236534 22072 -214462
VT0_10 VT0 10 3100 238096 21883 -216213
VT0_10 VT0 10 3200 240656 20872 -219784
VT0_10 VT0 10 3300 264547 21169 -243378
VT0_10 VT0 10 3400 262545 21663 -240882
VT0_10 VT0 10 3500 294106 21961 -272145
VT0_10 VT0 10 3600 291640 22670 -268970
VT0_10 VT0 10 3700 251875 22049 -229826
VT0_10 VT0 10 3800 214652 21558 -193094
VT0_10 VT0 10 3900 229405 22014 -207391
VT0_10 VT0 10 4000 225027 20912 -204115
VT0_10 VT0 10 4100 173650 19913 -153737
VT0_10 VT0 10 4200 201701 20422 -181279
VT0_10 VT0 10 4300 217749 21159 -196590
VT0_10 VT0 10 4400 188541 19301 -169240
VT0_10 VT0 10 4500 136141 16886 -119255
VT0_10 VT0 10 4600 164169 18238 -145931
VT0_10 VT0 10 4700 190820 18764 -172056
VT0_10 VT0 10 4800 166603 18192 -148411
VT0_10 VT0 10 4900 195277 18302 -176975
VT0_10 VT0 10 5000 189057 18275 -170782
VT0_10 VT0 10 5100 182346 18213 -164133
VT0_10 VT0 10 5200 182877 18977 -163900
VT0_10 VT0 10 5300 201927 19545 -182382
VT0_10 VT0 10 5400 224784 19446 -205338
VT0_10 VT0 10 5500 213608 18714 -194894
VT0_10 VT0 10 5600 202580 17731 -184849
VT0_10 VT0 10 5700 200014 17809 -182205
VT0_10 VT0 10 5800 194716 19077 -175639
VT0_10 VT0 10 5900 171473 17439 -154034
VT0_10 VT0 10 6000 168944 18612 -150332
VT0_10 VT0 10 6100 182792 18447 -164345
VT0_10 VT0 10 6200 209536 17511 -192025
VT0_10 VT0 10 6300 161043 16592 -144451
VT0_10 VT0 10 6400 190427 17544 -172883
VT0_10 VT0 10 6500 226764 18046 -208718
VT0_10 VT0 10 6600 230204 18344 -211860
VT0_10 VT0 10 6700 196651 18200 -178451
VT0_10 VT0 10 6800 167313 18396 -148917
VT0_10 VT0 10 6900 186089 18851 -167238
VT0_10 VT0 10 7000 186432 19105 -167327
VT0_10 VT0 10 7100 167533 17777 -149756
VT0_10 VT0 10 7200 196442 18237 -178205
VT0_10 VT0 10 7300 214386 18255 -196131
VT0_10 VT0 10 7400 191240 18141 -173099
VT0_10 VT0 10 7500 204665 18873 -185792
VT0_10 VT0 10 7600 166806 20197 -146609
VT0_10 VT0 10 7700 153640 17265 -136375
VT0_10 VT0 10 7800 147183 18769 -128414
VT0_10 VT0 10 7900 156025 19604 -136421
VT0_10 VT0 10 8000 151588 18145 -133443
VT0_10 VT0 10 8100 150129 17382 -132747
VT0_10 VT0 10 8200 182205 18000 -164205
VT0_10 VT0 10 8300 177654 17485 -160169
VT0_10 VT0 10 8400 135597 16455 -119142
VT0_10 VT0 10 8500 138486 15352 -123134
VT0_10 VT0 10 8600 171334 15219 -156115
VT0_10 VT0 10 8700 189751 16666 -173085
VT0_10 VT0 10 8800 178877 17559 -161318
VT0_10 VT0 10 8900 183444 17430 -166014
VT0_10 VT0 10 9000 166116 18994 -147122
VT0_10 VT0 10 9100 183975 19128 -164847
VT0_10 VT0 10 9200 246921 19510 -227411
VT0_10 VT0 10 9300 242439 19641 -222798
VT0_10 VT0 10 9400 177605 18669 -158936
VT0_10 VT0 10 9500 138665 17242 -121423
VT0_10 VT0 10 9600 131072 17529 -113543
VT0_10 VT0 10 9700 177515 17928 -159587
VT0_10 VT0 10 9800 203273 18360 -184913
VT0_10 VT0 10 9900 205076 18789 -186287
VT0_10 VT0 10 10000 215151 19732 -195419
VT0.25_1 VT0.25 1 0 0 0 0
VT0.25_1 VT0.25 1 100 342 10847 10505
VT0.25_1 VT0.25 1 200 1462 36720 35258
VT0.25_1 VT0.25 1 300 23606 52285 28679
VT0.25_1 VT0.25 1 400 135356 28783 -106573
VT0.25_1 VT0.25 1 500 193737 22091 -171646
VT0.25_1 VT0.25 1 600 215767 21245 -194522
VT0.25_1 VT0.25 1 700 214056 20070 -193986
VT0.25_1 VT0.25 1 800 213302 20874 -192428
VT0.25_1 VT0.25 1 900 213030 22776 -190254
VT0.25_1 VT0.25 1 1000 181822 25991 -155831
VT0.25_1 VT0.25 1 1100 164416 26239 -138177
VT0.25_1 VT0.25 1 1200 162721 24986 -137735
VT0.25_1 VT0.25 1 1300 140165 25857 -114308
VT0.25_1 VT0.25 1 1400 124883 24130 -100753
VT0.25_1 VT0.25 1 1500 115860 23361 -92499
VT0.25_1 VT0.25 1 1600 118989 22901 -96088
VT0.25_1 VT0.25 1 1700 93655 21775 -71880
VT0.25_1 VT0.25 1 1800 86738 20967 -65771
VT0.25_1 VT0.25 1 1900 79597 20817 -58780
VT0.25_1 VT0.25 1 2000 69116 21303 -47813
VT0.25_1 VT0.25 1 2100 68635 22778 -45857
VT0.25_1 VT0.25 1 2200 88642 23149 -65493
VT0.25_1 VT0.25 1 2300 81152 21756 -59396
VT0.25_1 VT0.25 1 2400 77165 21269 -55896
VT0.25_1 VT0.25 1 2500 65637 22357 -43280
VT0.25_1 VT0.25 1 2600 74160 19718 -54442
VT0.25_1 VT0.25 1 2700 68703 19419 -49284
VT0.25_1 VT0.25 1 2800 77783 20512 -57271
VT0.25_1 VT0.25 1 2900 87915 21267 -66648
VT0.25_1 VT0.25 1 3000 82000 20139 -61861
VT0.25_1 VT0.25 1 3100 84186 21332 -62854
VT0.25_1 VT0.25 1 3200 82150 20561 -61589
VT0.25_1 VT0.25 1 3300 98665 20785 -77880
VT0.25_1 VT0.25 1 3400 99011 20281 -78730
VT0.25_1 VT0.25 1 3500 97952 19810 -78142
VT0.25_1 VT0.25 1 3600 80650 19565 -61085
VT0.25_1 VT0.25 1 3700 79167 20242 -58925
VT0.25_1 VT0.25 1 3800 90387 20472 -69915
VT0.25_1 VT0.25 1 3900 89451 21648 -67803
VT0.25_1 VT0.25 1 4000 94112 21413 -72699
VT0.25_1 VT0.25 1 4100 83150 20684 -62466
VT0.25_1 VT0.25 1 4200 78562 21427 -57135
VT0.25_1 VT0.25 1 4300 78879 22103 -56776
VT0.25_1 VT0.25 1 4400 76938 21014 -55924
VT0.25_1 VT0.25 1 4500 86818 21519 -65299
VT0.25_1 VT0.25 1 4600 85875 20841 -65034
VT0.25_1 VT0.25 1 4700 71636 21049 -50587
VT0.25_1 VT0.25 1 4800 68087 20361 -47726
VT0.25_1 VT0.25 1 4900 91230 19346 -71884
VT0.25_1 VT0.25 1 5000 113779 20417 -93362
VT0.25_1 VT0.25 1 5100 79864 21203 -58661
VT0.25_1 VT0.25 1 5200 78586 21195 -57391
VT0.25_1 VT0.25 1 5300 89674 21632 -68042
VT0.25_1 VT0.25 1 5400 94996 22407 -72589
VT0.25_1 VT0.25 1 5500 104892 21369 -83523
VT0.25_1 VT0.25 1 5600 89761 21995 -67766
VT0.25_1 VT0.25 1 5700 99437 20726 -78711
VT0.25_1 VT0.25 1 5800 80592 18752 -61840
VT0.25_1 VT0.25 1 5900 73523 20841 -52682
VT0.25_1 VT0.25 1 6000 75917 20802 -55115
VT0.25_1 VT0.25 1 6100 88979 20259 -68720
VT0.25_1 VT0.25 1 6200 90576 19401 -71175
VT0.25_1 VT0.25 1 6300 97469 19752 -77717
VT0.25_1 VT0.25 1 6400 89868 21547 -68321
VT0.25_1 VT0.25 1 6500 84365 21797 -62568
VT0.25_1 VT0.25 1 6600 109878 22131 -87747
VT0.25_1 VT0.25 1 6700 108100 22853 -85247
VT0.25_1 VT0.25 1 6800 78292 20942 -57350
VT0.25_1 VT0.25 1 6900 95537 20248 -75289
VT0.25_1 VT0.25 1 7000 90646 21784 -68862
VT0.25_1 VT0.25 1 7100 80443 21005 -59438
VT0.25_1 VT0.25 1 7200 71548 20832 -50716
VT0.25_1 VT0.25 1 7300 83321 20988 -62333
VT0.25_1 VT0.25 1 7400 86718 21937 -64781
VT0.25_1 VT0.25 1 7500 75700 22411 -53289
VT0.25_1 VT0.25 1 7600 69841 21855 -47986
VT0.25_1 VT0.25 1 7700 76203 22535 -53668
VT0.25_1 VT0.25 1 7800 73914 22283 -51631
VT0.25_1 VT0.25 1 7900 76705 22575 -54130
VT0.25_1 VT0.25 1 8000 102133 20901 -81232
VT0.25_1 VT0.25 1 8100 88402 19764 -68638
VT0.25_1 VT0.25 1 8200 78488 20804 -57684
VT0.25_1 VT0.25 1 8300 69462 20488 -48974
VT0.25_1 VT0.25 1 8400 92365 22506 -69859
VT0.25_1 VT0.25 1 8500 120769 23434 -97335
VT0.25_1 VT0.25 1 8600 89304 21669 -67635
VT0.25_1 VT0.25 1 8700 76276 22059 -54217
VT0.25_1 VT0.25 1 8800 66820 20262 -46558
VT0.25_1 VT0.25 1 8900 91804 20377 -71427
VT0.25_1 VT0.25 1 9000 88747 19046 -69701
VT0.25_1 VT0.25 1 9100 83694 18359 -65335
VT0.25_1 VT0.25 1 9200 86298 18640 -67658
VT0.25_1 VT0.25 1 9300 77325 20398 -56927
VT0.25_1 VT0.25 1 9400 103601 20011 -83590
VT0.25_1 VT0.25 1 9500 104275 20851 -83424
VT0.25_1 VT0.25 1 9600 103512 18928 -84584
VT0.25_1 VT0.25 1 9700 119453 18731 -100722
VT0.25_1 VT0.25 1 9800 123432 19112 -104320
VT0.25_1 VT0.25 1 9900 105501 19262 -86239
VT0.25_1 VT0.25 1 10000 89233 19203 -70030
VT0.25_2 VT0.25 2 0 0 0 0
VT0.25_2 VT0.25 2 100 346 10800 10454
VT0.25_2 VT0.25 2 200 1045 32494 31449
VT0.25_2 VT0.25 2 300 27812 49410 21598
VT0.25_2 VT0.25 2 400 234776 67842 -166934
VT0.25_2 VT0.25 2 500 559425 30880 -528545
VT0.25_2 VT0.25 2 600 434148 23002 -411146
VT0.25_2 VT0.25 2 700 345668 21853 -323815
VT0.25_2 VT0.25 2 800 302185 24001 -278184
VT0.25_2 VT0.25 2 900 236055 25004 -211051
VT0.25_2 VT0.25 2 1000 232659 25844 -206815
VT0.25_2 VT0.25 2 1100 204274 23413 -180861
VT0.25_2 VT0.25 2 1200 208492 24369 -184123
VT0.25_2 VT0.25 2 1300 195173 24979 -170194
VT0.25_2 VT0.25 2 1400 138845 23865 -114980
VT0.25_2 VT0.25 2 1500 113545 24907 -88638
VT0.25_2 VT0.25 2 1600 77328 21246 -56082
VT0.25_2 VT0.25 2 1700 35677 20527 -15150
VT0.25_2 VT0.25 2 1800 25255 19542 -5713
VT0.25_2 VT0.25 2 1900 23541 18496 -5045
VT0.25_2 VT0.25 2 2000 23791 18690 -5101
VT0.25_2 VT0.25 2 2100 23321 18681 -4640
VT0.25_2 VT0.25 2 2200 24197 18115 -6082
VT0.25_2 VT0.25 2 2300 24333 17873 -6460
VT0.25_2 VT0.25 2 2400 26278 17864 -8414
VT0.25_2 VT0.25 2 2500 25303 16079 -9224
VT0.25_2 VT0.25 2 2600 24719 17697 -7022
VT0.25_2 VT0.25 2 2700 24264 17218 -7046
VT0.25_2 VT0.25 2 2800 24107 16297 -7810
VT0.25_2 VT0.25 2 2900 23961 16248 -7713
VT0.25_2 VT0.25 2 3000 23323 16544 -6779
VT0.25_2 VT0.25 2 3100 22896 16447 -6449
VT0.25_2 VT0.25 2 3200 21806 16137 -5669
VT0.25_2 VT0.25 2 3300 22383 16475 -5908
VT0.25_2 VT0.25 2 3400 24060 16931 -7129
VT0.25_2 VT0.25 2 3500 23206 17101 -6105
VT0.25_2 VT0.25 2 3600 22773 17424 -5349
VT0.25_2 VT0.25 2 3700 23124 17108 -6016
VT0.25_2 VT0.25 2 3800 22415 17141 -5274
VT0.25_2 VT0.25 2 3900 22286 16531 -5755
VT0.25_2 VT0.25 2 4000 21534 17278 -4256
VT0.25_2 VT0.25 2 4100 21354 16415 -4939
VT0.25_2 VT0.25 2 4200 22095 16303 -5792
VT0.25_2 VT0.25 2 4300 21511 16120 -5391
VT0.25_2 VT0.25 2 4400 21283 15733 -5550
VT0.25_2 VT0.25 2 4500 22840 15792 -7048
VT0.25_2 VT0.25 2 4600 21267 16276 -4991
VT0.25_2 VT0.25 2 4700 21252 15497 -5755
VT0.25_2 VT0.25 2 4800 21407 14881 -6526
VT0.25_2 VT0.25 2 4900 20740 15069 -5671
VT0.25_2 VT0.25 2 5000 21429 15108 -6321
VT0.25_2 VT0.25 2 5100 21760 14981 -6779
VT0.25_2 VT0.25 2 5200 19922 15344 -4578
VT0.25_2 VT0.25 2 5300 19080 15045 -4035
VT0.25_2 VT0.25 2 5400 19297 15409 -3888
VT0.25_2 VT0.25 2 5500 20205 14999 -5206
VT0.25_2 VT0.25 2 5600 19646 15318 -4328
VT0.25_2 VT0.25 2 5700 18665 15057 -3608
VT0.25_2 VT0.25 2 5800 18353 15459 -2894
VT0.25_2 VT0.25 2 5900 18441 15752 -2689
VT0.25_2 VT0.25 2 6000 20812 16096 -4716
VT0.25_2 VT0.25 2 6100 20106 16891 -3215
VT0.25_2 VT0.25 2 6200 20304 15664 -4640
VT0.25_2 VT0.25 2 6300 19549 15136 -4413
VT0.25_2 VT0.25 2 6400 19717 15620 -4097
VT0.25_2 VT0.25 2 6500 20511 15084 -5427
VT0.25_2 VT0.25 2 6600 20432 16330 -4102
VT0.25_2 VT0.25 2 6700 20522 15484 -5038
VT0.25_2 VT0.25 2 6800 20517 14979 -5538
VT0.25_2 VT0.25 2 6900 20096 15188 -4908
VT0.25_2 VT0.25 2 7000 19544 15118 -4426
VT0.25_2 VT0.25 2 7100 19819 15027 -4792
VT0.25_2 VT0.25 2 7200 20039 15553 -4486
VT0.25_2 VT0.25 2 7300 21824 15606 -6218
VT0.25_2 VT0.25 2 7400 19753 16156 -3597
VT0.25_2 VT0.25 2 7500 20274 15254 -5020
VT0.25_2 VT0.25 2 7600 20342 14397 -5945
VT0.25_2 VT0.25 2 7700 20866 15111 -5755
VT0.25_2 VT0.25 2 7800 19747 14970 -4777
VT0.25_2 VT0.25 2 7900 19313 14685 -4628
VT0.25_2 VT0.25 2 8000 20148 14196 -5952
VT0.25_2 VT0.25 2 8100 21184 14973 -6211
VT0.25_2 VT0.25 2 8200 20401 14433 -5968
VT0.25_2 VT0.25 2 8300 20226 14711 -5515
VT0.25_2 VT0.25 2 8400 20255 14933 -5322
VT0.25_2 VT0.25 2 8500 21096 15212 -5884
VT0.25_2 VT0.25 2 8600 19738 15498 -4240
VT0.25_2 VT0.25 2 8700 20501 14840 -5661
VT0.25_2 VT0.25 2 8800 21007 15679 -5328
VT0.25_2 VT0.25 2 8900 20844 15080 -5764
VT0.25_2 VT0.25 2 9000 22307 14230 -8077
VT0.25_2 VT0.25 2 9100 20935 14441 -6494
VT0.25_2 VT0.25 2 9200 21419 15060 -6359
VT0.25_2 VT0.25 2 9300 20625 14407 -6218
VT0.25_2 VT0.25 2 9400 20312 14097 -6215
VT0.25_2 VT0.25 2 9500 19967 14373 -5594
VT0.25_2 VT0.25 2 9600 20677 14889 -5788
VT0.25_2 VT0.25 2 9700 21345 15263 -6082
VT0.25_2 VT0.25 2 9800 20636 15692 -4944
VT0.25_2 VT0.25 2 9900 21246 14578 -6668
VT0.25_2 VT0.25 2 10000 20792 14118 -6674
VT0.25_3 VT0.25 3 0 0 0 0
VT0.25_3 VT0.25 3 100 380 10711 10331
VT0.25_3 VT0.25 3 200 959 33140 32181
VT0.25_3 VT0.25 3 300 6957 70015 63058
VT0.25_3 VT0.25 3 400 70880 42261 -28619
VT0.25_3 VT0.25 3 500 193350 29034 -164316
VT0.25_3 VT0.25 3 600 166242 24708 -141534
VT0.25_3 VT0.25 3 700 158440 22332 -136108
VT0.25_3 VT0.25 3 800 191660 22280 -169380
VT0.25_3 VT0.25 3 900 185998 24068 -161930
VT0.25_3 VT0.25 3 1000 189731 23724 -166007
VT0.25_3 VT0.25 3 1100 177306 23175 -154131
VT0.25_3 VT0.25 3 1200 174120 23962 -150158
VT0.25_3 VT0.25 3 1300 145605 24116 -121489
VT0.25_3 VT0.25 3 1400 115476 22657 -92819
VT0.25_3 VT0.25 3 1500 93317 22620 -70697
VT0.25_3 VT0.25 3 1600 86702 21887 -64815
VT0.25_3 VT0.25 3 1700 102078 24568 -77510
VT0.25_3 VT0.25 3 1800 105691 23718 -81973
VT0.25_3 VT0.25 3 1900 111564 23315 -88249
VT0.25_3 VT0.25 3 2000 107930 22824 -85106
VT0.25_3 VT0.25 3 2100 103274 22952 -80322
VT0.25_3 VT0.25 3 2200 101793 23270 -78523
VT0.25_3 VT0.25 3 2300 85089 22957 -62132
VT0.25_3 VT0.25 3 2400 97282 23535 -73747
VT0.25_3 VT0.25 3 2500 98330 22783 -75547
VT0.25_3 VT0.25 3 2600 66159 23099 -43060
VT0.25_3 VT0.25 3 2700 67557 24367 -43190
VT0.25_3 VT0.25 3 2800 76981 23822 -53159
VT0.25_3 VT0.25 3 2900 101346 23144 -78202
VT0.25_3 VT0.25 3 3000 92109 21512 -70597
VT0.25_3 VT0.25 3 3100 70333 22015 -48318
VT0.25_3 VT0.25 3 3200 79098 24190 -54908
VT0.25_3 VT0.25 3 3300 90602 23781 -66821
VT0.25_3 VT0.25 3 3400 124237 22742 -101495
VT0.25_3 VT0.25 3 3500 119824 22227 -97597
VT0.25_3 VT0.25 3 3600 94592 22133 -72459
VT0.25_3 VT0.25 3 3700 121843 23013 -98830
VT0.25_3 VT0.25 3 3800 105720 23836 -81884
VT0.25_3 VT0.25 3 3900 101805 22299 -79506
VT0.25_3 VT0.25 3 4000 85986 20201 -65785
VT0.25_3 VT0.25 3 4100 95228 21330 -73898
VT0.25_3 VT0.25 3 4200 89276 19816 -69460
VT0.25_3 VT0.25 3 4300 89823 19649 -70174
VT0.25_3 VT0.25 3 4400 88392 23045 -65347
VT0.25_3 VT0.25 3 4500 78380 22019 -56361
VT0.25_3 VT0.25 3 4600 67368 22333 -45035
VT0.25_3 VT0.25 3 4700 67128 22588 -44540
VT0.25_3 VT0.25 3 4800 63905 22359 -41546
VT0.25_3 VT0.25 3 4900 66154 21109 -45045
VT0.25_3 VT0.25 3 5000 77082 20578 -56504
VT0.25_3 VT0.25 3 5100 78619 21378 -57241
VT0.25_3 VT0.25 3 5200 75866 20700 -55166
VT0.25_3 VT0.25 3 5300 77464 19553 -57911
VT0.25_3 VT0.25 3 5400 63937 19479 -44458
VT0.25_3 VT0.25 3 5500 67678 20037 -47641
VT0.25_3 VT0.25 3 5600 74564 20997 -53567
VT0.25_3 VT0.25 3 5700 100612 21387 -79225
VT0.25_3 VT0.25 3 5800 87276 21844 -65432
VT0.25_3 VT0.25 3 5900 72083 21184 -50899
VT0.25_3 VT0.25 3 6000 74311 22658 -51653
VT0.25_3 VT0.25 3 6100 74519 21381 -53138
VT0.25_3 VT0.25 3 6200 65893 19063 -46830
VT0.25_3 VT0.25 3 6300 72339 20971 -51368
VT0.25_3 VT0.25 3 6400 85313 20678 -64635
VT0.25_3 VT0.25 3 6500 95921 21631 -74290
VT0.25_3 VT0.25 3 6600 88137 21869 -66268
VT0.25_3 VT0.25 3 6700 59532 21295 -38237
VT0.25_3 VT0.25 3 6800 60155 21295 -38860
VT0.25_3 VT0.25 3 6900 61726 20288 -41438
VT0.25_3 VT0.25 3 7000 73092 21892 -51200
VT0.25_3 VT0.25 3 7100 73443 22532 -50911
VT0.25_3 VT0.25 3 7200 56301 21457 -34844
VT0.25_3 VT0.25 3 7300 50487 20516 -29971
VT0.25_3 VT0.25 3 7400 52074 22423 -29651
VT0.25_3 VT0.25 3 7500 78094 21607 -56487
VT0.25_3 VT0.25 3 7600 92175 21090 -71085
VT0.25_3 VT0.25 3 7700 92909 23694 -69215
VT0.25_3 VT0.25 3 7800 81353 24235 -57118
VT0.25_3 VT0.25 3 7900 66930 21572 -45358
VT0.25_3 VT0.25 3 8000 66676 20367 -46309
VT0.25_3 VT0.25 3 8100 68559 20161 -48398
VT0.25_3 VT0.25 3 8200 58488 18630 -39858
VT0.25_3 VT0.25 3 8300 59549 19201 -40348
VT0.25_3 VT0.25 3 8400 80350 18951 -61399
VT0.25_3 VT0.25 3 8500 102333 19280 -83053
VT0.25_3 VT0.25 3 8600 105035 21353 -83682
VT0.25_3 VT0.25 3 8700 95749 21725 -74024
VT0.25_3 VT0.25 3 8800 83638 20316 -63322
VT0.25_3 VT0.25 3 8900 95617 22203 -73414
VT0.25_3 VT0.25 3 9000 73383 22799 -50584
VT0.25_3 VT0.25 3 9100 67977 22325 -45652
VT0.25_3 VT0.25 3 9200 68976 20143 -48833
VT0.25_3 VT0.25 3 9300 65329 20532 -44797
VT0.25_3 VT0.25 3 9400 59598 20999 -38599
VT0.25_3 VT0.25 3 9500 69689 19875 -49814
VT0.25_3 VT0.25 3 9600 62576 20718 -41858
VT0.25_3 VT0.25 3 9700 66371 22090 -44281
VT0.25_3 VT0.25 3 9800 60951 23533 -37418
VT0.25_3 VT0.25 3 9900 56451 21516 -34935
VT0.25_3 VT0.25 3 10000 59627 21844 -37783
VT0.25_4 VT0.25 4 0 0 0 0
VT0.25_4 VT0.25 4 100 334 10579 10245
VT0.25_4 VT0.25 4 200 867 31993 31126
VT0.25_4 VT0.25 4 300 1813 56403 54590
VT0.25_4 VT0.25 4 400 107015 66171 -40844
VT0.25_4 VT0.25 4 500 404509 40904 -363605
VT0.25_4 VT0.25 4 600 603799 25028 -578771
VT0.25_4 VT0.25 4 700 488760 25339 -463421
VT0.25_4 VT0.25 4 800 399507 25960 -373547
VT0.25_4 VT0.25 4 900 367403 26755 -340648
VT0.25_4 VT0.25 4 1000 328440 27899 -300541
VT0.25_4 VT0.25 4 1100 251557 31918 -219639
VT0.25_4 VT0.25 4 1200 121005 26714 -94291
VT0.25_4 VT0.25 4 1300 30385 15700 -14685
VT0.25_4 VT0.25 4 1400 23112 16806 -6306
VT0.25_4 VT0.25 4 1500 23278 17680 -5598
VT0.25_4 VT0.25 4 1600 23466 17123 -6343
VT0.25_4 VT0.25 4 1700 23793 18322 -5471
VT0.25_4 VT0.25 4 1800 23623 17605 -6018
VT0.25_4 VT0.25 4 1900 23033 17577 -5456
VT0.25_4 VT0.25 4 2000 23834 17367 -6467
VT0.25_4 VT0.25 4 2100 23778 18447 -5331
VT0.25_4 VT0.25 4 2200 23440 17724 -5716
VT0.25_4 VT0.25 4 2300 24034 18584 -5450
VT0.25_4 VT0.25 4 2400 24004 19398 -4606
VT0.25_4 VT0.25 4 2500 22623 19333 -3290
VT0.25_4 VT0.25 4 2600 22919 16912 -6007
VT0.25_4 VT0.25 4 2700 22966 16871 -6095
VT0.25_4 VT0.25 4 2800 22549 16065 -6484
VT0.25_4 VT0.25 4 2900 21533 15809 -5724
VT0.25_4 VT0.25 4 3000 21088 16560 -4528
VT0.25_4 VT0.25 4 3100 20665 14972 -5693
VT0.25_4 VT0.25 4 3200 20491 14550 -5941
VT0.25_4 VT0.25 4 3300 21597 14964 -6633
VT0.25_4 VT0.25 4 3400 20513 15197 -5316
VT0.25_4 VT0.25 4 3500 19805 15397 -4408
VT0.25_4 VT0.25 4 3600 20381 15088 -5293
VT0.25_4 VT0.25 4 3700 19425 14916 -4509
VT0.25_4 VT0.25 4 3800 20532 14868 -5664
VT0.25_4 VT0.25 4 3900 21145 14618 -6527
VT0.25_4 VT0.25 4 4000 21136 14502 -6634
VT0.25_4 VT0.25 4 4100 20443 14447 -5996
VT0.25_4 VT0.25 4 4200 19703 14701 -5002
VT0.25_4 VT0.25 4 4300 20165 14387 -5778
VT0.25_4 VT0.25 4 4400 21289 15271 -6018
VT0.25_4 VT0.25 4 4500 20097 15419 -4678
VT0.25_4 VT0.25 4 4600 20033 15908 -4125
VT0.25_4 VT0.25 4 4700 21028 15714 -5314
VT0.25_4 VT0.25 4 4800 20417 14471 -5946
VT0.25_4 VT0.25 4 4900 20369 14837 -5532
VT0.25_4 VT0.25 4 5000 20665 15449 -5216
VT0.25_4 VT0.25 4 5100 20159 15672 -4487
VT0.25_4 VT0.25 4 5200 20039 15427 -4612
VT0.25_4 VT0.25 4 5300 19984 15591 -4393
VT0.25_4 VT0.25 4 5400 20896 16428 -4468
VT0.25_4 VT0.25 4 5500 20957 16008 -4949
VT0.25_4 VT0.25 4 5600 20502 15602 -4900
VT0.25_4 VT0.25 4 5700 20116 15956 -4160
VT0.25_4 VT0.25 4 5800 20212 16007 -4205
VT0.25_4 VT0.25 4 5900 20199 15780 -4419
VT0.25_4 VT0.25 4 6000 19668 15289 -4379
VT0.25_4 VT0.25 4 6100 18764 14701 -4063
VT0.25_4 VT0.25 4 6200 19029 14579 -4450
VT0.25_4 VT0.25 4 6300 20208 14925 -5283
VT0.25_4 VT0.25 4 6400 20713 15117 -5596
VT0.25_4 VT0.25 4 6500 20643 14522 -6121
VT0.25_4 VT0.25 4 6600 21125 14610 -6515
VT0.25_4 VT0.25 4 6700 20201 15167 -5034
VT0.25_4 VT0.25 4 6800 21016 14752 -6264
VT0.25_4 VT0.25 4 6900 20577 15666 -4911
VT0.25_4 VT0.25 4 7000 20876 15970 -4906
VT0.25_4 VT0.25 4 7100 20804 15141 -5663
VT0.25_4 VT0.25 4 7200 21503 15479 -6024
VT0.25_4 VT0.25 4 7300 21232 15277 -5955
VT0.25_4 VT0.25 4 7400 20022 15457 -4565
VT0.25_4 VT0.25 4 7500 19922 16308 -3614
VT0.25_4 VT0.25 4 7600 20008 16198 -3810
VT0.25_4 VT0.25 4 7700 20178 15001 -5177
VT0.25_4 VT0.25 4 7800 20624 15202 -5422
VT0.25_4 VT0.25 4 7900 20746 15354 -5392
VT0.25_4 VT0.25 4 8000 21093 15494 -5599
VT0.25_4 VT0.25 4 8100 21204 16168 -5036
VT0.25_4 VT0.25 4 8200 21464 16024 -5440
VT0.25_4 VT0.25 4 8300 20721 16566 -4155
VT0.25_4 VT0.25 4 8400 21668 15697 -5971
VT0.25_4 VT0.25 4 8500 20909 14302 -6607
VT0.25_4 VT0.25 4 8600 20616 15187 -5429
VT0.25_4 VT0.25 4 8700 20025 15278 -4747
VT0.25_4 VT0.25 4 8800 19536 14582 -4954
VT0.25_4 VT0.25 4 8900 20113 15341 -4772
VT0.25_4 VT0.25 4 9000 20433 14682 -5751
VT0.25_4 VT0.25 4 9100 20101 15289 -4812
VT0.25_4 VT0.25 4 9200 21313 15486 -5827
VT0.25_4 VT0.25 4 9300 22516 15583 -6933
VT0.25_4 VT0.25 4 9400 20638 15081 -5557
VT0.25_4 VT0.25 4 9500 21031 15740 -5291
VT0.25_4 VT0.25 4 9600 20680 16389 -4291
VT0.25_4 VT0.25 4 9700 20713 16342 -4371
VT0.25_4 VT0.25 4 9800 20375 15334 -5041
VT0.25_4 VT0.25 4 9900 19718 15014 -4704
VT0.25_4 VT0.25 4 10000 20566 15768 -4798
VT0.25_5 VT0.25 5 0 0 0 0
VT0.25_5 VT0.25 5 100 367 10604 10237
VT0.25_5 VT0.25 5 200 821 32583 31762
VT0.25_5 VT0.25 5 300 5383 51245 45862
VT0.25_5 VT0.25 5 400 232238 62722 -169516
VT0.25_5 VT0.25 5 500 517787 36998 -480789
VT0.25_5 VT0.25 5 600 500258 30117 -470141
VT0.25_5 VT0.25 5 700 558564 24148 -534416
VT0.25_5 VT0.25 5 800 587998 22792 -565206
VT0.25_5 VT0.25 5 900 458812 26122 -432690
VT0.25_5 VT0.25 5 1000 387057 32136 -354921
VT0.25_5 VT0.25 5 1100 317674 36730 -280944
VT0.25_5 VT0.25 5 1200 261898 36332 -225566
VT0.25_5 VT0.25 5 1300 183013 28509 -154504
VT0.25_5 VT0.25 5 1400 123194 37310 -85884
VT0.25_5 VT0.25 5 1500 126835 44471 -82364
VT0.25_5 VT0.25 5 1600 151300 33881 -117419
VT0.25_5 VT0.25 5 1700 113675 28846 -84829
VT0.25_5 VT0.25 5 1800 123701 27217 -96484
VT0.25_5 VT0.25 5 1900 112882 39052 -73830
VT0.25_5 VT0.25 5 2000 100221 28028 -72193
VT0.25_5 VT0.25 5 2100 102299 27839 -74460
VT0.25_5 VT0.25 5 2200 111373 25724 -85649
VT0.25_5 VT0.25 5 2300 115675 25436 -90239
VT0.25_5 VT0.25 5 2400 101755 30592 -71163
VT0.25_5 VT0.25 5 2500 97705 44704 -53001
VT0.25_5 VT0.25 5 2600 84057 45951 -38106
VT0.25_5 VT0.25 5 2700 97215 41775 -55440
VT0.25_5 VT0.25 5 2800 87199 32082 -55117
VT0.25_5 VT0.25 5 2900 80261 29842 -50419
VT0.25_5 VT0.25 5 3000 114205 32293 -81912
VT0.25_5 VT0.25 5 3100 109710 34750 -74960
VT0.25_5 VT0.25 5 3200 90598 31122 -59476
VT0.25_5 VT0.25 5 3300 79526 31196 -48330
VT0.25_5 VT0.25 5 3400 75292 34379 -40913
VT0.25_5 VT0.25 5 3500 73250 47342 -25908
VT0.25_5 VT0.25 5 3600 61165 30269 -30896
VT0.25_5 VT0.25 5 3700 32342 20843 -11499
VT0.25_5 VT0.25 5 3800 24143 18801 -5342
VT0.25_5 VT0.25 5 3900 24108 17197 -6911
VT0.25_5 VT0.25 5 4000 23126 16468 -6658
VT0.25_5 VT0.25 5 4100 21983 15496 -6487
VT0.25_5 VT0.25 5 4200 20897 15181 -5716
VT0.25_5 VT0.25 5 4300 21232 14844 -6388
VT0.25_5 VT0.25 5 4400 20857 14868 -5989
VT0.25_5 VT0.25 5 4500 21367 15539 -5828
VT0.25_5 VT0.25 5 4600 19946 15059 -4887
VT0.25_5 VT0.25 5 4700 19395 15096 -4299
VT0.25_5 VT0.25 5 4800 19538 15934 -3604
VT0.25_5 VT0.25 5 4900 20380 16173 -4207
VT0.25_5 VT0.25 5 5000 21337 15901 -5436
VT0.25_5 VT0.25 5 5100 21195 15913 -5282
VT0.25_5 VT0.25 5 5200 22425 16598 -5827
VT0.25_5 VT0.25 5 5300 22668 15964 -6704
VT0.25_5 VT0.25 5 5400 22274 16351 -5923
VT0.25_5 VT0.25 5 5500 21226 14859 -6367
VT0.25_5 VT0.25 5 5600 21634 15865 -5769
VT0.25_5 VT0.25 5 5700 21768 17323 -4445
VT0.25_5 VT0.25 5 5800 22454 16635 -5819
VT0.25_5 VT0.25 5 5900 21085 15025 -6060
VT0.25_5 VT0.25 5 6000 20515 15765 -4750
VT0.25_5 VT0.25 5 6100 20893 15158 -5735
VT0.25_5 VT0.25 5 6200 20490 15153 -5337
VT0.25_5 VT0.25 5 6300 19527 15902 -3625
VT0.25_5 VT0.25 5 6400 21107 15773 -5334
VT0.25_5 VT0.25 5 6500 21050 16576 -4474
VT0.25_5 VT0.25 5 6600 21224 15108 -6116
VT0.25_5 VT0.25 5 6700 22326 15035 -7291
VT0.25_5 VT0.25 5 6800 22229 15543 -6686
VT0.25_5 VT0.25 5 6900 21682 15186 -6496
VT0.25_5 VT0.25 5 7000 22381 15578 -6803
VT0.25_5 VT0.25 5 7100 21960 15749 -6211
VT0.25_5 VT0.25 5 7200 21147 15233 -5914
VT0.25_5 VT0.25 5 7300 20495 15983 -4512
VT0.25_5 VT0.25 5 7400 20393 16425 -3968
VT0.25_5 VT0.25 5 7500 21334 17017 -4317
VT0.25_5 VT0.25 5 7600 21651 15566 -6085
VT0.25_5 VT0.25 5 7700 21481 16046 -5435
VT0.25_5 VT0.25 5 7800 20395 16279 -4116
VT0.25_5 VT0.25 5 7900 19528 16986 -2542
VT0.25_5 VT0.25 5 8000 20514 16475 -4039
VT0.25_5 VT0.25 5 8100 21127 15957 -5170
VT0.25_5 VT0.25 5 8200 20065 15587 -4478
VT0.25_5 VT0.25 5 8300 21170 15148 -6022
VT0.25_5 VT0.25 5 8400 21032 14970 -6062
VT0.25_5 VT0.25 5 8500 20939 16107 -4832
VT0.25_5 VT0.25 5 8600 22399 16456 -5943
VT0.25_5 VT0.25 5 8700 21738 15879 -5859
VT0.25_5 VT0.25 5 8800 22293 16010 -6283
VT0.25_5 VT0.25 5 8900 21931 15892 -6039
VT0.25_5 VT0.25 5 9000 21440 15561 -5879
VT0.25_5 VT0.25 5 9100 22037 15671 -6366
VT0.25_5 VT0.25 5 9200 21631 15708 -5923
VT0.25_5 VT0.25 5 9300 21691 15287 -6404
VT0.25_5 VT0.25 5 9400 20578 14413 -6165
VT0.25_5 VT0.25 5 9500 20883 15167 -5716
VT0.25_5 VT0.25 5 9600 20215 15811 -4404
VT0.25_5 VT0.25 5 9700 18998 15535 -3463
VT0.25_5 VT0.25 5 9800 19461 15595 -3866
VT0.25_5 VT0.25 5 9900 19426 14879 -4547
VT0.25_5 VT0.25 5 10000 19760 15921 -3839
VT0.25_6 VT0.25 6 0 0 0 0
VT0.25_6 VT0.25 6 100 375 10634 10259
VT0.25_6 VT0.25 6 200 933 32610 31677
VT0.25_6 VT0.25 6 300 37640 41676 4036
VT0.25_6 VT0.25 6 400 201002 32206 -168796
VT0.25_6 VT0.25 6 500 265233 25748 -239485
VT0.25_6 VT0.25 6 600 275201 25746 -249455
VT0.25_6 VT0.25 6 700 310866 24748 -286118
VT0.25_6 VT0.25 6 800 242176 26327 -215849
VT0.25_6 VT0.25 6 900 200372 27749 -172623
VT0.25_6 VT0.25 6 1000 189469 24828 -164641
VT0.25_6 VT0.25 6 1100 156945 26131 -130814
VT0.25_6 VT0.25 6 1200 127433 27269 -100164
VT0.25_6 VT0.25 6 1300 129775 26459 -103316
VT0.25_6 VT0.25 6 1400 120385 23036 -97349
VT0.25_6 VT0.25 6 1500 121711 22806 -98905
VT0.25_6 VT0.25 6 1600 120086 25270 -94816
VT0.25_6 VT0.25 6 1700 105919 26174 -79745
VT0.25_6 VT0.25 6 1800 87922 24155 -63767
VT0.25_6 VT0.25 6 1900 80416 21159 -59257
VT0.25_6 VT0.25 6 2000 89782 21006 -68776
VT0.25_6 VT0.25 6 2100 96293 25861 -70432
VT0.25_6 VT0.25 6 2200 103795 23397 -80398
VT0.25_6 VT0.25 6 2300 120438 23043 -97395
VT0.25_6 VT0.25 6 2400 126300 23166 -103134
VT0.25_6 VT0.25 6 2500 144735 26385 -118350
VT0.25_6 VT0.25 6 2600 98547 25342 -73205
VT0.25_6 VT0.25 6 2700 81764 22604 -59160
VT0.25_6 VT0.25 6 2800 91717 21702 -70015
VT0.25_6 VT0.25 6 2900 111247 21320 -89927
VT0.25_6 VT0.25 6 3000 104126 22841 -81285
VT0.25_6 VT0.25 6 3100 88961 21462 -67499
VT0.25_6 VT0.25 6 3200 76143 20535 -55608
VT0.25_6 VT0.25 6 3300 79225 22053 -57172
VT0.25_6 VT0.25 6 3400 76612 22316 -54296
VT0.25_6 VT0.25 6 3500 82118 23596 -58522
VT0.25_6 VT0.25 6 3600 78649 21576 -57073
VT0.25_6 VT0.25 6 3700 77602 20555 -57047
VT0.25_6 VT0.25 6 3800 70065 21695 -48370
VT0.25_6 VT0.25 6 3900 67368 20842 -46526
VT0.25_6 VT0.25 6 4000 82942 20497 -62445
VT0.25_6 VT0.25 6 4100 112180 22569 -89611
VT0.25_6 VT0.25 6 4200 103520 21865 -81655
VT0.25_6 VT0.25 6 4300 75158 21048 -54110
VT0.25_6 VT0.25 6 4400 85668 20542 -65126
VT0.25_6 VT0.25 6 4500 83597 22310 -61287
VT0.25_6 VT0.25 6 4600 75738 21675 -54063
VT0.25_6 VT0.25 6 4700 77785 22102 -55683
VT0.25_6 VT0.25 6 4800 88673 21599 -67074
VT0.25_6 VT0.25 6 4900 89272 21627 -67645
VT0.25_6 VT0.25 6 5000 99122 21044 -78078
VT0.25_6 VT0.25 6 5100 102412 21319 -81093
VT0.25_6 VT0.25 6 5200 95869 21414 -74455
VT0.25_6 VT0.25 6 5300 83600 20741 -62859
VT0.25_6 VT0.25 6 5400 78060 20874 -57186
VT0.25_6 VT0.25 6 5500 66199 20029 -46170
VT0.25_6 VT0.25 6 5600 71856 21164 -50692
VT0.25_6 VT0.25 6 5700 78118 20658 -57460
VT0.25_6 VT0.25 6 5800 74003 19841 -54162
VT0.25_6 VT0.25 6 5900 74978 20102 -54876
VT0.25_6 VT0.25 6 6000 81029 20427 -60602
VT0.25_6 VT0.25 6 6100 86131 20111 -66020
VT0.25_6 VT0.25 6 6200 89112 19470 -69642
VT0.25_6 VT0.25 6 6300 77409 20470 -56939
VT0.25_6 VT0.25 6 6400 93015 20260 -72755
VT0.25_6 VT0.25 6 6500 90494 19368 -71126
VT0.25_6 VT0.25 6 6600 86243 19992 -66251
VT0.25_6 VT0.25 6 6700 92748 19326 -73422
VT0.25_6 VT0.25 6 6800 76901 18742 -58159
VT0.25_6 VT0.25 6 6900 79001 20491 -58510
VT0.25_6 VT0.25 6 7000 100424 21216 -79208
VT0.25_6 VT0.25 6 7100 100981 21886 -79095
VT0.25_6 VT0.25 6 7200 76577 20695 -55882
VT0.25_6 VT0.25 6 7300 75126 20303 -54823
VT0.25_6 VT0.25 6 7400 63251 18499 -44752
VT0.25_6 VT0.25 6 7500 63494 19131 -44363
VT0.25_6 VT0.25 6 7600 64598 21121 -43477
VT0.25_6 VT0.25 6 7700 78359 21874 -56485
VT0.25_6 VT0.25 6 7800 88587 22096 -66491
VT0.25_6 VT0.25 6 7900 92351 21037 -71314
VT0.25_6 VT0.25 6 8000 85931 22924 -63007
VT0.25_6 VT0.25 6 8100 105096 22268 -82828
VT0.25_6 VT0.25 6 8200 109938 22870 -87068
VT0.25_6 VT0.25 6 8300 79074 19500 -59574
VT0.25_6 VT0.25 6 8400 71023 20981 -50042
VT0.25_6 VT0.25 6 8500 85885 19733 -66152
VT0.25_6 VT0.25 6 8600 96463 19713 -76750
VT0.25_6 VT0.25 6 8700 99539 20162 -79377
VT0.25_6 VT0.25 6 8800 116422 20581 -95841
VT0.25_6 VT0.25 6 8900 135394 19373 -116021
VT0.25_6 VT0.25 6 9000 85784 16178 -69606
VT0.25_6 VT0.25 6 9100 23846 14938 -8908
VT0.25_6 VT0.25 6 9200 22293 16227 -6066
VT0.25_6 VT0.25 6 9300 21170 15800 -5370
VT0.25_6 VT0.25 6 9400 22025 16917 -5108
VT0.25_6 VT0.25 6 9500 20580 16239 -4341
VT0.25_6 VT0.25 6 9600 21339 16520 -4819
VT0.25_6 VT0.25 6 9700 20690 16680 -4010
VT0.25_6 VT0.25 6 9800 20840 15640 -5200
VT0.25_6 VT0.25 6 9900 21822 16441 -5381
VT0.25_6 VT0.25 6 10000 21237 16936 -4301
VT0.25_7 VT0.25 7 0 0 0 0
VT0.25_7 VT0.25 7 100 359 10458 10099
VT0.25_7 VT0.25 7 200 918 32248 31330
VT0.25_7 VT0.25 7 300 30380 65128 34748
VT0.25_7 VT0.25 7 400 301618 48321 -253297
VT0.25_7 VT0.25 7 500 98077 20934 -77143
VT0.25_7 VT0.25 7 600 131032 19620 -111412
VT0.25_7 VT0.25 7 700 189664 19843 -169821
VT0.25_7 VT0.25 7 800 221662 22013 -199649
VT0.25_7 VT0.25 7 900 220806 25610 -195196
VT0.25_7 VT0.25 7 1000 175803 26106 -149697
VT0.25_7 VT0.25 7 1100 162025 26620 -135405
VT0.25_7 VT0.25 7 1200 158979 27626 -131353
VT0.25_7 VT0.25 7 1300 183195 26354 -156841
VT0.25_7 VT0.25 7 1400 201757 24929 -176828
VT0.25_7 VT0.25 7 1500 190209 25179 -165030
VT0.25_7 VT0.25 7 1600 177017 24230 -152787
VT0.25_7 VT0.25 7 1700 180309 25181 -155128
VT0.25_7 VT0.25 7 1800 145850 24848 -121002
VT0.25_7 VT0.25 7 1900 106102 23023 -83079
VT0.25_7 VT0.25 7 2000 96592 23303 -73289
VT0.25_7 VT0.25 7 2100 100698 23793 -76905
VT0.25_7 VT0.25 7 2200 105182 24357 -80825
VT0.25_7 VT0.25 7 2300 108706 23188 -85518
VT0.25_7 VT0.25 7 2400 121323 22499 -98824
VT0.25_7 VT0.25 7 2500 128584 21466 -107118
VT0.25_7 VT0.25 7 2600 147420 21956 -125464
VT0.25_7 VT0.25 7 2700 128444 21451 -106993
VT0.25_7 VT0.25 7 2800 109418 20380 -89038
VT0.25_7 VT0.25 7 2900 91961 20913 -71048
VT0.25_7 VT0.25 7 3000 95711 22044 -73667
VT0.25_7 VT0.25 7 3100 75012 22294 -52718
VT0.25_7 VT0.25 7 3200 72716 22546 -50170
VT0.25_7 VT0.25 7 3300 79023 22971 -56052
VT0.25_7 VT0.25 7 3400 107659 22290 -85369
VT0.25_7 VT0.25 7 3500 106086 20970 -85116
VT0.25_7 VT0.25 7 3600 102546 20950 -81596
VT0.25_7 VT0.25 7 3700 81968 21259 -60709
VT0.25_7 VT0.25 7 3800 80653 20617 -60036
VT0.25_7 VT0.25 7 3900 90557 22617 -67940
VT0.25_7 VT0.25 7 4000 90244 22844 -67400
VT0.25_7 VT0.25 7 4100 95907 23040 -72867
VT0.25_7 VT0.25 7 4200 82106 22739 -59367
VT0.25_7 VT0.25 7 4300 78957 22197 -56760
VT0.25_7 VT0.25 7 4400 82534 21132 -61402
VT0.25_7 VT0.25 7 4500 85869 19527 -66342
VT0.25_7 VT0.25 7 4600 77356 19125 -58231
VT0.25_7 VT0.25 7 4700 69280 18457 -50823
VT0.25_7 VT0.25 7 4800 87853 18376 -69477
VT0.25_7 VT0.25 7 4900 70640 19389 -51251
VT0.25_7 VT0.25 7 5000 63006 18461 -44545
VT0.25_7 VT0.25 7 5100 77044 19835 -57209
VT0.25_7 VT0.25 7 5200 64149 17849 -46300
VT0.25_7 VT0.25 7 5300 70021 19661 -50360
VT0.25_7 VT0.25 7 5400 70998 19524 -51474
VT0.25_7 VT0.25 7 5500 65842 19376 -46466
VT0.25_7 VT0.25 7 5600 66753 18294 -48459
VT0.25_7 VT0.25 7 5700 71807 19566 -52241
VT0.25_7 VT0.25 7 5800 60781 19223 -41558
VT0.25_7 VT0.25 7 5900 61058 20471 -40587
VT0.25_7 VT0.25 7 6000 62823 21339 -41484
VT0.25_7 VT0.25 7 6100 67507 20923 -46584
VT0.25_7 VT0.25 7 6200 61896 20076 -41820
VT0.25_7 VT0.25 7 6300 65743 21047 -44696
VT0.25_7 VT0.25 7 6400 78800 20970 -57830
VT0.25_7 VT0.25 7 6500 78063 19634 -58429
VT0.25_7 VT0.25 7 6600 65024 21703 -43321
VT0.25_7 VT0.25 7 6700 61034 21833 -39201
VT0.25_7 VT0.25 7 6800 60881 20798 -40083
VT0.25_7 VT0.25 7 6900 68787 20416 -48371
VT0.25_7 VT0.25 7 7000 78937 20483 -58454
VT0.25_7 VT0.25 7 7100 87307 19888 -67419
VT0.25_7 VT0.25 7 7200 74150 20759 -53391
VT0.25_7 VT0.25 7 7300 72433 20029 -52404
VT0.25_7 VT0.25 7 7400 71962 18774 -53188
VT0.25_7 VT0.25 7 7500 73806 18167 -55639
VT0.25_7 VT0.25 7 7600 67533 18532 -49001
VT0.25_7 VT0.25 7 7700 64601 17609 -46992
VT0.25_7 VT0.25 7 7800 77942 18296 -59646
VT0.25_7 VT0.25 7 7900 77929 18587 -59342
VT0.25_7 VT0.25 7 8000 66696 18151 -48545
VT0.25_7 VT0.25 7 8100 65407 18193 -47214
VT0.25_7 VT0.25 7 8200 61376 18439 -42937
VT0.25_7 VT0.25 7 8300 56829 18165 -38664
VT0.25_7 VT0.25 7 8400 71548 19283 -52265
VT0.25_7 VT0.25 7 8500 77430 20396 -57034
VT0.25_7 VT0.25 7 8600 84175 20774 -63401
VT0.25_7 VT0.25 7 8700 85592 21941 -63651
VT0.25_7 VT0.25 7 8800 108089 21640 -86449
VT0.25_7 VT0.25 7 8900 133894 20450 -113444
VT0.25_7 VT0.25 7 9000 92040 18857 -73183
VT0.25_7 VT0.25 7 9100 72836 17867 -54969
VT0.25_7 VT0.25 7 9200 67534 17467 -50067
VT0.25_7 VT0.25 7 9300 64060 18023 -46037
VT0.25_7 VT0.25 7 9400 59292 19517 -39775
VT0.25_7 VT0.25 7 9500 72516 20509 -52007
VT0.25_7 VT0.25 7 9600 69994 21363 -48631
VT0.25_7 VT0.25 7 9700 57203 19688 -37515
VT0.25_7 VT0.25 7 9800 67238 20333 -46905
VT0.25_7 VT0.25 7 9900 76782 20973 -55809
VT0.25_7 VT0.25 7 10000 65488 22353 -43135
VT0.25_8 VT0.25 8 0 0 0 0
VT0.25_8 VT0.25 8 100 328 10659 10331
VT0.25_8 VT0.25 8 200 1017 33117 32100
VT0.25_8 VT0.25 8 300 2814 66048 63234
VT0.25_8 VT0.25 8 400 29712 86859 57147
VT0.25_8 VT0.25 8 500 221263 62337 -158926
VT0.25_8 VT0.25 8 600 148418 27955 -120463
VT0.25_8 VT0.25 8 700 159663 21816 -137847
VT0.25_8 VT0.25 8 800 145696 21740 -123956
VT0.25_8 VT0.25 8 900 107054 22073 -84981
VT0.25_8 VT0.25 8 1000 102015 28774 -73241
VT0.25_8 VT0.25 8 1100 81634 38450 -43184
VT0.25_8 VT0.25 8 1200 90875 26910 -63965
VT0.25_8 VT0.25 8 1300 86235 29427 -56808
VT0.25_8 VT0.25 8 1400 88925 38585 -50340
VT0.25_8 VT0.25 8 1500 90809 40064 -50745
VT0.25_8 VT0.25 8 1600 88183 38415 -49768
VT0.25_8 VT0.25 8 1700 70630 35355 -35275
VT0.25_8 VT0.25 8 1800 71838 30426 -41412
VT0.25_8 VT0.25 8 1900 79481 28021 -51460
VT0.25_8 VT0.25 8 2000 73847 30606 -43241
VT0.25_8 VT0.25 8 2100 75839 31821 -44018
VT0.25_8 VT0.25 8 2200 86407 37040 -49367
VT0.25_8 VT0.25 8 2300 99288 36219 -63069
VT0.25_8 VT0.25 8 2400 125628 36353 -89275
VT0.25_8 VT0.25 8 2500 129905 37085 -92820
VT0.25_8 VT0.25 8 2600 100441 35587 -64854
VT0.25_8 VT0.25 8 2700 73203 39007 -34196
VT0.25_8 VT0.25 8 2800 70366 46505 -23861
VT0.25_8 VT0.25 8 2900 82582 50352 -32230
VT0.25_8 VT0.25 8 3000 75998 40558 -35440
VT0.25_8 VT0.25 8 3100 99920 29493 -70427
VT0.25_8 VT0.25 8 3200 104685 29643 -75042
VT0.25_8 VT0.25 8 3300 88010 26899 -61111
VT0.25_8 VT0.25 8 3400 86322 28203 -58119
VT0.25_8 VT0.25 8 3500 79201 31232 -47969
VT0.25_8 VT0.25 8 3600 73476 34106 -39370
VT0.25_8 VT0.25 8 3700 75878 35388 -40490
VT0.25_8 VT0.25 8 3800 93280 34508 -58772
VT0.25_8 VT0.25 8 3900 85981 33055 -52926
VT0.25_8 VT0.25 8 4000 88502 28162 -60340
VT0.25_8 VT0.25 8 4100 74243 26677 -47566
VT0.25_8 VT0.25 8 4200 75798 34416 -41382
VT0.25_8 VT0.25 8 4300 94255 36954 -57301
VT0.25_8 VT0.25 8 4400 99147 35722 -63425
VT0.25_8 VT0.25 8 4500 101895 29076 -72819
VT0.25_8 VT0.25 8 4600 99340 25721 -73619
VT0.25_8 VT0.25 8 4700 91831 33873 -57958
VT0.25_8 VT0.25 8 4800 87726 30023 -57703
VT0.25_8 VT0.25 8 4900 93075 28127 -64948
VT0.25_8 VT0.25 8 5000 94410 30423 -63987
VT0.25_8 VT0.25 8 5100 100272 33246 -67026
VT0.25_8 VT0.25 8 5200 109269 36566 -72703
VT0.25_8 VT0.25 8 5300 89366 35227 -54139
VT0.25_8 VT0.25 8 5400 64595 33311 -31284
VT0.25_8 VT0.25 8 5500 76776 31937 -44839
VT0.25_8 VT0.25 8 5600 86667 36049 -50618
VT0.25_8 VT0.25 8 5700 95669 32249 -63420
VT0.25_8 VT0.25 8 5800 88276 29876 -58400
VT0.25_8 VT0.25 8 5900 81368 31125 -50243
VT0.25_8 VT0.25 8 6000 84444 34452 -49992
VT0.25_8 VT0.25 8 6100 92072 32981 -59091
VT0.25_8 VT0.25 8 6200 78696 32358 -46338
VT0.25_8 VT0.25 8 6300 79018 30342 -48676
VT0.25_8 VT0.25 8 6400 68143 33791 -34352
VT0.25_8 VT0.25 8 6500 75961 36331 -39630
VT0.25_8 VT0.25 8 6600 75494 37679 -37815
VT0.25_8 VT0.25 8 6700 77381 43517 -33864
VT0.25_8 VT0.25 8 6800 84365 44159 -40206
VT0.25_8 VT0.25 8 6900 92235 34320 -57915
VT0.25_8 VT0.25 8 7000 93025 28878 -64147
VT0.25_8 VT0.25 8 7100 85169 33775 -51394
VT0.25_8 VT0.25 8 7200 87589 30736 -56853
VT0.25_8 VT0.25 8 7300 73420 28043 -45377
VT0.25_8 VT0.25 8 7400 86979 25785 -61194
VT0.25_8 VT0.25 8 7500 79965 23364 -56601
VT0.25_8 VT0.25 8 7600 67072 26262 -40810
VT0.25_8 VT0.25 8 7700 92089 31867 -60222
VT0.25_8 VT0.25 8 7800 87406 32770 -54636
VT0.25_8 VT0.25 8 7900 83203 35892 -47311
VT0.25_8 VT0.25 8 8000 80969 46945 -34024
VT0.25_8 VT0.25 8 8100 98237 39801 -58436
VT0.25_8 VT0.25 8 8200 91349 35100 -56249
VT0.25_8 VT0.25 8 8300 88703 36326 -52377
VT0.25_8 VT0.25 8 8400 88383 35145 -53238
VT0.25_8 VT0.25 8 8500 67098 39255 -27843
VT0.25_8 VT0.25 8 8600 68679 30614 -38065
VT0.25_8 VT0.25 8 8700 71429 26399 -45030
VT0.25_8 VT0.25 8 8800 38778 17975 -20803
VT0.25_8 VT0.25 8 8900 19925 14130 -5795
VT0.25_8 VT0.25 8 9000 21415 14497 -6918
VT0.25_8 VT0.25 8 9100 21768 15202 -6566
VT0.25_8 VT0.25 8 9200 21674 15096 -6578
VT0.25_8 VT0.25 8 9300 20381 15045 -5336
VT0.25_8 VT0.25 8 9400 19475 14929 -4546
VT0.25_8 VT0.25 8 9500 20010 15197 -4813
VT0.25_8 VT0.25 8 9600 20305 14174 -6131
VT0.25_8 VT0.25 8 9700 20773 14452 -6321
VT0.25_8 VT0.25 8 9800 20231 14569 -5662
VT0.25_8 VT0.25 8 9900 19719 14310 -5409
VT0.25_8 VT0.25 8 10000 19598 14668 -4930
VT0.25_9 VT0.25 9 0 0 0 0
VT0.25_9 VT0.25 9 100 412 10718 10306
VT0.25_9 VT0.25 9 200 1022 32066 31044
VT0.25_9 VT0.25 9 300 124933 76673 -48260
VT0.25_9 VT0.25 9 400 570065 47749 -522316
VT0.25_9 VT0.25 9 500 529829 31648 -498181
VT0.25_9 VT0.25 9 600 319626 23376 -296250
VT0.25_9 VT0.25 9 700 396518 25859 -370659
VT0.25_9 VT0.25 9 800 356062 24555 -331507
VT0.25_9 VT0.25 9 900 316940 24543 -292397
VT0.25_9 VT0.25 9 1000 243524 26084 -217440
VT0.25_9 VT0.25 9 1100 244985 27015 -217970
VT0.25_9 VT0.25 9 1200 239171 26647 -212524
VT0.25_9 VT0.25 9 1300 193007 24875 -168132
VT0.25_9 VT0.25 9 1400 150340 23844 -126496
VT0.25_9 VT0.25 9 1500 138605 22945 -115660
VT0.25_9 VT0.25 9 1600 122178 22334 -99844
VT0.25_9 VT0.25 9 1700 138812 23988 -114824
VT0.25_9 VT0.25 9 1800 142823 23451 -119372
VT0.25_9 VT0.25 9 1900 103334 23562 -79772
VT0.25_9 VT0.25 9 2000 96240 23519 -72721
VT0.25_9 VT0.25 9 2100 101068 23576 -77492
VT0.25_9 VT0.25 9 2200 107886 24140 -83746
VT0.25_9 VT0.25 9 2300 87531 22717 -64814
VT0.25_9 VT0.25 9 2400 107236 23905 -83331
VT0.25_9 VT0.25 9 2500 87479 23899 -63580
VT0.25_9 VT0.25 9 2600 82729 23289 -59440
VT0.25_9 VT0.25 9 2700 89409 22226 -67183
VT0.25_9 VT0.25 9 2800 106990 21464 -85526
VT0.25_9 VT0.25 9 2900 102798 22006 -80792
VT0.25_9 VT0.25 9 3000 72348 22226 -50122
VT0.25_9 VT0.25 9 3100 71734 22632 -49102
VT0.25_9 VT0.25 9 3200 79215 21978 -57237
VT0.25_9 VT0.25 9 3300 97723 21665 -76058
VT0.25_9 VT0.25 9 3400 116080 22211 -93869
VT0.25_9 VT0.25 9 3500 104150 21734 -82416
VT0.25_9 VT0.25 9 3600 83058 22644 -60414
VT0.25_9 VT0.25 9 3700 75708 21380 -54328
VT0.25_9 VT0.25 9 3800 67222 19372 -47850
VT0.25_9 VT0.25 9 3900 76728 19904 -56824
VT0.25_9 VT0.25 9 4000 78135 19544 -58591
VT0.25_9 VT0.25 9 4100 94697 21016 -73681
VT0.25_9 VT0.25 9 4200 94307 20982 -73325
VT0.25_9 VT0.25 9 4300 96463 21415 -75048
VT0.25_9 VT0.25 9 4400 84764 20491 -64273
VT0.25_9 VT0.25 9 4500 82863 20327 -62536
VT0.25_9 VT0.25 9 4600 95137 22050 -73087
VT0.25_9 VT0.25 9 4700 77245 19510 -57735
VT0.25_9 VT0.25 9 4800 85411 18578 -66833
VT0.25_9 VT0.25 9 4900 92669 18878 -73791
VT0.25_9 VT0.25 9 5000 110019 20852 -89167
VT0.25_9 VT0.25 9 5100 101628 18571 -83057
VT0.25_9 VT0.25 9 5200 90680 20440 -70240
VT0.25_9 VT0.25 9 5300 95241 20896 -74345
VT0.25_9 VT0.25 9 5400 83525 21868 -61657
VT0.25_9 VT0.25 9 5500 76660 21909 -54751
VT0.25_9 VT0.25 9 5600 92179 19645 -72534
VT0.25_9 VT0.25 9 5700 84148 19280 -64868
VT0.25_9 VT0.25 9 5800 92416 19165 -73251
VT0.25_9 VT0.25 9 5900 89448 21034 -68414
VT0.25_9 VT0.25 9 6000 87854 21472 -66382
VT0.25_9 VT0.25 9 6100 76473 22169 -54304
VT0.25_9 VT0.25 9 6200 82327 22454 -59873
VT0.25_9 VT0.25 9 6300 68309 20224 -48085
VT0.25_9 VT0.25 9 6400 67933 19902 -48031
VT0.25_9 VT0.25 9 6500 63287 20241 -43046
VT0.25_9 VT0.25 9 6600 68288 19657 -48631
VT0.25_9 VT0.25 9 6700 86789 20090 -66699
VT0.25_9 VT0.25 9 6800 110414 21082 -89332
VT0.25_9 VT0.25 9 6900 93007 20905 -72102
VT0.25_9 VT0.25 9 7000 84862 21913 -62949
VT0.25_9 VT0.25 9 7100 64719 21578 -43141
VT0.25_9 VT0.25 9 7200 56258 21425 -34833
VT0.25_9 VT0.25 9 7300 59033 19545 -39488
VT0.25_9 VT0.25 9 7400 64839 19140 -45699
VT0.25_9 VT0.25 9 7500 69104 20788 -48316
VT0.25_9 VT0.25 9 7600 92018 20693 -71325
VT0.25_9 VT0.25 9 7700 82729 20737 -61992
VT0.25_9 VT0.25 9 7800 72808 20476 -52332
VT0.25_9 VT0.25 9 7900 78557 20354 -58203
VT0.25_9 VT0.25 9 8000 70033 19195 -50838
VT0.25_9 VT0.25 9 8100 75944 20183 -55761
VT0.25_9 VT0.25 9 8200 83958 20445 -63513
VT0.25_9 VT0.25 9 8300 70249 20898 -49351
VT0.25_9 VT0.25 9 8400 74513 20239 -54274
VT0.25_9 VT0.25 9 8500 69806 20779 -49027
VT0.25_9 VT0.25 9 8600 72139 18656 -53483
VT0.25_9 VT0.25 9 8700 85199 19709 -65490
VT0.25_9 VT0.25 9 8800 72578 19555 -53023
VT0.25_9 VT0.25 9 8900 68354 19011 -49343
VT0.25_9 VT0.25 9 9000 71662 17693 -53969
VT0.25_9 VT0.25 9 9100 71275 18504 -52771
VT0.25_9 VT0.25 9 9200 87365 20473 -66892
VT0.25_9 VT0.25 9 9300 90265 21724 -68541
VT0.25_9 VT0.25 9 9400 70296 21342 -48954
VT0.25_9 VT0.25 9 9500 56050 21367 -34683
VT0.25_9 VT0.25 9 9600 71842 20385 -51457
VT0.25_9 VT0.25 9 9700 74358 20839 -53519
VT0.25_9 VT0.25 9 9800 63841 21229 -42612
VT0.25_9 VT0.25 9 9900 66378 21384 -44994
VT0.25_9 VT0.25 9 10000 73218 20430 -52788
VT0.25_10 VT0.25 10 0 0 0 0
VT0.25_10 VT0.25 10 100 383 10667 10284
VT0.25_10 VT0.25 10 200 969 33803 32834
VT0.25_10 VT0.25 10 300 47906 97652 49746
VT0.25_10 VT0.25 10 400 365069 141356 -223713
VT0.25_10 VT0.25 10 500 505311 78654 -426657
VT0.25_10 VT0.25 10 600 503012 76325 -426687
VT0.25_10 VT0.25 10 700 473987 48879 -425108
VT0.25_10 VT0.25 10 800 266108 29640 -236468
VT0.25_10 VT0.25 10 900 176571 29898 -146673
VT0.25_10 VT0.25 10 1000 189251 25395 -163856
VT0.25_10 VT0.25 10 1100 191250 25283 -165967
VT0.25_10 VT0.25 10 1200 210671 22471 -188200
VT0.25_10 VT0.25 10 1300 164934 21759 -143175
VT0.25_10 VT0.25 10 1400 123638 23275 -100363
VT0.25_10 VT0.25 10 1500 69987 19807 -50180
VT0.25_10 VT0.25 10 1600 35463 17928 -17535
VT0.25_10 VT0.25 10 1700 24882 17246 -7636
VT0.25_10 VT0.25 10 1800 25141 18455 -6686
VT0.25_10 VT0.25 10 1900 26095 17894 -8201
VT0.25_10 VT0.25 10 2000 28500 18291 -10209
VT0.25_10 VT0.25 10 2100 31929 17453 -14476
VT0.25_10 VT0.25 10 2200 32929 16892 -16037
VT0.25_10 VT0.25 10 2300 34440 18627 -15813
VT0.25_10 VT0.25 10 2400 29300 17792 -11508
VT0.25_10 VT0.25 10 2500 29661 17621 -12040
VT0.25_10 VT0.25 10 2600 26943 16670 -10273
VT0.25_10 VT0.25 10 2700 24098 16317 -7781
VT0.25_10 VT0.25 10 2800 24332 16853 -7479
VT0.25_10 VT0.25 10 2900 24835 17784 -7051
VT0.25_10 VT0.25 10 3000 24393 16818 -7575
VT0.25_10 VT0.25 10 3100 23291 17234 -6057
VT0.25_10 VT0.25 10 3200 24471 16986 -7485
VT0.25_10 VT0.25 10 3300 24000 18409 -5591
VT0.25_10 VT0.25 10 3400 22730 17977 -4753
VT0.25_10 VT0.25 10 3500 22496 16768 -5728
VT0.25_10 VT0.25 10 3600 21608 16795 -4813
VT0.25_10 VT0.25 10 3700 20617 17472 -3145
VT0.25_10 VT0.25 10 3800 21692 16276 -5416
VT0.25_10 VT0.25 10 3900 20775 16046 -4729
VT0.25_10 VT0.25 10 4000 20852 16125 -4727
VT0.25_10 VT0.25 10 4100 20900 15821 -5079
VT0.25_10 VT0.25 10 4200 20155 15144 -5011
VT0.25_10 VT0.25 10 4300 19929 15200 -4729
VT0.25_10 VT0.25 10 4400 20162 15163 -4999
VT0.25_10 VT0.25 10 4500 20411 14772 -5639
VT0.25_10 VT0.25 10 4600 18989 16022 -2967
VT0.25_10 VT0.25 10 4700 19758 15714 -4044
VT0.25_10 VT0.25 10 4800 20200 15521 -4679
VT0.25_10 VT0.25 10 4900 20644 15113 -5531
VT0.25_10 VT0.25 10 5000 20476 15095 -5381
VT0.25_10 VT0.25 10 5100 19953 14962 -4991
VT0.25_10 VT0.25 10 5200 19725 15511 -4214
VT0.25_10 VT0.25 10 5300 20533 15113 -5420
VT0.25_10 VT0.25 10 5400 19436 14875 -4561
VT0.25_10 VT0.25 10 5500 19711 16878 -2833
VT0.25_10 VT0.25 10 5600 20468 16426 -4042
VT0.25_10 VT0.25 10 5700 20087 15588 -4499
VT0.25_10 VT0.25 10 5800 20487 15363 -5124
VT0.25_10 VT0.25 10 5900 19818 15381 -4437
VT0.25_10 VT0.25 10 6000 20880 15993 -4887
VT0.25_10 VT0.25 10 6100 21672 16099 -5573
VT0.25_10 VT0.25 10 6200 20991 15580 -5411
VT0.25_10 VT0.25 10 6300 20605 14656 -5949
VT0.25_10 VT0.25 10 6400 21547 14866 -6681
VT0.25_10 VT0.25 10 6500 20802 14311 -6491
VT0.25_10 VT0.25 10 6600 20535 15284 -5251
VT0.25_10 VT0.25 10 6700 20641 15618 -5023
VT0.25_10 VT0.25 10 6800 21688 15872 -5816
VT0.25_10 VT0.25 10 6900 21576 15304 -6272
VT0.25_10 VT0.25 10 7000 21989 16006 -5983
VT0.25_10 VT0.25 10 7100 22312 14707 -7605
VT0.25_10 VT0.25 10 7200 21801 14779 -7022
VT0.25_10 VT0.25 10 7300 20897 14706 -6191
VT0.25_10 VT0.25 10 7400 21048 15278 -5770
VT0.25_10 VT0.25 10 7500 21295 13796 -7499
VT0.25_10 VT0.25 10 7600 21333 14696 -6637
VT0.25_10 VT0.25 10 7700 21315 13796 -7519
VT0.25_10 VT0.25 10 7800 21358 14977 -6381
VT0.25_10 VT0.25 10 7900 21371 15742 -5629
VT0.25_10 VT0.25 10 8000 22067 15591 -6476
VT0.25_10 VT0.25 10 8100 22198 16163 -6035
VT0.25_10 VT0.25 10 8200 20907 15522 -5385
VT0.25_10 VT0.25 10 8300 21475 14997 -6478
VT0.25_10 VT0.25 10 8400 20752 14464 -6288
VT0.25_10 VT0.25 10 8500 20765 15063 -5702
VT0.25_10 VT0.25 10 8600 20772 15995 -4777
VT0.25_10 VT0.25 10 8700 21654 15928 -5726
VT0.25_10 VT0.25 10 8800 21604 15694 -5910
VT0.25_10 VT0.25 10 8900 21446 15180 -6266
VT0.25_10 VT0.25 10 9000 20993 15570 -5423
VT0.25_10 VT0.25 10 9100 21799 15020 -6779
VT0.25_10 VT0.25 10 9200 20754 15602 -5152
VT0.25_10 VT0.25 10 9300 20430 15582 -4848
VT0.25_10 VT0.25 10 9400 20689 15376 -5313
VT0.25_10 VT0.25 10 9500 20875 15559 -5316
VT0.25_10 VT0.25 10 9600 20468 14768 -5700
VT0.25_10 VT0.25 10 9700 20529 15358 -5171
VT0.25_10 VT0.25 10 9800 19942 15551 -4391
VT0.25_10 VT0.25 10 9900 20074 16092 -3982
VT0.25_10 VT0.25 10 10000 21242 16653 -4589
VT0.5_1 VT0.5 1 0 0 0 0
VT0.5_1 VT0.5 1 100 389 11768 11379
VT0.5_1 VT0.5 1 200 1057 37338 36281
VT0.5_1 VT0.5 1 300 2011 62306 60295
VT0.5_1 VT0.5 1 400 95204 181406 86202
VT0.5_1 VT0.5 1 500 490064 82317 -407747
VT0.5_1 VT0.5 1 600 612905 51746 -561159
VT0.5_1 VT0.5 1 700 574153 31705 -542448
VT0.5_1 VT0.5 1 800 72733 11723 -61010
VT0.5_1 VT0.5 1 900 26611 14376 -12235
VT0.5_1 VT0.5 1 1000 26276 17578 -8698
VT0.5_1 VT0.5 1 1100 25272 19581 -5691
VT0.5_1 VT0.5 1 1200 24594 20073 -4521
VT0.5_1 VT0.5 1 1300 23873 20834 -3039
VT0.5_1 VT0.5 1 1400 24684 20521 -4163
VT0.5_1 VT0.5 1 1500 26207 20156 -6051
VT0.5_1 VT0.5 1 1600 25764 20853 -4911
VT0.5_1 VT0.5 1 1700 26389 20148 -6241
VT0.5_1 VT0.5 1 1800 26961 19482 -7479
VT0.5_1 VT0.5 1 1900 26254 20250 -6004
VT0.5_1 VT0.5 1 2000 24970 18011 -6959
VT0.5_1 VT0.5 1 2100 25043 18493 -6550
VT0.5_1 VT0.5 1 2200 26069 18520 -7549
VT0.5_1 VT0.5 1 2300 25816 18787 -7029
VT0.5_1 VT0.5 1 2400 26053 19215 -6838
VT0.5_1 VT0.5 1 2500 26287 20122 -6165
VT0.5_1 VT0.5 1 2600 24957 19068 -5889
VT0.5_1 VT0.5 1 2700 26044 19528 -6516
VT0.5_1 VT0.5 1 2800 24565 19367 -5198
VT0.5_1 VT0.5 1 2900 24853 18799 -6054
VT0.5_1 VT0.5 1 3000 23852 17837 -6015
VT0.5_1 VT0.5 1 3100 23687 18896 -4791
VT0.5_1 VT0.5 1 3200 24429 19396 -5033
VT0.5_1 VT0.5 1 3300 24130 18726 -5404
VT0.5_1 VT0.5 1 3400 24428 18003 -6425
VT0.5_1 VT0.5 1 3500 24670 17935 -6735
VT0.5_1 VT0.5 1 3600 24835 18522 -6313
VT0.5_1 VT0.5 1 3700 24535 17867 -6668
VT0.5_1 VT0.5 1 3800 24484 18319 -6165
VT0.5_1 VT0.5 1 3900 24230 17610 -6620
VT0.5_1 VT0.5 1 4000 23596 17557 -6039
VT0.5_1 VT0.5 1 4100 23698 17730 -5968
VT0.5_1 VT0.5 1 4200 23286 18462 -4824
VT0.5_1 VT0.5 1 4300 22558 17946 -4612
VT0.5_1 VT0.5 1 4400 24161 17956 -6205
VT0.5_1 VT0.5 1 4500 24230 18641 -5589
VT0.5_1 VT0.5 1 4600 24783 19302 -5481
VT0.5_1 VT0.5 1 4700 24432 18753 -5679
VT0.5_1 VT0.5 1 4800 24387 18107 -6280
VT0.5_1 VT0.5 1 4900 24014 17807 -6207
VT0.5_1 VT0.5 1 5000 24997 18284 -6713
VT0.5_1 VT0.5 1 5100 25092 19231 -5861
VT0.5_1 VT0.5 1 5200 24275 19038 -5237
VT0.5_1 VT0.5 1 5300 24127 18901 -5226
VT0.5_1 VT0.5 1 5400 24889 18602 -6287
VT0.5_1 VT0.5 1 5500 25328 18011 -7317
VT0.5_1 VT0.5 1 5600 24421 18228 -6193
VT0.5_1 VT0.5 1 5700 24415 18810 -5605
VT0.5_1 VT0.5 1 5800 24909 18828 -6081
VT0.5_1 VT0.5 1 5900 25525 19160 -6365
VT0.5_1 VT0.5 1 6000 23253 18591 -4662
VT0.5_1 VT0.5 1 6100 24103 18914 -5189
VT0.5_1 VT0.5 1 6200 24109 18588 -5521
VT0.5_1 VT0.5 1 6300 23930 17774 -6156
VT0.5_1 VT0.5 1 6400 25028 17751 -7277
VT0.5_1 VT0.5 1 6500 23677 17709 -5968
VT0.5_1 VT0.5 1 6600 25192 18774 -6418
VT0.5_1 VT0.5 1 6700 26017 19150 -6867
VT0.5_1 VT0.5 1 6800 25429 18797 -6632
VT0.5_1 VT0.5 1 6900 26685 19382 -7303
VT0.5_1 VT0.5 1 7000 27043 19520 -7523
VT0.5_1 VT0.5 1 7100 25852 19603 -6249
VT0.5_1 VT0.5 1 7200 26252 18696 -7556
VT0.5_1 VT0.5 1 7300 25393 17920 -7473
VT0.5_1 VT0.5 1 7400 24145 18760 -5385
VT0.5_1 VT0.5 1 7500 24169 18712 -5457
VT0.5_1 VT0.5 1 7600 24159 18539 -5620
VT0.5_1 VT0.5 1 7700 23110 19121 -3989
VT0.5_1 VT0.5 1 7800 23999 18425 -5574
VT0.5_1 VT0.5 1 7900 23893 18274 -5619
VT0.5_1 VT0.5 1 8000 22992 18087 -4905
VT0.5_1 VT0.5 1 8100 23537 18195 -5342
VT0.5_1 VT0.5 1 8200 24175 17692 -6483
VT0.5_1 VT0.5 1 8300 24501 18343 -6158
VT0.5_1 VT0.5 1 8400 23804 19652 -4152
VT0.5_1 VT0.5 1 8500 23520 19088 -4432
VT0.5_1 VT0.5 1 8600 24168 18534 -5634
VT0.5_1 VT0.5 1 8700 23980 18649 -5331
VT0.5_1 VT0.5 1 8800 23629 17462 -6167
VT0.5_1 VT0.5 1 8900 23614 18266 -5348
VT0.5_1 VT0.5 1 9000 23605 19061 -4544
VT0.5_1 VT0.5 1 9100 24508 17918 -6590
VT0.5_1 VT0.5 1 9200 24541 16872 -7669
VT0.5_1 VT0.5 1 9300 23934 17618 -6316
VT0.5_1 VT0.5 1 9400 22843 18383 -4460
VT0.5_1 VT0.5 1 9500 23245 17284 -5961
VT0.5_1 VT0.5 1 9600 22952 17354 -5598
VT0.5_1 VT0.5 1 9700 22962 17124 -5838
VT0.5_1 VT0.5 1 9800 23742 17807 -5935
VT0.5_1 VT0.5 1 9900 23622 17590 -6032
VT0.5_1 VT0.5 1 10000 23982 17418 -6564
VT0.5_2 VT0.5 2 0 0 0 0
VT0.5_2 VT0.5 2 100 379 11661 11282
VT0.5_2 VT0.5 2 200 1174 35868 34694
VT0.5_2 VT0.5 2 300 21683 60211 38528
VT0.5_2 VT0.5 2 400 331276 52434 -278842
VT0.5_2 VT0.5 2 500 350699 31959 -318740
VT0.5_2 VT0.5 2 600 330937 36449 -294488
VT0.5_2 VT0.5 2 700 258392 39423 -218969
VT0.5_2 VT0.5 2 800 152639 40913 -111726
VT0.5_2 VT0.5 2 900 126956 54743 -72213
VT0.5_2 VT0.5 2 1000 119451 63737 -55714
VT0.5_2 VT0.5 2 1100 99669 52969 -46700
VT0.5_2 VT0.5 2 1200 93646 40584 -53062
VT0.5_2 VT0.5 2 1300 105993 43434 -62559
VT0.5_2 VT0.5 2 1400 119225 60502 -58723
VT0.5_2 VT0.5 2 1500 101480 83079 -18401
VT0.5_2 VT0.5 2 1600 93363 79767 -13596
VT0.5_2 VT0.5 2 1700 102333 86622 -15711
VT0.5_2 VT0.5 2 1800 103652 74904 -28748
VT0.5_2 VT0.5 2 1900 95673 71732 -23941
VT0.5_2 VT0.5 2 2000 84468 106735 22267
VT0.5_2 VT0.5 2 2100 101973 96596 -5377
VT0.5_2 VT0.5 2 2200 87993 86862 -1131
VT0.5_2 VT0.5 2 2300 93312 89762 -3550
VT0.5_2 VT0.5 2 2400 96912 79343 -17569
VT0.5_2 VT0.5 2 2500 89018 69752 -19266
VT0.5_2 VT0.5 2 2600 81965 61737 -20228
VT0.5_2 VT0.5 2 2700 84472 48861 -35611
VT0.5_2 VT0.5 2 2800 90077 64360 -25717
VT0.5_2 VT0.5 2 2900 92426 60950 -31476
VT0.5_2 VT0.5 2 3000 99256 75190 -24066
VT0.5_2 VT0.5 2 3100 90851 64723 -26128
VT0.5_2 VT0.5 2 3200 91831 57909 -33922
VT0.5_2 VT0.5 2 3300 77494 48196 -29298
VT0.5_2 VT0.5 2 3400 34714 29380 -5334
VT0.5_2 VT0.5 2 3500 24652 20400 -4252
VT0.5_2 VT0.5 2 3600 22916 19317 -3599
VT0.5_2 VT0.5 2 3700 23220 18455 -4765
VT0.5_2 VT0.5 2 3800 24024 18458 -5566
VT0.5_2 VT0.5 2 3900 24825 19213 -5612
VT0.5_2 VT0.5 2 4000 24907 19438 -5469
VT0.5_2 VT0.5 2 4100 25376 19076 -6300
VT0.5_2 VT0.5 2 4200 25121 19856 -5265
VT0.5_2 VT0.5 2 4300 24019 17820 -6199
VT0.5_2 VT0.5 2 4400 24128 17078 -7050
VT0.5_2 VT0.5 2 4500 24258 17898 -6360
VT0.5_2 VT0.5 2 4600 23717 19865 -3852
VT0.5_2 VT0.5 2 4700 25294 18467 -6827
VT0.5_2 VT0.5 2 4800 25275 17132 -8143
VT0.5_2 VT0.5 2 4900 24669 17493 -7176
VT0.5_2 VT0.5 2 5000 24177 16980 -7197
VT0.5_2 VT0.5 2 5100 23791 17333 -6458
VT0.5_2 VT0.5 2 5200 23651 18684 -4967
VT0.5_2 VT0.5 2 5300 24281 18905 -5376
VT0.5_2 VT0.5 2 5400 23955 18652 -5303
VT0.5_2 VT0.5 2 5500 24915 18935 -5980
VT0.5_2 VT0.5 2 5600 23101 18627 -4474
VT0.5_2 VT0.5 2 5700 23896 18167 -5729
VT0.5_2 VT0.5 2 5800 23639 19624 -4015
VT0.5_2 VT0.5 2 5900 24000 19057 -4943
VT0.5_2 VT0.5 2 6000 24306 17905 -6401
VT0.5_2 VT0.5 2 6100 23449 18863 -4586
VT0.5_2 VT0.5 2 6200 24733 17462 -7271
VT0.5_2 VT0.5 2 6300 25521 18661 -6860
VT0.5_2 VT0.5 2 6400 25758 18857 -6901
VT0.5_2 VT0.5 2 6500 25716 19125 -6591
VT0.5_2 VT0.5 2 6600 24530 17889 -6641
VT0.5_2 VT0.5 2 6700 24581 17892 -6689
VT0.5_2 VT0.5 2 6800 24764 17717 -7047
VT0.5_2 VT0.5 2 6900 24433 17271 -7162
VT0.5_2 VT0.5 2 7000 23681 17390 -6291
VT0.5_2 VT0.5 2 7100 24072 18024 -6048
VT0.5_2 VT0.5 2 7200 24477 18523 -5954
VT0.5_2 VT0.5 2 7300 26284 18753 -7531
VT0.5_2 VT0.5 2 7400 25087 19578 -5509
VT0.5_2 VT0.5 2 7500 25871 20823 -5048
VT0.5_2 VT0.5 2 7600 25757 19968 -5789
VT0.5_2 VT0.5 2 7700 25572 19763 -5809
VT0.5_2 VT0.5 2 7800 23676 19696 -3980
VT0.5_2 VT0.5 2 7900 23590 18976 -4614
VT0.5_2 VT0.5 2 8000 23119 18448 -4671
VT0.5_2 VT0.5 2 8100 24850 18745 -6105
VT0.5_2 VT0.5 2 8200 24081 18849 -5232
VT0.5_2 VT0.5 2 8300 24244 18943 -5301
VT0.5_2 VT0.5 2 8400 24065 18772 -5293
VT0.5_2 VT0.5 2 8500 23474 19557 -3917
VT0.5_2 VT0.5 2 8600 24077 20262 -3815
VT0.5_2 VT0.5 2 8700 24575 19463 -5112
VT0.5_2 VT0.5 2 8800 25728 19753 -5975
VT0.5_2 VT0.5 2 8900 25806 19158 -6648
VT0.5_2 VT0.5 2 9000 23743 18133 -5610
VT0.5_2 VT0.5 2 9100 24480 18522 -5958
VT0.5_2 VT0.5 2 9200 24512 17603 -6909
VT0.5_2 VT0.5 2 9300 25513 18783 -6730
VT0.5_2 VT0.5 2 9400 25200 18543 -6657
VT0.5_2 VT0.5 2 9500 24209 17855 -6354
VT0.5_2 VT0.5 2 9600 24152 17199 -6953
VT0.5_2 VT0.5 2 9700 23362 17383 -5979
VT0.5_2 VT0.5 2 9800 23802 19283 -4519
VT0.5_2 VT0.5 2 9900 24204 19499 -4705
VT0.5_2 VT0.5 2 10000 25129 19151 -5978
VT0.5_3 VT0.5 3 0 0 0 0
VT0.5_3 VT0.5 3 100 418 11497 11079
VT0.5_3 VT0.5 3 200 997 36321 35324
VT0.5_3 VT0.5 3 300 1712 63031 61319
VT0.5_3 VT0.5 3 400 31849 108585 76736
VT0.5_3 VT0.5 3 500 489934 36462 -453472
VT0.5_3 VT0.5 3 600 414858 26075 -388783
VT0.5_3 VT0.5 3 700 274452 23808 -250644
VT0.5_3 VT0.5 3 800 193072 23356 -169716
VT0.5_3 VT0.5 3 900 129716 25931 -103785
VT0.5_3 VT0.5 3 1000 100108 25076 -75032
VT0.5_3 VT0.5 3 1100 85460 24730 -60730
VT0.5_3 VT0.5 3 1200 83908 24919 -58989
VT0.5_3 VT0.5 3 1300 83178 26020 -57158
VT0.5_3 VT0.5 3 1400 70067 26241 -43826
VT0.5_3 VT0.5 3 1500 80446 25094 -55352
VT0.5_3 VT0.5 3 1600 73332 25943 -47389
VT0.5_3 VT0.5 3 1700 70581 27211 -43370
VT0.5_3 VT0.5 3 1800 73429 27049 -46380
VT0.5_3 VT0.5 3 1900 69648 25952 -43696
VT0.5_3 VT0.5 3 2000 65427 26609 -38818
VT0.5_3 VT0.5 3 2100 59572 26542 -33030
VT0.5_3 VT0.5 3 2200 69754 27433 -42321
VT0.5_3 VT0.5 3 2300 74097 28039 -46058
VT0.5_3 VT0.5 3 2400 65113 28262 -36851
VT0.5_3 VT0.5 3 2500 74582 26588 -47994
VT0.5_3 VT0.5 3 2600 78199 26714 -51485
VT0.5_3 VT0.5 3 2700 76299 26399 -49900
VT0.5_3 VT0.5 3 2800 71284 26157 -45127
VT0.5_3 VT0.5 3 2900 64570 26377 -38193
VT0.5_3 VT0.5 3 3000 72819 26177 -46642
VT0.5_3 VT0.5 3 3100 73820 27435 -46385
VT0.5_3 VT0.5 3 3200 70280 27116 -43164
VT0.5_3 VT0.5 3 3300 78361 27384 -50977
VT0.5_3 VT0.5 3 3400 74904 29608 -45296
VT0.5_3 VT0.5 3 3500 63340 27808 -35532
VT0.5_3 VT0.5 3 3600 69220 25939 -43281
VT0.5_3 VT0.5 3 3700 60546 24744 -35802
VT0.5_3 VT0.5 3 3800 63914 23864 -40050
VT0.5_3 VT0.5 3 3900 59973 24526 -35447
VT0.5_3 VT0.5 3 4000 55232 23988 -31244
VT0.5_3 VT0.5 3 4100 52829 24903 -27926
VT0.5_3 VT0.5 3 4200 57027 26325 -30702
VT0.5_3 VT0.5 3 4300 60831 26124 -34707
VT0.5_3 VT0.5 3 4400 71789 26505 -45284
VT0.5_3 VT0.5 3 4500 61645 24534 -37111
VT0.5_3 VT0.5 3 4600 67142 26638 -40504
VT0.5_3 VT0.5 3 4700 64642 24879 -39763
VT0.5_3 VT0.5 3 4800 69785 25328 -44457
VT0.5_3 VT0.5 3 4900 48223 23773 -24450
VT0.5_3 VT0.5 3 5000 59117 24010 -35107
VT0.5_3 VT0.5 3 5100 55468 25636 -29832
VT0.5_3 VT0.5 3 5200 70530 26576 -43954
VT0.5_3 VT0.5 3 5300 74481 24983 -49498
VT0.5_3 VT0.5 3 5400 66324 23326 -42998
VT0.5_3 VT0.5 3 5500 67024 24477 -42547
VT0.5_3 VT0.5 3 5600 61808 24810 -36998
VT0.5_3 VT0.5 3 5700 63559 25308 -38251
VT0.5_3 VT0.5 3 5800 63320 24962 -38358
VT0.5_3 VT0.5 3 5900 67089 23107 -43982
VT0.5_3 VT0.5 3 6000 52645 22305 -30340
VT0.5_3 VT0.5 3 6100 52742 22949 -29793
VT0.5_3 VT0.5 3 6200 62074 24309 -37765
VT0.5_3 VT0.5 3 6300 56068 24780 -31288
VT0.5_3 VT0.5 3 6400 54457 25134 -29323
VT0.5_3 VT0.5 3 6500 49829 24910 -24919
VT0.5_3 VT0.5 3 6600 45783 23790 -21993
VT0.5_3 VT0.5 3 6700 55088 24578 -30510
VT0.5_3 VT0.5 3 6800 49655 26551 -23104
VT0.5_3 VT0.5 3 6900 49092 24828 -24264
VT0.5_3 VT0.5 3 7000 48427 24775 -23652
VT0.5_3 VT0.5 3 7100 50896 25219 -25677
VT0.5_3 VT0.5 3 7200 57024 24126 -32898
VT0.5_3 VT0.5 3 7300 59959 23231 -36728
VT0.5_3 VT0.5 3 7400 54221 23613 -30608
VT0.5_3 VT0.5 3 7500 50544 23387 -27157
VT0.5_3 VT0.5 3 7600 52573 24736 -27837
VT0.5_3 VT0.5 3 7700 49499 25072 -24427
VT0.5_3 VT0.5 3 7800 51003 24150 -26853
VT0.5_3 VT0.5 3 7900 56660 25679 -30981
VT0.5_3 VT0.5 3 8000 54719 25676 -29043
VT0.5_3 VT0.5 3 8100 48952 25542 -23410
VT0.5_3 VT0.5 3 8200 55555 26100 -29455
VT0.5_3 VT0.5 3 8300 56841 25709 -31132
VT0.5_3 VT0.5 3 8400 51791 26059 -25732
VT0.5_3 VT0.5 3 8500 50814 25023 -25791
VT0.5_3 VT0.5 3 8600 51099 24506 -26593
VT0.5_3 VT0.5 3 8700 53341 25305 -28036
VT0.5_3 VT0.5 3 8800 56892 24999 -31893
VT0.5_3 VT0.5 3 8900 71327 26291 -45036
VT0.5_3 VT0.5 3 9000 60520 23170 -37350
VT0.5_3 VT0.5 3 9100 49309 23911 -25398
VT0.5_3 VT0.5 3 9200 55450 26432 -29018
VT0.5_3 VT0.5 3 9300 49092 26142 -22950
VT0.5_3 VT0.5 3 9400 58016 25124 -32892
VT0.5_3 VT0.5 3 9500 62859 23930 -38929
VT0.5_3 VT0.5 3 9600 58497 24424 -34073
VT0.5_3 VT0.5 3 9700 65962 23979 -41983
VT0.5_3 VT0.5 3 9800 63984 22825 -41159
VT0.5_3 VT0.5 3 9900 59973 24311 -35662
VT0.5_3 VT0.5 3 10000 62081 24699 -37382
VT0.5_4 VT0.5 4 0 0 0 0
VT0.5_4 VT0.5 4 100 377 11730 11353
VT0.5_4 VT0.5 4 200 1064 36945 35881
VT0.5_4 VT0.5 4 300 8149 71962 63813
VT0.5_4 VT0.5 4 400 368486 78160 -290326
VT0.5_4 VT0.5 4 500 684440 36932 -647508
VT0.5_4 VT0.5 4 600 560331 24882 -535449
VT0.5_4 VT0.5 4 700 473571 25966 -447605
VT0.5_4 VT0.5 4 800 415212 30084 -385128
VT0.5_4 VT0.5 4 900 377535 34665 -342870
VT0.5_4 VT0.5 4 1000 284264 34033 -250231
VT0.5_4 VT0.5 4 1100 229751 34358 -195393
VT0.5_4 VT0.5 4 1200 193652 35452 -158200
VT0.5_4 VT0.5 4 1300 146947 42792 -104155
VT0.5_4 VT0.5 4 1400 119119 44633 -74486
VT0.5_4 VT0.5 4 1500 97377 54946 -42431
VT0.5_4 VT0.5 4 1600 102293 46691 -55602
VT0.5_4 VT0.5 4 1700 98368 48681 -49687
VT0.5_4 VT0.5 4 1800 98597 48409 -50188
VT0.5_4 VT0.5 4 1900 97703 47062 -50641
VT0.5_4 VT0.5 4 2000 100074 43624 -56450
VT0.5_4 VT0.5 4 2100 94621 47041 -47580
VT0.5_4 VT0.5 4 2200 82578 47961 -34617
VT0.5_4 VT0.5 4 2300 77485 42086 -35399
VT0.5_4 VT0.5 4 2400 75237 46429 -28808
VT0.5_4 VT0.5 4 2500 83182 52152 -31030
VT0.5_4 VT0.5 4 2600 80769 57117 -23652
VT0.5_4 VT0.5 4 2700 91162 51621 -39541
VT0.5_4 VT0.5 4 2800 95275 48346 -46929
VT0.5_4 VT0.5 4 2900 49217 32521 -16696
VT0.5_4 VT0.5 4 3000 27937 23658 -4279
VT0.5_4 VT0.5 4 3100 25792 21279 -4513
VT0.5_4 VT0.5 4 3200 26819 22099 -4720
VT0.5_4 VT0.5 4 3300 27209 21925 -5284
VT0.5_4 VT0.5 4 3400 25735 20377 -5358
VT0.5_4 VT0.5 4 3500 26967 20086 -6881
VT0.5_4 VT0.5 4 3600 25847 18443 -7404
VT0.5_4 VT0.5 4 3700 26352 18871 -7481
VT0.5_4 VT0.5 4 3800 26742 20796 -5946
VT0.5_4 VT0.5 4 3900 26056 21151 -4905
VT0.5_4 VT0.5 4 4000 25590 20152 -5438
VT0.5_4 VT0.5 4 4100 23965 19537 -4428
VT0.5_4 VT0.5 4 4200 25087 20320 -4767
VT0.5_4 VT0.5 4 4300 25737 20857 -4880
VT0.5_4 VT0.5 4 4400 24281 18855 -5426
VT0.5_4 VT0.5 4 4500 25491 18798 -6693
VT0.5_4 VT0.5 4 4600 25156 18635 -6521
VT0.5_4 VT0.5 4 4700 25152 19824 -5328
VT0.5_4 VT0.5 4 4800 25157 19580 -5577
VT0.5_4 VT0.5 4 4900 27357 21030 -6327
VT0.5_4 VT0.5 4 5000 27078 19835 -7243
VT0.5_4 VT0.5 4 5100 25221 18263 -6958
VT0.5_4 VT0.5 4 5200 25935 18057 -7878
VT0.5_4 VT0.5 4 5300 23841 17352 -6489
VT0.5_4 VT0.5 4 5400 24410 18695 -5715
VT0.5_4 VT0.5 4 5500 24685 17499 -7186
VT0.5_4 VT0.5 4 5600 24231 16604 -7627
VT0.5_4 VT0.5 4 5700 23676 16506 -7170
VT0.5_4 VT0.5 4 5800 23989 18339 -5650
VT0.5_4 VT0.5 4 5900 25394 19302 -6092
VT0.5_4 VT0.5 4 6000 25112 19168 -5944
VT0.5_4 VT0.5 4 6100 24801 17915 -6886
VT0.5_4 VT0.5 4 6200 23728 18335 -5393
VT0.5_4 VT0.5 4 6300 23626 17738 -5888
VT0.5_4 VT0.5 4 6400 25417 19007 -6410
VT0.5_4 VT0.5 4 6500 23625 17876 -5749
VT0.5_4 VT0.5 4 6600 23442 18449 -4993
VT0.5_4 VT0.5 4 6700 24502 19334 -5168
VT0.5_4 VT0.5 4 6800 25174 18539 -6635
VT0.5_4 VT0.5 4 6900 24771 16989 -7782
VT0.5_4 VT0.5 4 7000 25643 17682 -7961
VT0.5_4 VT0.5 4 7100 25911 17660 -8251
VT0.5_4 VT0.5 4 7200 25897 18987 -6910
VT0.5_4 VT0.5 4 7300 25842 18156 -7686
VT0.5_4 VT0.5 4 7400 26375 18782 -7593
VT0.5_4 VT0.5 4 7500 25222 19067 -6155
VT0.5_4 VT0.5 4 7600 24576 17914 -6662
VT0.5_4 VT0.5 4 7700 24331 19031 -5300
VT0.5_4 VT0.5 4 7800 25443 19722 -5721
VT0.5_4 VT0.5 4 7900 26482 20196 -6286
VT0.5_4 VT0.5 4 8000 26171 19665 -6506
VT0.5_4 VT0.5 4 8100 25566 18637 -6929
VT0.5_4 VT0.5 4 8200 23758 18647 -5111
VT0.5_4 VT0.5 4 8300 24042 19108 -4934
VT0.5_4 VT0.5 4 8400 24151 19273 -4878
VT0.5_4 VT0.5 4 8500 24012 19347 -4665
VT0.5_4 VT0.5 4 8600 24246 18994 -5252
VT0.5_4 VT0.5 4 8700 24045 18217 -5828
VT0.5_4 VT0.5 4 8800 24711 18715 -5996
VT0.5_4 VT0.5 4 8900 23446 19206 -4240
VT0.5_4 VT0.5 4 9000 23773 18224 -5549
VT0.5_4 VT0.5 4 9100 25104 18367 -6737
VT0.5_4 VT0.5 4 9200 24551 19704 -4847
VT0.5_4 VT0.5 4 9300 23870 18981 -4889
VT0.5_4 VT0.5 4 9400 22832 16956 -5876
VT0.5_4 VT0.5 4 9500 23108 17418 -5690
VT0.5_4 VT0.5 4 9600 23962 18453 -5509
VT0.5_4 VT0.5 4 9700 24051 18526 -5525
VT0.5_4 VT0.5 4 9800 24592 18454 -6138
VT0.5_4 VT0.5 4 9900 24953 18406 -6547
VT0.5_4 VT0.5 4 10000 23179 19402 -3777
VT0.5_5 VT0.5 5 0 0 0 0
VT0.5_5 VT0.5 5 100 378 11412 11034
VT0.5_5 VT0.5 5 200 1051 35675 34624
VT0.5_5 VT0.5 5 300 2692 58586 55894
VT0.5_5 VT0.5 5 400 280866 84010 -196856
VT0.5_5 VT0.5 5 500 679398 47682 -631716
VT0.5_5 VT0.5 5 600 529802 27510 -502292
VT0.5_5 VT0.5 5 700 380838 25599 -355239
VT0.5_5 VT0.5 5 800 320412 27971 -292441
VT0.5_5 VT0.5 5 900 242386 32055 -210331
VT0.5_5 VT0.5 5 1000 171844 51945 -119899
VT0.5_5 VT0.5 5 1100 134074 77118 -56956
VT0.5_5 VT0.5 5 1200 122970 64075 -58895
VT0.5_5 VT0.5 5 1300 119315 69919 -49396
VT0.5_5 VT0.5 5 1400 98488 67184 -31304
VT0.5_5 VT0.5 5 1500 85555 65121 -20434
VT0.5_5 VT0.5 5 1600 91059 67730 -23329
VT0.5_5 VT0.5 5 1700 89864 61365 -28499
VT0.5_5 VT0.5 5 1800 90942 57723 -33219
VT0.5_5 VT0.5 5 1900 97850 78472 -19378
VT0.5_5 VT0.5 5 2000 79117 71853 -7264
VT0.5_5 VT0.5 5 2100 37320 30765 -6555
VT0.5_5 VT0.5 5 2200 26597 21207 -5390
VT0.5_5 VT0.5 5 2300 25948 21422 -4526
VT0.5_5 VT0.5 5 2400 25881 20550 -5331
VT0.5_5 VT0.5 5 2500 24832 19628 -5204
VT0.5_5 VT0.5 5 2600 26653 20148 -6505
VT0.5_5 VT0.5 5 2700 26128 18941 -7187
VT0.5_5 VT0.5 5 2800 26303 18939 -7364
VT0.5_5 VT0.5 5 2900 24393 19554 -4839
VT0.5_5 VT0.5 5 3000 25070 19941 -5129
VT0.5_5 VT0.5 5 3100 24678 19569 -5109
VT0.5_5 VT0.5 5 3200 24084 19618 -4466
VT0.5_5 VT0.5 5 3300 26143 19762 -6381
VT0.5_5 VT0.5 5 3400 24710 19329 -5381
VT0.5_5 VT0.5 5 3500 26010 19419 -6591
VT0.5_5 VT0.5 5 3600 24862 18935 -5927
VT0.5_5 VT0.5 5 3700 25338 18787 -6551
VT0.5_5 VT0.5 5 3800 24572 18227 -6345
VT0.5_5 VT0.5 5 3900 24894 18071 -6823
VT0.5_5 VT0.5 5 4000 24799 18519 -6280
VT0.5_5 VT0.5 5 4100 24382 18452 -5930
VT0.5_5 VT0.5 5 4200 23499 18395 -5104
VT0.5_5 VT0.5 5 4300 23698 17814 -5884
VT0.5_5 VT0.5 5 4400 23807 18657 -5150
VT0.5_5 VT0.5 5 4500 23869 19146 -4723
VT0.5_5 VT0.5 5 4600 24411 18219 -6192
VT0.5_5 VT0.5 5 4700 25315 18171 -7144
VT0.5_5 VT0.5 5 4800 24380 18767 -5613
VT0.5_5 VT0.5 5 4900 24454 18323 -6131
VT0.5_5 VT0.5 5 5000 25404 17898 -7506
VT0.5_5 VT0.5 5 5100 25088 18071 -7017
VT0.5_5 VT0.5 5 5200 24199 17815 -6384
VT0.5_5 VT0.5 5 5300 23585 18367 -5218
VT0.5_5 VT0.5 5 5400 23305 17202 -6103
VT0.5_5 VT0.5 5 5500 24527 17443 -7084
VT0.5_5 VT0.5 5 5600 23356 17877 -5479
VT0.5_5 VT0.5 5 5700 24534 18310 -6224
VT0.5_5 VT0.5 5 5800 24327 18726 -5601
VT0.5_5 VT0.5 5 5900 22860 17708 -5152
VT0.5_5 VT0.5 5 6000 23591 17560 -6031
VT0.5_5 VT0.5 5 6100 23903 17336 -6567
VT0.5_5 VT0.5 5 6200 22704 16578 -6126
VT0.5_5 VT0.5 5 6300 22847 16984 -5863
VT0.5_5 VT0.5 5 6400 23353 17323 -6030
VT0.5_5 VT0.5 5 6500 22538 17213 -5325
VT0.5_5 VT0.5 5 6600 23853 17543 -6310
VT0.5_5 VT0.5 5 6700 24861 17695 -7166
VT0.5_5 VT0.5 5 6800 24858 16800 -8058
VT0.5_5 VT0.5 5 6900 24693 18062 -6631
VT0.5_5 VT0.5 5 7000 24830 19099 -5731
VT0.5_5 VT0.5 5 7100 24866 19125 -5741
VT0.5_5 VT0.5 5 7200 24304 18481 -5823
VT0.5_5 VT0.5 5 7300 24904 18546 -6358
VT0.5_5 VT0.5 5 7400 25350 18256 -7094
VT0.5_5 VT0.5 5 7500 24861 18349 -6512
VT0.5_5 VT0.5 5 7600 24143 19199 -4944
VT0.5_5 VT0.5 5 7700 23512 19396 -4116
VT0.5_5 VT0.5 5 7800 23460 18337 -5123
VT0.5_5 VT0.5 5 7900 24730 17530 -7200
VT0.5_5 VT0.5 5 8000 24656 17813 -6843
VT0.5_5 VT0.5 5 8100 24005 18943 -5062
VT0.5_5 VT0.5 5 8200 23469 17478 -5991
VT0.5_5 VT0.5 5 8300 23329 17028 -6301
VT0.5_5 VT0.5 5 8400 22385 18324 -4061
VT0.5_5 VT0.5 5 8500 23354 17614 -5740
VT0.5_5 VT0.5 5 8600 25339 17821 -7518
VT0.5_5 VT0.5 5 8700 25811 17566 -8245
VT0.5_5 VT0.5 5 8800 25243 18748 -6495
VT0.5_5 VT0.5 5 8900 24924 18106 -6818
VT0.5_5 VT0.5 5 9000 24707 18487 -6220
VT0.5_5 VT0.5 5 9100 24514 18255 -6259
VT0.5_5 VT0.5 5 9200 23611 17898 -5713
VT0.5_5 VT0.5 5 9300 24561 18788 -5773
VT0.5_5 VT0.5 5 9400 23920 18267 -5653
VT0.5_5 VT0.5 5 9500 25807 19240 -6567
VT0.5_5 VT0.5 5 9600 25531 17725 -7806
VT0.5_5 VT0.5 5 9700 25171 19445 -5726
VT0.5_5 VT0.5 5 9800 24288 17824 -6464
VT0.5_5 VT0.5 5 9900 24610 18037 -6573
VT0.5_5 VT0.5 5 10000 24631 18739 -5892
VT0.5_6 VT0.5 6 0 0 0 0
VT0.5_6 VT0.5 6 100 389 11530 11141
VT0.5_6 VT0.5 6 200 1006 36280 35274
VT0.5_6 VT0.5 6 300 2816 70625 67809
VT0.5_6 VT0.5 6 400 153266 107377 -45889
VT0.5_6 VT0.5 6 500 346904 35445 -311459
VT0.5_6 VT0.5 6 600 346748 25062 -321686
VT0.5_6 VT0.5 6 700 341319 22497 -318822
VT0.5_6 VT0.5 6 800 307423 25195 -282228
VT0.5_6 VT0.5 6 900 255547 26038 -229509
VT0.5_6 VT0.5 6 1000 170097 33617 -136480
VT0.5_6 VT0.5 6 1100 133101 38351 -94750
VT0.5_6 VT0.5 6 1200 107095 34119 -72976
VT0.5_6 VT0.5 6 1300 117798 39140 -78658
VT0.5_6 VT0.5 6 1400 94710 38026 -56684
VT0.5_6 VT0.5 6 1500 96237 31765 -64472
VT0.5_6 VT0.5 6 1600 85029 29981 -55048
VT0.5_6 VT0.5 6 1700 83247 29581 -53666
VT0.5_6 VT0.5 6 1800 91693 35557 -56136
VT0.5_6 VT0.5 6 1900 81304 35625 -45679
VT0.5_6 VT0.5 6 2000 77395 34643 -42752
VT0.5_6 VT0.5 6 2100 83728 34258 -49470
VT0.5_6 VT0.5 6 2200 92259 31275 -60984
VT0.5_6 VT0.5 6 2300 83969 36232 -47737
VT0.5_6 VT0.5 6 2400 61210 27436 -33774
VT0.5_6 VT0.5 6 2500 33847 17573 -16274
VT0.5_6 VT0.5 6 2600 31054 17921 -13133
VT0.5_6 VT0.5 6 2700 29206 18925 -10281
VT0.5_6 VT0.5 6 2800 29163 19336 -9827
VT0.5_6 VT0.5 6 2900 26653 20133 -6520
VT0.5_6 VT0.5 6 3000 26234 20808 -5426
VT0.5_6 VT0.5 6 3100 26969 19902 -7067
VT0.5_6 VT0.5 6 3200 27739 19034 -8705
VT0.5_6 VT0.5 6 3300 24982 17790 -7192
VT0.5_6 VT0.5 6 3400 24317 18754 -5563
VT0.5_6 VT0.5 6 3500 22693 18829 -3864
VT0.5_6 VT0.5 6 3600 23412 18778 -4634
VT0.5_6 VT0.5 6 3700 23468 18483 -4985
VT0.5_6 VT0.5 6 3800 22851 17976 -4875
VT0.5_6 VT0.5 6 3900 24117 18001 -6116
VT0.5_6 VT0.5 6 4000 24737 18337 -6400
VT0.5_6 VT0.5 6 4100 23143 17559 -5584
VT0.5_6 VT0.5 6 4200 23990 16970 -7020
VT0.5_6 VT0.5 6 4300 24066 17054 -7012
VT0.5_6 VT0.5 6 4400 24201 17945 -6256
VT0.5_6 VT0.5 6 4500 23180 18264 -4916
VT0.5_6 VT0.5 6 4600 23325 19046 -4279
VT0.5_6 VT0.5 6 4700 23988 18898 -5090
VT0.5_6 VT0.5 6 4800 23651 18176 -5475
VT0.5_6 VT0.5 6 4900 23875 17097 -6778
VT0.5_6 VT0.5 6 5000 22744 16456 -6288
VT0.5_6 VT0.5 6 5100 22466 17864 -4602
VT0.5_6 VT0.5 6 5200 22925 17464 -5461
VT0.5_6 VT0.5 6 5300 22436 18409 -4027
VT0.5_6 VT0.5 6 5400 23371 17485 -5886
VT0.5_6 VT0.5 6 5500 23082 18333 -4749
VT0.5_6 VT0.5 6 5600 23415 18384 -5031
VT0.5_6 VT0.5 6 5700 23837 17660 -6177
VT0.5_6 VT0.5 6 5800 25045 18377 -6668
VT0.5_6 VT0.5 6 5900 23629 17103 -6526
VT0.5_6 VT0.5 6 6000 24047 17810 -6237
VT0.5_6 VT0.5 6 6100 24803 18126 -6677
VT0.5_6 VT0.5 6 6200 23940 17926 -6014
VT0.5_6 VT0.5 6 6300 24220 18556 -5664
VT0.5_6 VT0.5 6 6400 24220 18270 -5950
VT0.5_6 VT0.5 6 6500 24662 18535 -6127
VT0.5_6 VT0.5 6 6600 23224 17351 -5873
VT0.5_6 VT0.5 6 6700 23034 17739 -5295
VT0.5_6 VT0.5 6 6800 23130 18161 -4969
VT0.5_6 VT0.5 6 6900 23766 17707 -6059
VT0.5_6 VT0.5 6 7000 24215 17612 -6603
VT0.5_6 VT0.5 6 7100 24642 18265 -6377
VT0.5_6 VT0.5 6 7200 23868 19009 -4859
VT0.5_6 VT0.5 6 7300 24231 18283 -5948
VT0.5_6 VT0.5 6 7400 23632 18421 -5211
VT0.5_6 VT0.5 6 7500 23885 17721 -6164
VT0.5_6 VT0.5 6 7600 22760 16856 -5904
VT0.5_6 VT0.5 6 7700 24067 17848 -6219
VT0.5_6 VT0.5 6 7800 23261 17343 -5918
VT0.5_6 VT0.5 6 7900 24070 17816 -6254
VT0.5_6 VT0.5 6 8000 24595 18065 -6530
VT0.5_6 VT0.5 6 8100 25086 19352 -5734
VT0.5_6 VT0.5 6 8200 24549 17845 -6704
VT0.5_6 VT0.5 6 8300 24035 18001 -6034
VT0.5_6 VT0.5 6 8400 24324 17527 -6797
VT0.5_6 VT0.5 6 8500 23043 18064 -4979
VT0.5_6 VT0.5 6 8600 22785 17533 -5252
VT0.5_6 VT0.5 6 8700 24579 17703 -6876
VT0.5_6 VT0.5 6 8800 24807 18944 -5863
VT0.5_6 VT0.5 6 8900 23672 17651 -6021
VT0.5_6 VT0.5 6 9000 23161 16817 -6344
VT0.5_6 VT0.5 6 9100 22392 16314 -6078
VT0.5_6 VT0.5 6 9200 24409 18003 -6406
VT0.5_6 VT0.5 6 9300 23443 18600 -4843
VT0.5_6 VT0.5 6 9400 23333 18415 -4918
VT0.5_6 VT0.5 6 9500 23136 19821 -3315
VT0.5_6 VT0.5 6 9600 23095 19517 -3578
VT0.5_6 VT0.5 6 9700 23469 18864 -4605
VT0.5_6 VT0.5 6 9800 22580 18271 -4309
VT0.5_6 VT0.5 6 9900 23702 17665 -6037
VT0.5_6 VT0.5 6 10000 23145 17413 -5732
VT0.5_7 VT0.5 7 0 0 0 0
VT0.5_7 VT0.5 7 100 400 11337 10937
VT0.5_7 VT0.5 7 200 1073 35733 34660
VT0.5_7 VT0.5 7 300 2104 57320 55216
VT0.5_7 VT0.5 7 400 166533 58582 -107951
VT0.5_7 VT0.5 7 500 594876 33332 -561544
VT0.5_7 VT0.5 7 600 589618 27321 -562297
VT0.5_7 VT0.5 7 700 583351 24692 -558659
VT0.5_7 VT0.5 7 800 566003 25238 -540765
VT0.5_7 VT0.5 7 900 539241 26814 -512427
VT0.5_7 VT0.5 7 1000 507534 30045 -477489
VT0.5_7 VT0.5 7 1100 417605 30564 -387041
VT0.5_7 VT0.5 7 1200 306619 29068 -277551
VT0.5_7 VT0.5 7 1300 205242 31425 -173817
VT0.5_7 VT0.5 7 1400 158293 32356 -125937
VT0.5_7 VT0.5 7 1500 138014 33731 -104283
VT0.5_7 VT0.5 7 1600 119557 36797 -82760
VT0.5_7 VT0.5 7 1700 111992 36771 -75221
VT0.5_7 VT0.5 7 1800 90579 36765 -53814
VT0.5_7 VT0.5 7 1900 89721 35601 -54120
VT0.5_7 VT0.5 7 2000 99444 41262 -58182
VT0.5_7 VT0.5 7 2100 98594 43402 -55192
VT0.5_7 VT0.5 7 2200 87090 48238 -38852
VT0.5_7 VT0.5 7 2300 111198 42995 -68203
VT0.5_7 VT0.5 7 2400 111052 50435 -60617
VT0.5_7 VT0.5 7 2500 104591 57318 -47273
VT0.5_7 VT0.5 7 2600 101859 65040 -36819
VT0.5_7 VT0.5 7 2700 90777 64220 -26557
VT0.5_7 VT0.5 7 2800 80779 64836 -15943
VT0.5_7 VT0.5 7 2900 79803 50634 -29169
VT0.5_7 VT0.5 7 3000 79677 36923 -42754
VT0.5_7 VT0.5 7 3100 85644 35444 -50200
VT0.5_7 VT0.5 7 3200 87305 39279 -48026
VT0.5_7 VT0.5 7 3300 94470 36599 -57871
VT0.5_7 VT0.5 7 3400 78736 32187 -46549
VT0.5_7 VT0.5 7 3500 69089 31311 -37778
VT0.5_7 VT0.5 7 3600 66708 34285 -32423
VT0.5_7 VT0.5 7 3700 66694 32944 -33750
VT0.5_7 VT0.5 7 3800 67832 40588 -27244
VT0.5_7 VT0.5 7 3900 84485 41912 -42573
VT0.5_7 VT0.5 7 4000 89688 39416 -50272
VT0.5_7 VT0.5 7 4100 90802 44697 -46105
VT0.5_7 VT0.5 7 4200 71987 46898 -25089
VT0.5_7 VT0.5 7 4300 79415 46493 -32922
VT0.5_7 VT0.5 7 4400 91171 41628 -49543
VT0.5_7 VT0.5 7 4500 66669 32128 -34541
VT0.5_7 VT0.5 7 4600 65816 33108 -32708
VT0.5_7 VT0.5 7 4700 68046 37051 -30995
VT0.5_7 VT0.5 7 4800 66338 37914 -28424
VT0.5_7 VT0.5 7 4900 64778 39344 -25434
VT0.5_7 VT0.5 7 5000 63227 39429 -23798
VT0.5_7 VT0.5 7 5100 61927 38559 -23368
VT0.5_7 VT0.5 7 5200 64949 49378 -15571
VT0.5_7 VT0.5 7 5300 61348 64061 2713
VT0.5_7 VT0.5 7 5400 65228 57130 -8098
VT0.5_7 VT0.5 7 5500 66840 52566 -14274
VT0.5_7 VT0.5 7 5600 61301 57627 -3674
VT0.5_7 VT0.5 7 5700 57644 47880 -9764
VT0.5_7 VT0.5 7 5800 65717 48577 -17140
VT0.5_7 VT0.5 7 5900 69033 46111 -22922
VT0.5_7 VT0.5 7 6000 69504 46461 -23043
VT0.5_7 VT0.5 7 6100 70175 48245 -21930
VT0.5_7 VT0.5 7 6200 63464 59771 -3693
VT0.5_7 VT0.5 7 6300 57954 72480 14526
VT0.5_7 VT0.5 7 6400 61637 85820 24183
VT0.5_7 VT0.5 7 6500 67091 77270 10179
VT0.5_7 VT0.5 7 6600 66815 58501 -8314
VT0.5_7 VT0.5 7 6700 61133 44676 -16457
VT0.5_7 VT0.5 7 6800 62768 52575 -10193
VT0.5_7 VT0.5 7 6900 65206 53600 -11606
VT0.5_7 VT0.5 7 7000 70477 46597 -23880
VT0.5_7 VT0.5 7 7100 67034 53986 -13048
VT0.5_7 VT0.5 7 7200 58445 59557 1112
VT0.5_7 VT0.5 7 7300 66527 66089 -438
VT0.5_7 VT0.5 7 7400 58905 50032 -8873
VT0.5_7 VT0.5 7 7500 59415 52528 -6887
VT0.5_7 VT0.5 7 7600 59875 65775 5900
VT0.5_7 VT0.5 7 7700 56281 68689 12408
VT0.5_7 VT0.5 7 7800 57708 63094 5386
VT0.5_7 VT0.5 7 7900 59090 77304 18214
VT0.5_7 VT0.5 7 8000 60069 82865 22796
VT0.5_7 VT0.5 7 8100 58561 77844 19283
VT0.5_7 VT0.5 7 8200 55546 65231 9685
VT0.5_7 VT0.5 7 8300 53888 71725 17837
VT0.5_7 VT0.5 7 8400 52115 75130 23015
VT0.5_7 VT0.5 7 8500 52172 76660 24488
VT0.5_7 VT0.5 7 8600 51313 69861 18548
VT0.5_7 VT0.5 7 8700 57180 65886 8706
VT0.5_7 VT0.5 7 8800 58897 66643 7746
VT0.5_7 VT0.5 7 8900 59242 71247 12005
VT0.5_7 VT0.5 7 9000 54252 64985 10733
VT0.5_7 VT0.5 7 9100 63737 58367 -5370
VT0.5_7 VT0.5 7 9200 65116 56036 -9080
VT0.5_7 VT0.5 7 9300 67263 50463 -16800
VT0.5_7 VT0.5 7 9400 66941 56628 -10313
VT0.5_7 VT0.5 7 9500 65623 58246 -7377
VT0.5_7 VT0.5 7 9600 69704 74865 5161
VT0.5_7 VT0.5 7 9700 64086 82636 18550
VT0.5_7 VT0.5 7 9800 67357 69239 1882
VT0.5_7 VT0.5 7 9900 72208 63141 -9067
VT0.5_7 VT0.5 7 10000 57515 56424 -1091
VT0.5_8 VT0.5 8 0 0 0 0
VT0.5_8 VT0.5 8 100 401 11605 11204
VT0.5_8 VT0.5 8 200 1290 36508 35218
VT0.5_8 VT0.5 8 300 5060 58117 53057
VT0.5_8 VT0.5 8 400 380282 66397 -313885
VT0.5_8 VT0.5 8 500 523230 65441 -457789
VT0.5_8 VT0.5 8 600 523916 44710 -479206
VT0.5_8 VT0.5 8 700 438146 25150 -412996
VT0.5_8 VT0.5 8 800 380564 27020 -353544
VT0.5_8 VT0.5 8 900 345403 28354 -317049
VT0.5_8 VT0.5 8 1000 322836 32041 -290795
VT0.5_8 VT0.5 8 1100 244495 30034 -214461
VT0.5_8 VT0.5 8 1200 161581 34731 -126850
VT0.5_8 VT0.5 8 1300 127410 36368 -91042
VT0.5_8 VT0.5 8 1400 118210 38995 -79215
VT0.5_8 VT0.5 8 1500 114447 36866 -77581
VT0.5_8 VT0.5 8 1600 92335 39786 -52549
VT0.5_8 VT0.5 8 1700 82653 45502 -37151
VT0.5_8 VT0.5 8 1800 86882 36874 -50008
VT0.5_8 VT0.5 8 1900 79582 28766 -50816
VT0.5_8 VT0.5 8 2000 71475 30475 -41000
VT0.5_8 VT0.5 8 2100 81405 36733 -44672
VT0.5_8 VT0.5 8 2200 77127 41192 -35935
VT0.5_8 VT0.5 8 2300 68919 39390 -29529
VT0.5_8 VT0.5 8 2400 81511 35631 -45880
VT0.5_8 VT0.5 8 2500 86807 33901 -52906
VT0.5_8 VT0.5 8 2600 81062 34118 -46944
VT0.5_8 VT0.5 8 2700 69612 37240 -32372
VT0.5_8 VT0.5 8 2800 76931 44178 -32753
VT0.5_8 VT0.5 8 2900 78561 48608 -29953
VT0.5_8 VT0.5 8 3000 80715 51318 -29397
VT0.5_8 VT0.5 8 3100 82910 43385 -39525
VT0.5_8 VT0.5 8 3200 73326 49023 -24303
VT0.5_8 VT0.5 8 3300 60363 49501 -10862
VT0.5_8 VT0.5 8 3400 55992 37834 -18158
VT0.5_8 VT0.5 8 3500 33203 24425 -8778
VT0.5_8 VT0.5 8 3600 25430 19991 -5439
VT0.5_8 VT0.5 8 3700 25267 19988 -5279
VT0.5_8 VT0.5 8 3800 25998 20916 -5082
VT0.5_8 VT0.5 8 3900 26080 19799 -6281
VT0.5_8 VT0.5 8 4000 25423 18755 -6668
VT0.5_8 VT0.5 8 4100 24793 19374 -5419
VT0.5_8 VT0.5 8 4200 25089 18234 -6855
VT0.5_8 VT0.5 8 4300 24928 17700 -7228
VT0.5_8 VT0.5 8 4400 24586 19484 -5102
VT0.5_8 VT0.5 8 4500 25870 19708 -6162
VT0.5_8 VT0.5 8 4600 25513 18421 -7092
VT0.5_8 VT0.5 8 4700 24633 17435 -7198
VT0.5_8 VT0.5 8 4800 23216 17374 -5842
VT0.5_8 VT0.5 8 4900 23300 18399 -4901
VT0.5_8 VT0.5 8 5000 24506 18452 -6054
VT0.5_8 VT0.5 8 5100 25185 18023 -7162
VT0.5_8 VT0.5 8 5200 23948 17682 -6266
VT0.5_8 VT0.5 8 5300 23843 17386 -6457
VT0.5_8 VT0.5 8 5400 23289 18318 -4971
VT0.5_8 VT0.5 8 5500 23397 18434 -4963
VT0.5_8 VT0.5 8 5600 22777 18282 -4495
VT0.5_8 VT0.5 8 5700 23359 18675 -4684
VT0.5_8 VT0.5 8 5800 24345 19194 -5151
VT0.5_8 VT0.5 8 5900 22464 19220 -3244
VT0.5_8 VT0.5 8 6000 23426 19548 -3878
VT0.5_8 VT0.5 8 6100 22809 18861 -3948
VT0.5_8 VT0.5 8 6200 23702 18884 -4818
VT0.5_8 VT0.5 8 6300 24703 18349 -6354
VT0.5_8 VT0.5 8 6400 23572 18782 -4790
VT0.5_8 VT0.5 8 6500 23942 17702 -6240
VT0.5_8 VT0.5 8 6600 24903 17131 -7772
VT0.5_8 VT0.5 8 6700 25003 17757 -7246
VT0.5_8 VT0.5 8 6800 24530 18802 -5728
VT0.5_8 VT0.5 8 6900 25182 18392 -6790
VT0.5_8 VT0.5 8 7000 24267 17836 -6431
VT0.5_8 VT0.5 8 7100 22917 17510 -5407
VT0.5_8 VT0.5 8 7200 23216 19026 -4190
VT0.5_8 VT0.5 8 7300 24490 16740 -7750
VT0.5_8 VT0.5 8 7400 23316 16853 -6463
VT0.5_8 VT0.5 8 7500 24215 16886 -7329
VT0.5_8 VT0.5 8 7600 23020 16755 -6265
VT0.5_8 VT0.5 8 7700 24287 17119 -7168
VT0.5_8 VT0.5 8 7800 23869 18625 -5244
VT0.5_8 VT0.5 8 7900 22954 17566 -5388
VT0.5_8 VT0.5 8 8000 23126 18058 -5068
VT0.5_8 VT0.5 8 8100 23719 18641 -5078
VT0.5_8 VT0.5 8 8200 24756 18083 -6673
VT0.5_8 VT0.5 8 8300 24459 18819 -5640
VT0.5_8 VT0.5 8 8400 25071 19436 -5635
VT0.5_8 VT0.5 8 8500 24428 18851 -5577
VT0.5_8 VT0.5 8 8600 25233 19532 -5701
VT0.5_8 VT0.5 8 8700 24998 18555 -6443
VT0.5_8 VT0.5 8 8800 24509 18850 -5659
VT0.5_8 VT0.5 8 8900 25412 19071 -6341
VT0.5_8 VT0.5 8 9000 23631 18264 -5367
VT0.5_8 VT0.5 8 9100 23718 17103 -6615
VT0.5_8 VT0.5 8 9200 22576 17966 -4610
VT0.5_8 VT0.5 8 9300 23240 17704 -5536
VT0.5_8 VT0.5 8 9400 23226 17453 -5773
VT0.5_8 VT0.5 8 9500 23256 17461 -5795
VT0.5_8 VT0.5 8 9600 22644 18144 -4500
VT0.5_8 VT0.5 8 9700 23234 18661 -4573
VT0.5_8 VT0.5 8 9800 23354 16497 -6857
VT0.5_8 VT0.5 8 9900 23463 16964 -6499
VT0.5_8 VT0.5 8 10000 23611 18153 -5458
VT0.5_9 VT0.5 9 0 0 0 0
VT0.5_9 VT0.5 9 100 438 11513 11075
VT0.5_9 VT0.5 9 200 83382 37977 -45405
VT0.5_9 VT0.5 9 300 444635 36679 -407956
VT0.5_9 VT0.5 9 400 488464 31605 -456859
VT0.5_9 VT0.5 9 500 423721 26857 -396864
VT0.5_9 VT0.5 9 600 362376 25073 -337303
VT0.5_9 VT0.5 9 700 316024 23568 -292456
VT0.5_9 VT0.5 9 800 222311 24307 -198004
VT0.5_9 VT0.5 9 900 158794 25584 -133210
VT0.5_9 VT0.5 9 1000 102187 26295 -75892
VT0.5_9 VT0.5 9 1100 91494 36219 -55275
VT0.5_9 VT0.5 9 1200 108575 35340 -73235
VT0.5_9 VT0.5 9 1300 115461 38991 -76470
VT0.5_9 VT0.5 9 1400 103062 36786 -66276
VT0.5_9 VT0.5 9 1500 85884 36654 -49230
VT0.5_9 VT0.5 9 1600 99663 40914 -58749
VT0.5_9 VT0.5 9 1700 96178 42136 -54042
VT0.5_9 VT0.5 9 1800 99256 49276 -49980
VT0.5_9 VT0.5 9 1900 83048 58456 -24592
VT0.5_9 VT0.5 9 2000 66485 68979 2494
VT0.5_9 VT0.5 9 2100 81896 49861 -32035
VT0.5_9 VT0.5 9 2200 77234 54495 -22739
VT0.5_9 VT0.5 9 2300 77654 62808 -14846
VT0.5_9 VT0.5 9 2400 68396 60346 -8050
VT0.5_9 VT0.5 9 2500 69984 38805 -31179
VT0.5_9 VT0.5 9 2600 66653 42964 -23689
VT0.5_9 VT0.5 9 2700 88890 50071 -38819
VT0.5_9 VT0.5 9 2800 91812 63665 -28147
VT0.5_9 VT0.5 9 2900 87170 58068 -29102
VT0.5_9 VT0.5 9 3000 86045 65700 -20345
VT0.5_9 VT0.5 9 3100 87494 73037 -14457
VT0.5_9 VT0.5 9 3200 84488 67220 -17268
VT0.5_9 VT0.5 9 3300 76712 53301 -23411
VT0.5_9 VT0.5 9 3400 66069 62346 -3723
VT0.5_9 VT0.5 9 3500 81578 57150 -24428
VT0.5_9 VT0.5 9 3600 77744 64353 -13391
VT0.5_9 VT0.5 9 3700 89462 76277 -13185
VT0.5_9 VT0.5 9 3800 72054 57893 -14161
VT0.5_9 VT0.5 9 3900 73931 58753 -15178
VT0.5_9 VT0.5 9 4000 68811 58768 -10043
VT0.5_9 VT0.5 9 4100 65478 61908 -3570
VT0.5_9 VT0.5 9 4200 64358 69680 5322
VT0.5_9 VT0.5 9 4300 60733 73596 12863
VT0.5_9 VT0.5 9 4400 62496 72095 9599
VT0.5_9 VT0.5 9 4500 65677 76637 10960
VT0.5_9 VT0.5 9 4600 69401 62624 -6777
VT0.5_9 VT0.5 9 4700 63931 68987 5056
VT0.5_9 VT0.5 9 4800 66419 64414 -2005
VT0.5_9 VT0.5 9 4900 68261 67631 -630
VT0.5_9 VT0.5 9 5000 68213 65366 -2847
VT0.5_9 VT0.5 9 5100 71018 63893 -7125
VT0.5_9 VT0.5 9 5200 66834 76764 9930
VT0.5_9 VT0.5 9 5300 72919 87867 14948
VT0.5_9 VT0.5 9 5400 68614 88388 19774
VT0.5_9 VT0.5 9 5500 70132 71538 1406
VT0.5_9 VT0.5 9 5600 78782 70170 -8612
VT0.5_9 VT0.5 9 5700 69286 81561 12275
VT0.5_9 VT0.5 9 5800 68471 73683 5212
VT0.5_9 VT0.5 9 5900 78346 60572 -17774
VT0.5_9 VT0.5 9 6000 90498 62022 -28476
VT0.5_9 VT0.5 9 6100 81116 59014 -22102
VT0.5_9 VT0.5 9 6200 70074 54833 -15241
VT0.5_9 VT0.5 9 6300 72891 62135 -10756
VT0.5_9 VT0.5 9 6400 75454 67275 -8179
VT0.5_9 VT0.5 9 6500 86912 55775 -31137
VT0.5_9 VT0.5 9 6600 75783 57553 -18230
VT0.5_9 VT0.5 9 6700 76113 50776 -25337
VT0.5_9 VT0.5 9 6800 76373 53267 -23106
VT0.5_9 VT0.5 9 6900 79027 64890 -14137
VT0.5_9 VT0.5 9 7000 86983 79473 -7510
VT0.5_9 VT0.5 9 7100 79794 99879 20085
VT0.5_9 VT0.5 9 7200 80233 77653 -2580
VT0.5_9 VT0.5 9 7300 81066 78978 -2088
VT0.5_9 VT0.5 9 7400 75360 72965 -2395
VT0.5_9 VT0.5 9 7500 83997 62551 -21446
VT0.5_9 VT0.5 9 7600 81451 46505 -34946
VT0.5_9 VT0.5 9 7700 77005 51832 -25173
VT0.5_9 VT0.5 9 7800 85960 77544 -8416
VT0.5_9 VT0.5 9 7900 81956 91840 9884
VT0.5_9 VT0.5 9 8000 80232 92154 11922
VT0.5_9 VT0.5 9 8100 79547 80506 959
VT0.5_9 VT0.5 9 8200 78955 78252 -703
VT0.5_9 VT0.5 9 8300 66535 70051 3516
VT0.5_9 VT0.5 9 8400 90695 55012 -35683
VT0.5_9 VT0.5 9 8500 77898 64254 -13644
VT0.5_9 VT0.5 9 8600 78309 80044 1735
VT0.5_9 VT0.5 9 8700 64634 78426 13792
VT0.5_9 VT0.5 9 8800 63026 76383 13357
VT0.5_9 VT0.5 9 8900 65975 70850 4875
VT0.5_9 VT0.5 9 9000 62928 68073 5145
VT0.5_9 VT0.5 9 9100 69535 76087 6552
VT0.5_9 VT0.5 9 9200 70888 84698 13810
VT0.5_9 VT0.5 9 9300 77038 71825 -5213
VT0.5_9 VT0.5 9 9400 74246 64984 -9262
VT0.5_9 VT0.5 9 9500 72462 72475 13
VT0.5_9 VT0.5 9 9600 72172 70871 -1301
VT0.5_9 VT0.5 9 9700 72280 82136 9856
VT0.5_9 VT0.5 9 9800 68823 71979 3156
VT0.5_9 VT0.5 9 9900 72191 75206 3015
VT0.5_9 VT0.5 9 10000 67038 85080 18042
VT0.5_10 VT0.5 10 0 0 0 0
VT0.5_10 VT0.5 10 100 427 11381 10954
VT0.5_10 VT0.5 10 200 1181 37454 36273
VT0.5_10 VT0.5 10 300 13834 167937 154103
VT0.5_10 VT0.5 10 400 282119 238805 -43314
VT0.5_10 VT0.5 10 500 542605 40024 -502581
VT0.5_10 VT0.5 10 600 451092 25027 -426065
VT0.5_10 VT0.5 10 700 316660 22739 -293921
VT0.5_10 VT0.5 10 800 193310 21161 -172149
VT0.5_10 VT0.5 10 900 130291 23581 -106710
VT0.5_10 VT0.5 10 1000 121397 25574 -95823
VT0.5_10 VT0.5 10 1100 113771 26558 -87213
VT0.5_10 VT0.5 10 1200 114151 26435 -87716
VT0.5_10 VT0.5 10 1300 93082 25184 -67898
VT0.5_10 VT0.5 10 1400 81054 26403 -54651
VT0.5_10 VT0.5 10 1500 87847 27624 -60223
VT0.5_10 VT0.5 10 1600 76585 26776 -49809
VT0.5_10 VT0.5 10 1700 72551 27737 -44814
VT0.5_10 VT0.5 10 1800 76015 27534 -48481
VT0.5_10 VT0.5 10 1900 79593 26310 -53283
VT0.5_10 VT0.5 10 2000 70090 26328 -43762
VT0.5_10 VT0.5 10 2100 79579 25441 -54138
VT0.5_10 VT0.5 10 2200 78674 25118 -53556
VT0.5_10 VT0.5 10 2300 81691 24764 -56927
VT0.5_10 VT0.5 10 2400 82947 25619 -57328
VT0.5_10 VT0.5 10 2500 96118 27017 -69101
VT0.5_10 VT0.5 10 2600 109191 24499 -84692
VT0.5_10 VT0.5 10 2700 90101 24262 -65839
VT0.5_10 VT0.5 10 2800 95831 25403 -70428
VT0.5_10 VT0.5 10 2900 69144 24964 -44180
VT0.5_10 VT0.5 10 3000 68436 25217 -43219
VT0.5_10 VT0.5 10 3100 56816 25998 -30818
VT0.5_10 VT0.5 10 3200 60948 26240 -34708
VT0.5_10 VT0.5 10 3300 62103 25193 -36910
VT0.5_10 VT0.5 10 3400 60374 23459 -36915
VT0.5_10 VT0.5 10 3500 61437 24952 -36485
VT0.5_10 VT0.5 10 3600 73633 25208 -48425
VT0.5_10 VT0.5 10 3700 63126 25754 -37372
VT0.5_10 VT0.5 10 3800 66729 25517 -41212
VT0.5_10 VT0.5 10 3900 62641 25041 -37600
VT0.5_10 VT0.5 10 4000 62989 25695 -37294
VT0.5_10 VT0.5 10 4100 61464 25861 -35603
VT0.5_10 VT0.5 10 4200 67137 24944 -42193
VT0.5_10 VT0.5 10 4300 61374 25120 -36254
VT0.5_10 VT0.5 10 4400 60489 23000 -37489
VT0.5_10 VT0.5 10 4500 59034 23685 -35349
VT0.5_10 VT0.5 10 4600 61675 24971 -36704
VT0.5_10 VT0.5 10 4700 61998 23210 -38788
VT0.5_10 VT0.5 10 4800 58195 23522 -34673
VT0.5_10 VT0.5 10 4900 66490 24685 -41805
VT0.5_10 VT0.5 10 5000 61013 25555 -35458
VT0.5_10 VT0.5 10 5100 57981 25018 -32963
VT0.5_10 VT0.5 10 5200 58758 25432 -33326
VT0.5_10 VT0.5 10 5300 63047 24143 -38904
VT0.5_10 VT0.5 10 5400 59314 24962 -34352
VT0.5_10 VT0.5 10 5500 59213 24461 -34752
VT0.5_10 VT0.5 10 5600 54466 26794 -27672
VT0.5_10 VT0.5 10 5700 62042 24669 -37373
VT0.5_10 VT0.5 10 5800 53902 24288 -29614
VT0.5_10 VT0.5 10 5900 55310 23998 -31312
VT0.5_10 VT0.5 10 6000 58721 23837 -34884
VT0.5_10 VT0.5 10 6100 55432 23065 -32367
VT0.5_10 VT0.5 10 6200 62978 24874 -38104
VT0.5_10 VT0.5 10 6300 51956 26481 -25475
VT0.5_10 VT0.5 10 6400 61374 25538 -35836
VT0.5_10 VT0.5 10 6500 63079 26207 -36872
VT0.5_10 VT0.5 10 6600 59259 26821 -32438
VT0.5_10 VT0.5 10 6700 53049 26154 -26895
VT0.5_10 VT0.5 10 6800 58370 25895 -32475
VT0.5_10 VT0.5 10 6900 52804 24229 -28575
VT0.5_10 VT0.5 10 7000 56662 25673 -30989
VT0.5_10 VT0.5 10 7100 56854 26765 -30089
VT0.5_10 VT0.5 10 7200 56893 25128 -31765
VT0.5_10 VT0.5 10 7300 54957 25114 -29843
VT0.5_10 VT0.5 10 7400 56820 24319 -32501
VT0.5_10 VT0.5 10 7500 61659 23611 -38048
VT0.5_10 VT0.5 10 7600 63789 24882 -38907
VT0.5_10 VT0.5 10 7700 66455 23056 -43399
VT0.5_10 VT0.5 10 7800 56538 22228 -34310
VT0.5_10 VT0.5 10 7900 51294 21905 -29389
VT0.5_10 VT0.5 10 8000 57819 23522 -34297
VT0.5_10 VT0.5 10 8100 60018 24188 -35830
VT0.5_10 VT0.5 10 8200 65328 23924 -41404
VT0.5_10 VT0.5 10 8300 60506 21726 -38780
VT0.5_10 VT0.5 10 8400 49507 23791 -25716
VT0.5_10 VT0.5 10 8500 58203 25706 -32497
VT0.5_10 VT0.5 10 8600 56940 25114 -31826
VT0.5_10 VT0.5 10 8700 62103 23344 -38759
VT0.5_10 VT0.5 10 8800 58780 23911 -34869
VT0.5_10 VT0.5 10 8900 59206 24957 -34249
VT0.5_10 VT0.5 10 9000 55515 22347 -33168
VT0.5_10 VT0.5 10 9100 60505 24465 -36040
VT0.5_10 VT0.5 10 9200 58727 24125 -34602
VT0.5_10 VT0.5 10 9300 51299 24131 -27168
VT0.5_10 VT0.5 10 9400 51384 23627 -27757
VT0.5_10 VT0.5 10 9500 50374 22821 -27553
VT0.5_10 VT0.5 10 9600 51759 24028 -27731
VT0.5_10 VT0.5 10 9700 56840 23606 -33234
VT0.5_10 VT0.5 10 9800 55545 25178 -30367
VT0.5_10 VT0.5 10 9900 62762 24763 -37999
VT0.5_10 VT0.5 10 10000 54289 24347 -29942
VT0.75_1 VT0.75 1 0 0 0 0
VT0.75_1 VT0.75 1 100 427 12424 11997
VT0.75_1 VT0.75 1 200 1206 41138 39932
VT0.75_1 VT0.75 1 300 34589 78532 43943
VT0.75_1 VT0.75 1 400 122538 68221 -54317
VT0.75_1 VT0.75 1 500 270930 54066 -216864
VT0.75_1 VT0.75 1 600 442521 39248 -403273
VT0.75_1 VT0.75 1 700 188897 32911 -155986
VT0.75_1 VT0.75 1 800 127594 43305 -84289
VT0.75_1 VT0.75 1 900 99640 65412 -34228
VT0.75_1 VT0.75 1 1000 89386 80326 -9060
VT0.75_1 VT0.75 1 1100 88652 127059 38407
VT0.75_1 VT0.75 1 1200 72432 168599 96167
VT0.75_1 VT0.75 1 1300 79889 175357 95468
VT0.75_1 VT0.75 1 1400 78524 184300 105776
VT0.75_1 VT0.75 1 1500 77354 201335 123981
VT0.75_1 VT0.75 1 1600 85339 204139 118800
VT0.75_1 VT0.75 1 1700 81604 203820 122216
VT0.75_1 VT0.75 1 1800 81855 206430 124575
VT0.75_1 VT0.75 1 1900 70322 206437 136115
VT0.75_1 VT0.75 1 2000 72023 195223 123200
VT0.75_1 VT0.75 1 2100 79147 192563 113416
VT0.75_1 VT0.75 1 2200 74616 211899 137283
VT0.75_1 VT0.75 1 2300 78538 198314 119776
VT0.75_1 VT0.75 1 2400 82171 159394 77223
VT0.75_1 VT0.75 1 2500 89977 153004 63027
VT0.75_1 VT0.75 1 2600 90325 157712 67387
VT0.75_1 VT0.75 1 2700 60060 103631 43571
VT0.75_1 VT0.75 1 2800 39243 51165 11922
VT0.75_1 VT0.75 1 2900 31189 27119 -4070
VT0.75_1 VT0.75 1 3000 31354 23932 -7422
VT0.75_1 VT0.75 1 3100 31086 22494 -8592
VT0.75_1 VT0.75 1 3200 29746 23299 -6447
VT0.75_1 VT0.75 1 3300 27482 21513 -5969
VT0.75_1 VT0.75 1 3400 27994 20806 -7188
VT0.75_1 VT0.75 1 3500 27251 22267 -4984
VT0.75_1 VT0.75 1 3600 28009 23467 -4542
VT0.75_1 VT0.75 1 3700 26456 24280 -2176
VT0.75_1 VT0.75 1 3800 27604 24792 -2812
VT0.75_1 VT0.75 1 3900 29329 24590 -4739
VT0.75_1 VT0.75 1 4000 29210 22755 -6455
VT0.75_1 VT0.75 1 4100 30029 22218 -7811
VT0.75_1 VT0.75 1 4200 29850 22088 -7762
VT0.75_1 VT0.75 1 4300 29215 22412 -6803
VT0.75_1 VT0.75 1 4400 29017 21387 -7630
VT0.75_1 VT0.75 1 4500 28341 20663 -7678
VT0.75_1 VT0.75 1 4600 28059 22354 -5705
VT0.75_1 VT0.75 1 4700 28911 21751 -7160
VT0.75_1 VT0.75 1 4800 29427 22317 -7110
VT0.75_1 VT0.75 1 4900 28844 21258 -7586
VT0.75_1 VT0.75 1 5000 28160 20872 -7288
VT0.75_1 VT0.75 1 5100 27954 21986 -5968
VT0.75_1 VT0.75 1 5200 27844 21707 -6137
VT0.75_1 VT0.75 1 5300 26888 21886 -5002
VT0.75_1 VT0.75 1 5400 27091 22369 -4722
VT0.75_1 VT0.75 1 5500 28332 21637 -6695
VT0.75_1 VT0.75 1 5600 29394 22474 -6920
VT0.75_1 VT0.75 1 5700 29475 24353 -5122
VT0.75_1 VT0.75 1 5800 27872 23168 -4704
VT0.75_1 VT0.75 1 5900 28214 21894 -6320
VT0.75_1 VT0.75 1 6000 27236 20712 -6524
VT0.75_1 VT0.75 1 6100 27072 21059 -6013
VT0.75_1 VT0.75 1 6200 27490 22150 -5340
VT0.75_1 VT0.75 1 6300 27911 21703 -6208
VT0.75_1 VT0.75 1 6400 27982 21050 -6932
VT0.75_1 VT0.75 1 6500 27896 21005 -6891
VT0.75_1 VT0.75 1 6600 29687 21222 -8465
VT0.75_1 VT0.75 1 6700 28884 21776 -7108
VT0.75_1 VT0.75 1 6800 30157 22474 -7683
VT0.75_1 VT0.75 1 6900 27896 22233 -5663
VT0.75_1 VT0.75 1 7000 27501 21179 -6322
VT0.75_1 VT0.75 1 7100 28257 22073 -6184
VT0.75_1 VT0.75 1 7200 28006 23006 -5000
VT0.75_1 VT0.75 1 7300 28253 23172 -5081
VT0.75_1 VT0.75 1 7400 26784 22564 -4220
VT0.75_1 VT0.75 1 7500 27859 22092 -5767
VT0.75_1 VT0.75 1 7600 27889 21090 -6799
VT0.75_1 VT0.75 1 7700 29064 20759 -8305
VT0.75_1 VT0.75 1 7800 28091 22761 -5330
VT0.75_1 VT0.75 1 7900 28510 24066 -4444
VT0.75_1 VT0.75 1 8000 27541 22167 -5374
VT0.75_1 VT0.75 1 8100 28782 22526 -6256
VT0.75_1 VT0.75 1 8200 28468 22196 -6272
VT0.75_1 VT0.75 1 8300 27710 22163 -5547
VT0.75_1 VT0.75 1 8400 27565 22133 -5432
VT0.75_1 VT0.75 1 8500 29489 22116 -7373
VT0.75_1 VT0.75 1 8600 29750 21788 -7962
VT0.75_1 VT0.75 1 8700 27993 21921 -6072
VT0.75_1 VT0.75 1 8800 26884 20395 -6489
VT0.75_1 VT0.75 1 8900 27546 20453 -7093
VT0.75_1 VT0.75 1 9000 26727 20541 -6186
VT0.75_1 VT0.75 1 9100 27155 22044 -5111
VT0.75_1 VT0.75 1 9200 26503 22476 -4027
VT0.75_1 VT0.75 1 9300 27398 21638 -5760
VT0.75_1 VT0.75 1 9400 27527 20783 -6744
VT0.75_1 VT0.75 1 9500 28944 21420 -7524
VT0.75_1 VT0.75 1 9600 27149 21651 -5498
VT0.75_1 VT0.75 1 9700 28567 21967 -6600
VT0.75_1 VT0.75 1 9800 30194 22069 -8125
VT0.75_1 VT0.75 1 9900 28276 22627 -5649
VT0.75_1 VT0.75 1 10000 27631 23513 -4118
VT0.75_2 VT0.75 2 0 0 0 0
VT0.75_2 VT0.75 2 100 405 12389 11984
VT0.75_2 VT0.75 2 200 2004 42526 40522
VT0.75_2 VT0.75 2 300 207544 50246 -157298
VT0.75_2 VT0.75 2 400 446367 33217 -413150
VT0.75_2 VT0.75 2 500 332631 25189 -307442
VT0.75_2 VT0.75 2 600 307501 23570 -283931
VT0.75_2 VT0.75 2 700 281103 23335 -257768
VT0.75_2 VT0.75 2 800 248632 25874 -222758
VT0.75_2 VT0.75 2 900 178089 26984 -151105
VT0.75_2 VT0.75 2 1000 134313 26045 -108268
VT0.75_2 VT0.75 2 1100 95489 28682 -66807
VT0.75_2 VT0.75 2 1200 74876 30439 -44437
VT0.75_2 VT0.75 2 1300 67603 30140 -37463
VT0.75_2 VT0.75 2 1400 70679 30160 -40519
VT0.75_2 VT0.75 2 1500 80089 30211 -49878
VT0.75_2 VT0.75 2 1600 72534 31500 -41034
VT0.75_2 VT0.75 2 1700 75643 32055 -43588
VT0.75_2 VT0.75 2 1800 80766 31810 -48956
VT0.75_2 VT0.75 2 1900 82888 29598 -53290
VT0.75_2 VT0.75 2 2000 66955 32587 -34368
VT0.75_2 VT0.75 2 2100 75476 30587 -44889
VT0.75_2 VT0.75 2 2200 73484 29091 -44393
VT0.75_2 VT0.75 2 2300 69086 30959 -38127
VT0.75_2 VT0.75 2 2400 72902 29970 -42932
VT0.75_2 VT0.75 2 2500 74722 31786 -42936
VT0.75_2 VT0.75 2 2600 79113 29474 -49639
VT0.75_2 VT0.75 2 2700 85974 30624 -55350
VT0.75_2 VT0.75 2 2800 77026 29811 -47215
VT0.75_2 VT0.75 2 2900 77399 29481 -47918
VT0.75_2 VT0.75 2 3000 79310 30715 -48595
VT0.75_2 VT0.75 2 3100 74475 30431 -44044
VT0.75_2 VT0.75 2 3200 72021 29652 -42369
VT0.75_2 VT0.75 2 3300 71509 29750 -41759
VT0.75_2 VT0.75 2 3400 74935 29447 -45488
VT0.75_2 VT0.75 2 3500 68577 28283 -40294
VT0.75_2 VT0.75 2 3600 65359 27646 -37713
VT0.75_2 VT0.75 2 3700 71205 28046 -43159
VT0.75_2 VT0.75 2 3800 66375 29942 -36433
VT0.75_2 VT0.75 2 3900 66383 29566 -36817
VT0.75_2 VT0.75 2 4000 71202 29917 -41285
VT0.75_2 VT0.75 2 4100 64507 28992 -35515
VT0.75_2 VT0.75 2 4200 67502 29804 -37698
VT0.75_2 VT0.75 2 4300 73905 29678 -44227
VT0.75_2 VT0.75 2 4400 59270 32814 -26456
VT0.75_2 VT0.75 2 4500 59973 28458 -31515
VT0.75_2 VT0.75 2 4600 59728 26555 -33173
VT0.75_2 VT0.75 2 4700 65093 28810 -36283
VT0.75_2 VT0.75 2 4800 63692 26458 -37234
VT0.75_2 VT0.75 2 4900 61421 27496 -33925
VT0.75_2 VT0.75 2 5000 64140 28016 -36124
VT0.75_2 VT0.75 2 5100 60093 28078 -32015
VT0.75_2 VT0.75 2 5200 57244 27753 -29491
VT0.75_2 VT0.75 2 5300 58754 29011 -29743
VT0.75_2 VT0.75 2 5400 54756 30332 -24424
VT0.75_2 VT0.75 2 5500 62549 29900 -32649
VT0.75_2 VT0.75 2 5600 61199 30539 -30660
VT0.75_2 VT0.75 2 5700 58502 31459 -27043
VT0.75_2 VT0.75 2 5800 59406 31044 -28362
VT0.75_2 VT0.75 2 5900 60154 30483 -29671
VT0.75_2 VT0.75 2 6000 52032 28254 -23778
VT0.75_2 VT0.75 2 6100 55850 28575 -27275
VT0.75_2 VT0.75 2 6200 65974 29237 -36737
VT0.75_2 VT0.75 2 6300 54867 27107 -27760
VT0.75_2 VT0.75 2 6400 57480 28508 -28972
VT0.75_2 VT0.75 2 6500 54988 29446 -25542
VT0.75_2 VT0.75 2 6600 59754 30138 -29616
VT0.75_2 VT0.75 2 6700 61480 30547 -30933
VT0.75_2 VT0.75 2 6800 54798 29034 -25764
VT0.75_2 VT0.75 2 6900 55898 28125 -27773
VT0.75_2 VT0.75 2 7000 53246 28425 -24821
VT0.75_2 VT0.75 2 7100 54912 27662 -27250
VT0.75_2 VT0.75 2 7200 58618 28982 -29636
VT0.75_2 VT0.75 2 7300 56779 30206 -26573
VT0.75_2 VT0.75 2 7400 58417 28596 -29821
VT0.75_2 VT0.75 2 7500 64573 27394 -37179
VT0.75_2 VT0.75 2 7600 65088 29528 -35560
VT0.75_2 VT0.75 2 7700 56192 30087 -26105
VT0.75_2 VT0.75 2 7800 54958 28069 -26889
VT0.75_2 VT0.75 2 7900 52888 28341 -24547
VT0.75_2 VT0.75 2 8000 57032 29004 -28028
VT0.75_2 VT0.75 2 8100 61067 30584 -30483
VT0.75_2 VT0.75 2 8200 59923 28064 -31859
VT0.75_2 VT0.75 2 8300 57761 27816 -29945
VT0.75_2 VT0.75 2 8400 51260 26919 -24341
VT0.75_2 VT0.75 2 8500 53304 29105 -24199
VT0.75_2 VT0.75 2 8600 64274 30523 -33751
VT0.75_2 VT0.75 2 8700 51929 27396 -24533
VT0.75_2 VT0.75 2 8800 54692 26777 -27915
VT0.75_2 VT0.75 2 8900 53724 27765 -25959
VT0.75_2 VT0.75 2 9000 50887 25803 -25084
VT0.75_2 VT0.75 2 9100 55104 27616 -27488
VT0.75_2 VT0.75 2 9200 56092 30863 -25229
VT0.75_2 VT0.75 2 9300 52718 27858 -24860
VT0.75_2 VT0.75 2 9400 46732 27682 -19050
VT0.75_2 VT0.75 2 9500 52232 27563 -24669
VT0.75_2 VT0.75 2 9600 55348 30747 -24601
VT0.75_2 VT0.75 2 9700 55998 28946 -27052
VT0.75_2 VT0.75 2 9800 53912 29387 -24525
VT0.75_2 VT0.75 2 9900 48406 28092 -20314
VT0.75_2 VT0.75 2 10000 53946 27222 -26724
VT0.75_3 VT0.75 3 0 0 0 0
VT0.75_3 VT0.75 3 100 452 12400 11948
VT0.75_3 VT0.75 3 200 1167 40982 39815
VT0.75_3 VT0.75 3 300 9083 62690 53607
VT0.75_3 VT0.75 3 400 65990 61069 -4921
VT0.75_3 VT0.75 3 500 173131 43285 -129846
VT0.75_3 VT0.75 3 600 167718 26669 -141049
VT0.75_3 VT0.75 3 700 98857 21296 -77561
VT0.75_3 VT0.75 3 800 94153 21601 -72552
VT0.75_3 VT0.75 3 900 79967 22871 -57096
VT0.75_3 VT0.75 3 1000 78756 25535 -53221
VT0.75_3 VT0.75 3 1100 75501 28147 -47354
VT0.75_3 VT0.75 3 1200 73136 28224 -44912
VT0.75_3 VT0.75 3 1300 78872 29197 -49675
VT0.75_3 VT0.75 3 1400 71710 29740 -41970
VT0.75_3 VT0.75 3 1500 72969 29196 -43773
VT0.75_3 VT0.75 3 1600 69795 27380 -42415
VT0.75_3 VT0.75 3 1700 72957 30231 -42726
VT0.75_3 VT0.75 3 1800 77001 32680 -44321
VT0.75_3 VT0.75 3 1900 71592 30583 -41009
VT0.75_3 VT0.75 3 2000 74489 30736 -43753
VT0.75_3 VT0.75 3 2100 75199 30969 -44230
VT0.75_3 VT0.75 3 2200 75038 30258 -44780
VT0.75_3 VT0.75 3 2300 74694 30110 -44584
VT0.75_3 VT0.75 3 2400 68442 30293 -38149
VT0.75_3 VT0.75 3 2500 65001 31827 -33174
VT0.75_3 VT0.75 3 2600 77663 31757 -45906
VT0.75_3 VT0.75 3 2700 66667 30308 -36359
VT0.75_3 VT0.75 3 2800 64518 30096 -34422
VT0.75_3 VT0.75 3 2900 64675 29457 -35218
VT0.75_3 VT0.75 3 3000 58842 29809 -29033
VT0.75_3 VT0.75 3 3100 61927 31265 -30662
VT0.75_3 VT0.75 3 3200 58279 31047 -27232
VT0.75_3 VT0.75 3 3300 64474 29098 -35376
VT0.75_3 VT0.75 3 3400 60929 27040 -33889
VT0.75_3 VT0.75 3 3500 62015 29467 -32548
VT0.75_3 VT0.75 3 3600 58080 29792 -28288
VT0.75_3 VT0.75 3 3700 62174 28370 -33804
VT0.75_3 VT0.75 3 3800 58218 30204 -28014
VT0.75_3 VT0.75 3 3900 63551 28468 -35083
VT0.75_3 VT0.75 3 4000 61885 29449 -32436
VT0.75_3 VT0.75 3 4100 64443 30246 -34197
VT0.75_3 VT0.75 3 4200 59399 30288 -29111
VT0.75_3 VT0.75 3 4300 57999 30930 -27069
VT0.75_3 VT0.75 3 4400 61556 31216 -30340
VT0.75_3 VT0.75 3 4500 57610 31399 -26211
VT0.75_3 VT0.75 3 4600 59439 31077 -28362
VT0.75_3 VT0.75 3 4700 55500 30970 -24530
VT0.75_3 VT0.75 3 4800 58140 30673 -27467
VT0.75_3 VT0.75 3 4900 64700 28427 -36273
VT0.75_3 VT0.75 3 5000 67051 27878 -39173
VT0.75_3 VT0.75 3 5100 66612 28394 -38218
VT0.75_3 VT0.75 3 5200 59829 29161 -30668
VT0.75_3 VT0.75 3 5300 55280 29768 -25512
VT0.75_3 VT0.75 3 5400 60144 25550 -34594
VT0.75_3 VT0.75 3 5500 59664 27971 -31693
VT0.75_3 VT0.75 3 5600 59244 28908 -30336
VT0.75_3 VT0.75 3 5700 56746 29783 -26963
VT0.75_3 VT0.75 3 5800 55818 31270 -24548
VT0.75_3 VT0.75 3 5900 62303 31783 -30520
VT0.75_3 VT0.75 3 6000 67598 32164 -35434
VT0.75_3 VT0.75 3 6100 70966 31845 -39121
VT0.75_3 VT0.75 3 6200 67421 29869 -37552
VT0.75_3 VT0.75 3 6300 62613 30697 -31916
VT0.75_3 VT0.75 3 6400 57951 28522 -29429
VT0.75_3 VT0.75 3 6500 57529 26727 -30802
VT0.75_3 VT0.75 3 6600 54547 27668 -26879
VT0.75_3 VT0.75 3 6700 56167 27806 -28361
VT0.75_3 VT0.75 3 6800 59544 28335 -31209
VT0.75_3 VT0.75 3 6900 59961 28876 -31085
VT0.75_3 VT0.75 3 7000 63030 28574 -34456
VT0.75_3 VT0.75 3 7100 59622 31362 -28260
VT0.75_3 VT0.75 3 7200 57191 31194 -25997
VT0.75_3 VT0.75 3 7300 55996 30380 -25616
VT0.75_3 VT0.75 3 7400 57132 31056 -26076
VT0.75_3 VT0.75 3 7500 59105 31688 -27417
VT0.75_3 VT0.75 3 7600 58575 30482 -28093
VT0.75_3 VT0.75 3 7700 57570 30007 -27563
VT0.75_3 VT0.75 3 7800 56999 31642 -25357
VT0.75_3 VT0.75 3 7900 56959 30650 -26309
VT0.75_3 VT0.75 3 8000 57657 30766 -26891
VT0.75_3 VT0.75 3 8100 61163 30176 -30987
VT0.75_3 VT0.75 3 8200 57094 29881 -27213
VT0.75_3 VT0.75 3 8300 57463 30642 -26821
VT0.75_3 VT0.75 3 8400 61934 28934 -33000
VT0.75_3 VT0.75 3 8500 56827 27457 -29370
VT0.75_3 VT0.75 3 8600 64382 30140 -34242
VT0.75_3 VT0.75 3 8700 59909 29634 -30275
VT0.75_3 VT0.75 3 8800 62318 27815 -34503
VT0.75_3 VT0.75 3 8900 63096 26780 -36316
VT0.75_3 VT0.75 3 9000 61738 27600 -34138
VT0.75_3 VT0.75 3 9100 67545 27898 -39647
VT0.75_3 VT0.75 3 9200 58937 27106 -31831
VT0.75_3 VT0.75 3 9300 52992 28193 -24799
VT0.75_3 VT0.75 3 9400 63280 30558 -32722
VT0.75_3 VT0.75 3 9500 62049 29988 -32061
VT0.75_3 VT0.75 3 9600 61719 30504 -31215
VT0.75_3 VT0.75 3 9700 59990 29250 -30740
VT0.75_3 VT0.75 3 9800 57107 28347 -28760
VT0.75_3 VT0.75 3 9900 53710 28882 -24828
VT0.75_3 VT0.75 3 10000 63470 28640 -34830
VT0.75_4 VT0.75 4 0 0 0 0
VT0.75_4 VT0.75 4 100 427 12448 12021
VT0.75_4 VT0.75 4 200 1153 40577 39424
VT0.75_4 VT0.75 4 300 11106 81320 70214
VT0.75_4 VT0.75 4 400 76990 97412 20422
VT0.75_4 VT0.75 4 500 396131 52975 -343156
VT0.75_4 VT0.75 4 600 333405 27987 -305418
VT0.75_4 VT0.75 4 700 161024 24676 -136348
VT0.75_4 VT0.75 4 800 113625 23667 -89958
VT0.75_4 VT0.75 4 900 108180 29490 -78690
VT0.75_4 VT0.75 4 1000 116490 32842 -83648
VT0.75_4 VT0.75 4 1100 108545 30489 -78056
VT0.75_4 VT0.75 4 1200 100381 40031 -60350
VT0.75_4 VT0.75 4 1300 96020 57332 -38688
VT0.75_4 VT0.75 4 1400 93909 87238 -6671
VT0.75_4 VT0.75 4 1500 82511 105920 23409
VT0.75_4 VT0.75 4 1600 75144 105518 30374
VT0.75_4 VT0.75 4 1700 71336 105875 34539
VT0.75_4 VT0.75 4 1800 82067 103584 21517
VT0.75_4 VT0.75 4 1900 91929 104283 12354
VT0.75_4 VT0.75 4 2000 92819 77086 -15733
VT0.75_4 VT0.75 4 2100 90795 67311 -23484
VT0.75_4 VT0.75 4 2200 84978 60815 -24163
VT0.75_4 VT0.75 4 2300 79584 64552 -15032
VT0.75_4 VT0.75 4 2400 96345 75718 -20627
VT0.75_4 VT0.75 4 2500 83434 95614 12180
VT0.75_4 VT0.75 4 2600 70239 98734 28495
VT0.75_4 VT0.75 4 2700 78838 91001 12163
VT0.75_4 VT0.75 4 2800 73903 95749 21846
VT0.75_4 VT0.75 4 2900 83486 100802 17316
VT0.75_4 VT0.75 4 3000 74302 106893 32591
VT0.75_4 VT0.75 4 3100 84277 116900 32623
VT0.75_4 VT0.75 4 3200 73568 105293 31725
VT0.75_4 VT0.75 4 3300 68769 113011 44242
VT0.75_4 VT0.75 4 3400 56529 130582 74053
VT0.75_4 VT0.75 4 3500 58886 125938 67052
VT0.75_4 VT0.75 4 3600 68746 114349 45603
VT0.75_4 VT0.75 4 3700 67986 109650 41664
VT0.75_4 VT0.75 4 3800 62511 127522 65011
VT0.75_4 VT0.75 4 3900 66043 143452 77409
VT0.75_4 VT0.75 4 4000 56323 131387 75064
VT0.75_4 VT0.75 4 4100 50156 123029 72873
VT0.75_4 VT0.75 4 4200 52748 132885 80137
VT0.75_4 VT0.75 4 4300 51670 163194 111524
VT0.75_4 VT0.75 4 4400 48721 199888 151167
VT0.75_4 VT0.75 4 4500 49104 227188 178084
VT0.75_4 VT0.75 4 4600 44381 235171 190790
VT0.75_4 VT0.75 4 4700 45902 226976 181074
VT0.75_4 VT0.75 4 4800 45666 204383 158717
VT0.75_4 VT0.75 4 4900 48488 206199 157711
VT0.75_4 VT0.75 4 5000 61528 164323 102795
VT0.75_4 VT0.75 4 5100 58748 152358 93610
VT0.75_4 VT0.75 4 5200 51274 121730 70456
VT0.75_4 VT0.75 4 5300 49611 109113 59502
VT0.75_4 VT0.75 4 5400 56816 107486 50670
VT0.75_4 VT0.75 4 5500 58710 114702 55992
VT0.75_4 VT0.75 4 5600 58852 112329 53477
VT0.75_4 VT0.75 4 5700 58828 97952 39124
VT0.75_4 VT0.75 4 5800 60996 80640 19644
VT0.75_4 VT0.75 4 5900 62240 89191 26951
VT0.75_4 VT0.75 4 6000 65694 99567 33873
VT0.75_4 VT0.75 4 6100 60210 112576 52366
VT0.75_4 VT0.75 4 6200 61031 111981 50950
VT0.75_4 VT0.75 4 6300 69156 104168 35012
VT0.75_4 VT0.75 4 6400 68000 105950 37950
VT0.75_4 VT0.75 4 6500 58018 112191 54173
VT0.75_4 VT0.75 4 6600 63488 114209 50721
VT0.75_4 VT0.75 4 6700 63758 110151 46393
VT0.75_4 VT0.75 4 6800 64952 107586 42634
VT0.75_4 VT0.75 4 6900 75660 113272 37612
VT0.75_4 VT0.75 4 7000 70476 126074 55598
VT0.75_4 VT0.75 4 7100 60580 118808 58228
VT0.75_4 VT0.75 4 7200 64404 116324 51920
VT0.75_4 VT0.75 4 7300 65757 107343 41586
VT0.75_4 VT0.75 4 7400 63524 114969 51445
VT0.75_4 VT0.75 4 7500 68363 109565 41202
VT0.75_4 VT0.75 4 7600 68546 117018 48472
VT0.75_4 VT0.75 4 7700 67149 119033 51884
VT0.75_4 VT0.75 4 7800 68616 122343 53727
VT0.75_4 VT0.75 4 7900 69437 132316 62879
VT0.75_4 VT0.75 4 8000 71327 128566 57239
VT0.75_4 VT0.75 4 8100 71803 125539 53736
VT0.75_4 VT0.75 4 8200 65657 122703 57046
VT0.75_4 VT0.75 4 8300 67687 119216 51529
VT0.75_4 VT0.75 4 8400 66039 125403 59364
VT0.75_4 VT0.75 4 8500 69323 128478 59155
VT0.75_4 VT0.75 4 8600 72145 134511 62366
VT0.75_4 VT0.75 4 8700 69786 121625 51839
VT0.75_4 VT0.75 4 8800 66357 110399 44042
VT0.75_4 VT0.75 4 8900 63456 104832 41376
VT0.75_4 VT0.75 4 9000 62767 95612 32845
VT0.75_4 VT0.75 4 9100 63925 98572 34647
VT0.75_4 VT0.75 4 9200 70121 110281 40160
VT0.75_4 VT0.75 4 9300 68391 113778 45387
VT0.75_4 VT0.75 4 9400 65990 135022 69032
VT0.75_4 VT0.75 4 9500 58177 128477 70300
VT0.75_4 VT0.75 4 9600 63744 142978 79234
VT0.75_4 VT0.75 4 9700 54920 138139 83219
VT0.75_4 VT0.75 4 9800 63535 136603 73068
VT0.75_4 VT0.75 4 9900 70815 128690 57875
VT0.75_4 VT0.75 4 10000 76445 118204 41759
VT0.75_5 VT0.75 5 0 0 0 0
VT0.75_5 VT0.75 5 100 403 12182 11779
VT0.75_5 VT0.75 5 200 1221 40515 39294
VT0.75_5 VT0.75 5 300 30069 92519 62450
VT0.75_5 VT0.75 5 400 351323 51068 -300255
VT0.75_5 VT0.75 5 500 439852 46635 -393217
VT0.75_5 VT0.75 5 600 566693 46198 -520495
VT0.75_5 VT0.75 5 700 570872 39801 -531071
VT0.75_5 VT0.75 5 800 386769 44647 -342122
VT0.75_5 VT0.75 5 900 178833 68023 -110810
VT0.75_5 VT0.75 5 1000 93161 54382 -38779
VT0.75_5 VT0.75 5 1100 35779 24258 -11521
VT0.75_5 VT0.75 5 1200 31404 21276 -10128
VT0.75_5 VT0.75 5 1300 30827 22439 -8388
VT0.75_5 VT0.75 5 1400 29235 22540 -6695
VT0.75_5 VT0.75 5 1500 27732 21854 -5878
VT0.75_5 VT0.75 5 1600 26839 22723 -4116
VT0.75_5 VT0.75 5 1700 27007 22622 -4385
VT0.75_5 VT0.75 5 1800 27560 21544 -6016
VT0.75_5 VT0.75 5 1900 28386 21064 -7322
VT0.75_5 VT0.75 5 2000 29282 20980 -8302
VT0.75_5 VT0.75 5 2100 29209 20907 -8302
VT0.75_5 VT0.75 5 2200 27406 19708 -7698
VT0.75_5 VT0.75 5 2300 27945 21667 -6278
VT0.75_5 VT0.75 5 2400 28938 21057 -7881
VT0.75_5 VT0.75 5 2500 28222 22181 -6041
VT0.75_5 VT0.75 5 2600 28604 20626 -7978
VT0.75_5 VT0.75 5 2700 28699 21250 -7449
VT0.75_5 VT0.75 5 2800 30296 22788 -7508
VT0.75_5 VT0.75 5 2900 28461 21809 -6652
VT0.75_5 VT0.75 5 3000 28565 22594 -5971
VT0.75_5 VT0.75 5 3100 30088 21821 -8267
VT0.75_5 VT0.75 5 3200 28993 21209 -7784
VT0.75_5 VT0.75 5 3300 29698 21434 -8264
VT0.75_5 VT0.75 5 3400 28454 21151 -7303
VT0.75_5 VT0.75 5 3500 27952 20546 -7406
VT0.75_5 VT0.75 5 3600 27496 20057 -7439
VT0.75_5 VT0.75 5 3700 29076 21167 -7909
VT0.75_5 VT0.75 5 3800 28527 21262 -7265
VT0.75_5 VT0.75 5 3900 28191 20231 -7960
VT0.75_5 VT0.75 5 4000 29950 20710 -9240
VT0.75_5 VT0.75 5 4100 29283 20926 -8357
VT0.75_5 VT0.75 5 4200 29636 19993 -9643
VT0.75_5 VT0.75 5 4300 28097 18861 -9236
VT0.75_5 VT0.75 5 4400 26617 19278 -7339
VT0.75_5 VT0.75 5 4500 26921 20319 -6602
VT0.75_5 VT0.75 5 4600 27684 21968 -5716
VT0.75_5 VT0.75 5 4700 27906 21128 -6778
VT0.75_5 VT0.75 5 4800 25670 21909 -3761
VT0.75_5 VT0.75 5 4900 27089 22796 -4293
VT0.75_5 VT0.75 5 5000 29327 22375 -6952
VT0.75_5 VT0.75 5 5100 28580 20634 -7946
VT0.75_5 VT0.75 5 5200 27750 21258 -6492
VT0.75_5 VT0.75 5 5300 27793 20878 -6915
VT0.75_5 VT0.75 5 5400 27672 19915 -7757
VT0.75_5 VT0.75 5 5500 26924 20188 -6736
VT0.75_5 VT0.75 5 5600 27141 20529 -6612
VT0.75_5 VT0.75 5 5700 26827 21937 -4890
VT0.75_5 VT0.75 5 5800 27290 20782 -6508
VT0.75_5 VT0.75 5 5900 27049 20618 -6431
VT0.75_5 VT0.75 5 6000 28763 23326 -5437
VT0.75_5 VT0.75 5 6100 29055 23967 -5088
VT0.75_5 VT0.75 5 6200 27036 22210 -4826
VT0.75_5 VT0.75 5 6300 26730 23004 -3726
VT0.75_5 VT0.75 5 6400 26447 21419 -5028
VT0.75_5 VT0.75 5 6500 27321 20644 -6677
VT0.75_5 VT0.75 5 6600 28153 21211 -6942
VT0.75_5 VT0.75 5 6700 28929 20933 -7996
VT0.75_5 VT0.75 5 6800 28763 21235 -7528
VT0.75_5 VT0.75 5 6900 27515 20238 -7277
VT0.75_5 VT0.75 5 7000 27674 20811 -6863
VT0.75_5 VT0.75 5 7100 28223 20895 -7328
VT0.75_5 VT0.75 5 7200 29715 20817 -8898
VT0.75_5 VT0.75 5 7300 29162 20414 -8748
VT0.75_5 VT0.75 5 7400 27428 20364 -7064
VT0.75_5 VT0.75 5 7500 29495 22076 -7419
VT0.75_5 VT0.75 5 7600 28554 22883 -5671
VT0.75_5 VT0.75 5 7700 28485 22392 -6093
VT0.75_5 VT0.75 5 7800 29294 22638 -6656
VT0.75_5 VT0.75 5 7900 29476 23032 -6444
VT0.75_5 VT0.75 5 8000 28568 21849 -6719
VT0.75_5 VT0.75 5 8100 27717 22333 -5384
VT0.75_5 VT0.75 5 8200 27595 24013 -3582
VT0.75_5 VT0.75 5 8300 28556 24756 -3800
VT0.75_5 VT0.75 5 8400 28157 23309 -4848
VT0.75_5 VT0.75 5 8500 28031 22727 -5304
VT0.75_5 VT0.75 5 8600 27366 21810 -5556
VT0.75_5 VT0.75 5 8700 28315 20909 -7406
VT0.75_5 VT0.75 5 8800 27426 20454 -6972
VT0.75_5 VT0.75 5 8900 27035 21409 -5626
VT0.75_5 VT0.75 5 9000 28655 22771 -5884
VT0.75_5 VT0.75 5 9100 28741 22875 -5866
VT0.75_5 VT0.75 5 9200 28228 21553 -6675
VT0.75_5 VT0.75 5 9300 26033 20693 -5340
VT0.75_5 VT0.75 5 9400 28462 21854 -6608
VT0.75_5 VT0.75 5 9500 27844 21857 -5987
VT0.75_5 VT0.75 5 9600 27050 21332 -5718
VT0.75_5 VT0.75 5 9700 27159 22543 -4616
VT0.75_5 VT0.75 5 9800 28730 22651 -6079
VT0.75_5 VT0.75 5 9900 28382 22066 -6316
VT0.75_5 VT0.75 5 10000 27305 21779 -5526
VT0.75_6 VT0.75 6 0 0 0 0
VT0.75_6 VT0.75 6 100 435 12274 11839
VT0.75_6 VT0.75 6 200 1294 40134 38840
VT0.75_6 VT0.75 6 300 6602 75777 69175
VT0.75_6 VT0.75 6 400 79927 103419 23492
VT0.75_6 VT0.75 6 500 566157 40833 -525324
VT0.75_6 VT0.75 6 600 400513 24733 -375780
VT0.75_6 VT0.75 6 700 229248 24320 -204928
VT0.75_6 VT0.75 6 800 135009 29032 -105977
VT0.75_6 VT0.75 6 900 108992 30865 -78127
VT0.75_6 VT0.75 6 1000 86026 32182 -53844
VT0.75_6 VT0.75 6 1100 78561 34813 -43748
VT0.75_6 VT0.75 6 1200 78497 39548 -38949
VT0.75_6 VT0.75 6 1300 76309 51686 -24623
VT0.75_6 VT0.75 6 1400 78784 54678 -24106
VT0.75_6 VT0.75 6 1500 80698 53846 -26852
VT0.75_6 VT0.75 6 1600 65311 66922 1611
VT0.75_6 VT0.75 6 1700 68810 63970 -4840
VT0.75_6 VT0.75 6 1800 72780 57027 -15753
VT0.75_6 VT0.75 6 1900 71286 48611 -22675
VT0.75_6 VT0.75 6 2000 75791 65337 -10454
VT0.75_6 VT0.75 6 2100 66876 64896 -1980
VT0.75_6 VT0.75 6 2200 69582 59883 -9699
VT0.75_6 VT0.75 6 2300 79052 67580 -11472
VT0.75_6 VT0.75 6 2400 80971 75141 -5830
VT0.75_6 VT0.75 6 2500 71567 72481 914
VT0.75_6 VT0.75 6 2600 62506 70822 8316
VT0.75_6 VT0.75 6 2700 65845 69608 3763
VT0.75_6 VT0.75 6 2800 61321 73929 12608
VT0.75_6 VT0.75 6 2900 70038 75507 5469
VT0.75_6 VT0.75 6 3000 65556 75429 9873
VT0.75_6 VT0.75 6 3100 68411 59704 -8707
VT0.75_6 VT0.75 6 3200 73628 39327 -34301
VT0.75_6 VT0.75 6 3300 73167 33741 -39426
VT0.75_6 VT0.75 6 3400 67122 39768 -27354
VT0.75_6 VT0.75 6 3500 71529 55852 -15677
VT0.75_6 VT0.75 6 3600 76719 55216 -21503
VT0.75_6 VT0.75 6 3700 70314 43055 -27259
VT0.75_6 VT0.75 6 3800 76757 41404 -35353
VT0.75_6 VT0.75 6 3900 81513 33948 -47565
VT0.75_6 VT0.75 6 4000 69639 40121 -29518
VT0.75_6 VT0.75 6 4100 71015 53573 -17442
VT0.75_6 VT0.75 6 4200 72338 52924 -19414
VT0.75_6 VT0.75 6 4300 85618 55908 -29710
VT0.75_6 VT0.75 6 4400 74643 47693 -26950
VT0.75_6 VT0.75 6 4500 67611 56178 -11433
VT0.75_6 VT0.75 6 4600 60536 66504 5968
VT0.75_6 VT0.75 6 4700 69956 57036 -12920
VT0.75_6 VT0.75 6 4800 68049 49031 -19018
VT0.75_6 VT0.75 6 4900 68280 53187 -15093
VT0.75_6 VT0.75 6 5000 70267 46998 -23269
VT0.75_6 VT0.75 6 5100 69992 52444 -17548
VT0.75_6 VT0.75 6 5200 73051 56118 -16933
VT0.75_6 VT0.75 6 5300 73500 55657 -17843
VT0.75_6 VT0.75 6 5400 69859 54978 -14881
VT0.75_6 VT0.75 6 5500 62213 50747 -11466
VT0.75_6 VT0.75 6 5600 67311 53648 -13663
VT0.75_6 VT0.75 6 5700 64440 65368 928
VT0.75_6 VT0.75 6 5800 66253 50155 -16098
VT0.75_6 VT0.75 6 5900 64840 63944 -896
VT0.75_6 VT0.75 6 6000 66953 80850 13897
VT0.75_6 VT0.75 6 6100 77865 83238 5373
VT0.75_6 VT0.75 6 6200 72366 72459 93
VT0.75_6 VT0.75 6 6300 71402 82815 11413
VT0.75_6 VT0.75 6 6400 72317 80142 7825
VT0.75_6 VT0.75 6 6500 68028 66682 -1346
VT0.75_6 VT0.75 6 6600 65858 52744 -13114
VT0.75_6 VT0.75 6 6700 75470 58785 -16685
VT0.75_6 VT0.75 6 6800 71566 64039 -7527
VT0.75_6 VT0.75 6 6900 64252 54814 -9438
VT0.75_6 VT0.75 6 7000 64751 40168 -24583
VT0.75_6 VT0.75 6 7100 70869 37790 -33079
VT0.75_6 VT0.75 6 7200 66969 45788 -21181
VT0.75_6 VT0.75 6 7300 71242 57647 -13595
VT0.75_6 VT0.75 6 7400 69049 67383 -1666
VT0.75_6 VT0.75 6 7500 80403 71295 -9108
VT0.75_6 VT0.75 6 7600 74987 76493 1506
VT0.75_6 VT0.75 6 7700 65326 69162 3836
VT0.75_6 VT0.75 6 7800 37521 34487 -3034
VT0.75_6 VT0.75 6 7900 30141 24249 -5892
VT0.75_6 VT0.75 6 8000 30532 22502 -8030
VT0.75_6 VT0.75 6 8100 28562 20882 -7680
VT0.75_6 VT0.75 6 8200 27218 20571 -6647
VT0.75_6 VT0.75 6 8300 27012 19659 -7353
VT0.75_6 VT0.75 6 8400 28248 20219 -8029
VT0.75_6 VT0.75 6 8500 27876 21189 -6687
VT0.75_6 VT0.75 6 8600 27183 21816 -5367
VT0.75_6 VT0.75 6 8700 27877 20898 -6979
VT0.75_6 VT0.75 6 8800 27651 21442 -6209
VT0.75_6 VT0.75 6 8900 27374 20465 -6909
VT0.75_6 VT0.75 6 9000 27381 19892 -7489
VT0.75_6 VT0.75 6 9100 26964 20745 -6219
VT0.75_6 VT0.75 6 9200 28443 20345 -8098
VT0.75_6 VT0.75 6 9300 28237 20912 -7325
VT0.75_6 VT0.75 6 9400 26257 21771 -4486
VT0.75_6 VT0.75 6 9500 26883 21968 -4915
VT0.75_6 VT0.75 6 9600 28598 22822 -5776
VT0.75_6 VT0.75 6 9700 28944 21374 -7570
VT0.75_6 VT0.75 6 9800 27730 21835 -5895
VT0.75_6 VT0.75 6 9900 27880 21225 -6655
VT0.75_6 VT0.75 6 10000 28292 22772 -5520
VT0.75_7 VT0.75 7 0 0 0 0
VT0.75_7 VT0.75 7 100 438 11959 11521
VT0.75_7 VT0.75 7 200 1385 39195 37810
VT0.75_7 VT0.75 7 300 74075 64520 -9555
VT0.75_7 VT0.75 7 400 380155 57569 -322586
VT0.75_7 VT0.75 7 500 331127 64355 -266772
VT0.75_7 VT0.75 7 600 278453 55311 -223142
VT0.75_7 VT0.75 7 700 300591 45554 -255037
VT0.75_7 VT0.75 7 800 265633 47189 -218444
VT0.75_7 VT0.75 7 900 216213 59474 -156739
VT0.75_7 VT0.75 7 1000 131583 62241 -69342
VT0.75_7 VT0.75 7 1100 101487 68000 -33487
VT0.75_7 VT0.75 7 1200 99316 87219 -12097
VT0.75_7 VT0.75 7 1300 100748 100335 -413
VT0.75_7 VT0.75 7 1400 81386 106240 24854
VT0.75_7 VT0.75 7 1500 76391 120742 44351
VT0.75_7 VT0.75 7 1600 58060 88100 30040
VT0.75_7 VT0.75 7 1700 37544 29618 -7926
VT0.75_7 VT0.75 7 1800 30343 23948 -6395
VT0.75_7 VT0.75 7 1900 29871 22897 -6974
VT0.75_7 VT0.75 7 2000 27417 21829 -5588
VT0.75_7 VT0.75 7 2100 28175 22344 -5831
VT0.75_7 VT0.75 7 2200 28760 23420 -5340
VT0.75_7 VT0.75 7 2300 28271 22932 -5339
VT0.75_7 VT0.75 7 2400 30213 21914 -8299
VT0.75_7 VT0.75 7 2500 30483 21865 -8618
VT0.75_7 VT0.75 7 2600 28581 22732 -5849
VT0.75_7 VT0.75 7 2700 28980 22365 -6615
VT0.75_7 VT0.75 7 2800 29206 20320 -8886
VT0.75_7 VT0.75 7 2900 29461 20723 -8738
VT0.75_7 VT0.75 7 3000 28000 21007 -6993
VT0.75_7 VT0.75 7 3100 27617 21230 -6387
VT0.75_7 VT0.75 7 3200 27923 20303 -7620
VT0.75_7 VT0.75 7 3300 28712 22203 -6509
VT0.75_7 VT0.75 7 3400 29655 21798 -7857
VT0.75_7 VT0.75 7 3500 29152 22978 -6174
VT0.75_7 VT0.75 7 3600 30102 23031 -7071
VT0.75_7 VT0.75 7 3700 30329 22450 -7879
VT0.75_7 VT0.75 7 3800 28859 20345 -8514
VT0.75_7 VT0.75 7 3900 28102 20681 -7421
VT0.75_7 VT0.75 7 4000 29166 20952 -8214
VT0.75_7 VT0.75 7 4100 29377 21694 -7683
VT0.75_7 VT0.75 7 4200 29147 21175 -7972
VT0.75_7 VT0.75 7 4300 27171 20942 -6229
VT0.75_7 VT0.75 7 4400 28437 21651 -6786
VT0.75_7 VT0.75 7 4500 29128 20716 -8412
VT0.75_7 VT0.75 7 4600 29318 21624 -7694
VT0.75_7 VT0.75 7 4700 29105 21505 -7600
VT0.75_7 VT0.75 7 4800 30164 20809 -9355
VT0.75_7 VT0.75 7 4900 28520 21271 -7249
VT0.75_7 VT0.75 7 5000 29194 22366 -6828
VT0.75_7 VT0.75 7 5100 27598 21819 -5779
VT0.75_7 VT0.75 7 5200 28890 22991 -5899
VT0.75_7 VT0.75 7 5300 27862 22785 -5077
VT0.75_7 VT0.75 7 5400 28742 21055 -7687
VT0.75_7 VT0.75 7 5500 28094 21172 -6922
VT0.75_7 VT0.75 7 5600 27500 21489 -6011
VT0.75_7 VT0.75 7 5700 28453 21391 -7062
VT0.75_7 VT0.75 7 5800 28091 20335 -7756
VT0.75_7 VT0.75 7 5900 28265 20966 -7299
VT0.75_7 VT0.75 7 6000 28752 20918 -7834
VT0.75_7 VT0.75 7 6100 27396 19512 -7884
VT0.75_7 VT0.75 7 6200 26846 19916 -6930
VT0.75_7 VT0.75 7 6300 26206 21549 -4657
VT0.75_7 VT0.75 7 6400 26729 21561 -5168
VT0.75_7 VT0.75 7 6500 27618 21199 -6419
VT0.75_7 VT0.75 7 6600 27020 20813 -6207
VT0.75_7 VT0.75 7 6700 26401 20514 -5887
VT0.75_7 VT0.75 7 6800 27232 20359 -6873
VT0.75_7 VT0.75 7 6900 27296 19725 -7571
VT0.75_7 VT0.75 7 7000 28407 20969 -7438
VT0.75_7 VT0.75 7 7100 28058 20194 -7864
VT0.75_7 VT0.75 7 7200 27537 20719 -6818
VT0.75_7 VT0.75 7 7300 27377 20497 -6880
VT0.75_7 VT0.75 7 7400 26758 20453 -6305
VT0.75_7 VT0.75 7 7500 27631 21371 -6260
VT0.75_7 VT0.75 7 7600 26795 20450 -6345
VT0.75_7 VT0.75 7 7700 26923 19940 -6983
VT0.75_7 VT0.75 7 7800 28848 20642 -8206
VT0.75_7 VT0.75 7 7900 28322 21321 -7001
VT0.75_7 VT0.75 7 8000 29182 21596 -7586
VT0.75_7 VT0.75 7 8100 28848 20771 -8077
VT0.75_7 VT0.75 7 8200 29313 21779 -7534
VT0.75_7 VT0.75 7 8300 28774 21136 -7638
VT0.75_7 VT0.75 7 8400 27569 20554 -7015
VT0.75_7 VT0.75 7 8500 26606 21129 -5477
VT0.75_7 VT0.75 7 8600 26713 20881 -5832
VT0.75_7 VT0.75 7 8700 26988 22311 -4677
VT0.75_7 VT0.75 7 8800 27639 22020 -5619
VT0.75_7 VT0.75 7 8900 29652 22505 -7147
VT0.75_7 VT0.75 7 9000 29427 22857 -6570
VT0.75_7 VT0.75 7 9100 28325 22956 -5369
VT0.75_7 VT0.75 7 9200 28627 21926 -6701
VT0.75_7 VT0.75 7 9300 28479 20829 -7650
VT0.75_7 VT0.75 7 9400 28713 20836 -7877
VT0.75_7 VT0.75 7 9500 28122 21187 -6935
VT0.75_7 VT0.75 7 9600 28103 21006 -7097
VT0.75_7 VT0.75 7 9700 27874 22395 -5479
VT0.75_7 VT0.75 7 9800 27947 22830 -5117
VT0.75_7 VT0.75 7 9900 26873 22387 -4486
VT0.75_7 VT0.75 7 10000 26900 22047 -4853
VT0.75_8 VT0.75 8 0 0 0 0
VT0.75_8 VT0.75 8 100 445 12329 11884
VT0.75_8 VT0.75 8 200 1225 40054 38829
VT0.75_8 VT0.75 8 300 18223 75677 57454
VT0.75_8 VT0.75 8 400 216513 136080 -80433
VT0.75_8 VT0.75 8 500 234429 53659 -180770
VT0.75_8 VT0.75 8 600 202610 31507 -171103
VT0.75_8 VT0.75 8 700 233298 29158 -204140
VT0.75_8 VT0.75 8 800 132769 42713 -90056
VT0.75_8 VT0.75 8 900 97892 56177 -41715
VT0.75_8 VT0.75 8 1000 75252 91097 15845
VT0.75_8 VT0.75 8 1100 79034 113883 34849
VT0.75_8 VT0.75 8 1200 79277 106716 27439
VT0.75_8 VT0.75 8 1300 76102 138727 62625
VT0.75_8 VT0.75 8 1400 80630 166769 86139
VT0.75_8 VT0.75 8 1500 75412 163885 88473
VT0.75_8 VT0.75 8 1600 72967 161126 88159
VT0.75_8 VT0.75 8 1700 72068 180405 108337
VT0.75_8 VT0.75 8 1800 69404 188887 119483
VT0.75_8 VT0.75 8 1900 71562 184548 112986
VT0.75_8 VT0.75 8 2000 74989 177653 102664
VT0.75_8 VT0.75 8 2100 81526 173877 92351
VT0.75_8 VT0.75 8 2200 79957 161966 82009
VT0.75_8 VT0.75 8 2300 62505 133846 71341
VT0.75_8 VT0.75 8 2400 36407 46696 10289
VT0.75_8 VT0.75 8 2500 29182 22610 -6572
VT0.75_8 VT0.75 8 2600 27537 20785 -6752
VT0.75_8 VT0.75 8 2700 28134 21519 -6615
VT0.75_8 VT0.75 8 2800 29194 22423 -6771
VT0.75_8 VT0.75 8 2900 29672 22165 -7507
VT0.75_8 VT0.75 8 3000 28118 21928 -6190
VT0.75_8 VT0.75 8 3100 27084 20740 -6344
VT0.75_8 VT0.75 8 3200 26849 20856 -5993
VT0.75_8 VT0.75 8 3300 28170 20371 -7799
VT0.75_8 VT0.75 8 3400 27619 20146 -7473
VT0.75_8 VT0.75 8 3500 28026 21271 -6755
VT0.75_8 VT0.75 8 3600 29198 21133 -8065
VT0.75_8 VT0.75 8 3700 27810 22271 -5539
VT0.75_8 VT0.75 8 3800 26818 22284 -4534
VT0.75_8 VT0.75 8 3900 26972 22064 -4908
VT0.75_8 VT0.75 8 4000 27179 23117 -4062
VT0.75_8 VT0.75 8 4100 28699 22328 -6371
VT0.75_8 VT0.75 8 4200 28288 21919 -6369
VT0.75_8 VT0.75 8 4300 28255 21006 -7249
VT0.75_8 VT0.75 8 4400 27783 20838 -6945
VT0.75_8 VT0.75 8 4500 28161 21454 -6707
VT0.75_8 VT0.75 8 4600 27359 21745 -5614
VT0.75_8 VT0.75 8 4700 27780 20526 -7254
VT0.75_8 VT0.75 8 4800 27985 19369 -8616
VT0.75_8 VT0.75 8 4900 27380 19509 -7871
VT0.75_8 VT0.75 8 5000 27676 21109 -6567
VT0.75_8 VT0.75 8 5100 27653 20456 -7197
VT0.75_8 VT0.75 8 5200 27250 21348 -5902
VT0.75_8 VT0.75 8 5300 26736 21820 -4916
VT0.75_8 VT0.75 8 5400 27304 21427 -5877
VT0.75_8 VT0.75 8 5500 27834 20703 -7131
VT0.75_8 VT0.75 8 5600 27734 21032 -6702
VT0.75_8 VT0.75 8 5700 28934 21327 -7607
VT0.75_8 VT0.75 8 5800 28958 18934 -10024
VT0.75_8 VT0.75 8 5900 27246 19954 -7292
VT0.75_8 VT0.75 8 6000 27419 19734 -7685
VT0.75_8 VT0.75 8 6100 27251 20410 -6841
VT0.75_8 VT0.75 8 6200 26330 20451 -5879
VT0.75_8 VT0.75 8 6300 26255 20507 -5748
VT0.75_8 VT0.75 8 6400 26798 21046 -5752
VT0.75_8 VT0.75 8 6500 26917 20212 -6705
VT0.75_8 VT0.75 8 6600 27458 20047 -7411
VT0.75_8 VT0.75 8 6700 26731 19934 -6797
VT0.75_8 VT0.75 8 6800 27299 19590 -7709
VT0.75_8 VT0.75 8 6900 26625 20333 -6292
VT0.75_8 VT0.75 8 7000 27266 20291 -6975
VT0.75_8 VT0.75 8 7100 28159 18715 -9444
VT0.75_8 VT0.75 8 7200 28512 20721 -7791
VT0.75_8 VT0.75 8 7300 28109 21586 -6523
VT0.75_8 VT0.75 8 7400 28946 21647 -7299
VT0.75_8 VT0.75 8 7500 28560 19995 -8565
VT0.75_8 VT0.75 8 7600 27656 19768 -7888
VT0.75_8 VT0.75 8 7700 28175 20039 -8136
VT0.75_8 VT0.75 8 7800 26605 19366 -7239
VT0.75_8 VT0.75 8 7900 26643 19949 -6694
VT0.75_8 VT0.75 8 8000 26901 20500 -6401
VT0.75_8 VT0.75 8 8100 26507 20581 -5926
VT0.75_8 VT0.75 8 8200 26048 20936 -5112
VT0.75_8 VT0.75 8 8300 26951 21073 -5878
VT0.75_8 VT0.75 8 8400 27571 21094 -6477
VT0.75_8 VT0.75 8 8500 27701 20352 -7349
VT0.75_8 VT0.75 8 8600 26818 21819 -4999
VT0.75_8 VT0.75 8 8700 27696 21467 -6229
VT0.75_8 VT0.75 8 8800 27319 20760 -6559
VT0.75_8 VT0.75 8 8900 28047 20175 -7872
VT0.75_8 VT0.75 8 9000 26960 19241 -7719
VT0.75_8 VT0.75 8 9100 27578 20387 -7191
VT0.75_8 VT0.75 8 9200 28452 20482 -7970
VT0.75_8 VT0.75 8 9300 28367 21248 -7119
VT0.75_8 VT0.75 8 9400 27329 20322 -7007
VT0.75_8 VT0.75 8 9500 27822 21063 -6759
VT0.75_8 VT0.75 8 9600 28579 21086 -7493
VT0.75_8 VT0.75 8 9700 26809 20569 -6240
VT0.75_8 VT0.75 8 9800 26685 19892 -6793
VT0.75_8 VT0.75 8 9900 27627 20152 -7475
VT0.75_8 VT0.75 8 10000 28086 20951 -7135
VT0.75_9 VT0.75 9 0 0 0 0
VT0.75_9 VT0.75 9 100 448 12210 11762
VT0.75_9 VT0.75 9 200 1194 40125 38931
VT0.75_9 VT0.75 9 300 16263 137199 120936
VT0.75_9 VT0.75 9 400 151726 109576 -42150
VT0.75_9 VT0.75 9 500 165681 35837 -129844
VT0.75_9 VT0.75 9 600 224245 26108 -198137
VT0.75_9 VT0.75 9 700 287558 25093 -262465
VT0.75_9 VT0.75 9 800 217098 29480 -187618
VT0.75_9 VT0.75 9 900 150198 43518 -106680
VT0.75_9 VT0.75 9 1000 112366 48949 -63417
VT0.75_9 VT0.75 9 1100 81762 42955 -38807
VT0.75_9 VT0.75 9 1200 85454 41115 -44339
VT0.75_9 VT0.75 9 1300 78760 35334 -43426
VT0.75_9 VT0.75 9 1400 77937 39691 -38246
VT0.75_9 VT0.75 9 1500 77752 45302 -32450
VT0.75_9 VT0.75 9 1600 72151 61328 -10823
VT0.75_9 VT0.75 9 1700 78521 67809 -10712
VT0.75_9 VT0.75 9 1800 76224 56505 -19719
VT0.75_9 VT0.75 9 1900 82167 53266 -28901
VT0.75_9 VT0.75 9 2000 72952 42846 -30106
VT0.75_9 VT0.75 9 2100 70413 41692 -28721
VT0.75_9 VT0.75 9 2200 69121 48784 -20337
VT0.75_9 VT0.75 9 2300 70484 58685 -11799
VT0.75_9 VT0.75 9 2400 76500 59287 -17213
VT0.75_9 VT0.75 9 2500 73482 62728 -10754
VT0.75_9 VT0.75 9 2600 70049 51115 -18934
VT0.75_9 VT0.75 9 2700 67658 48864 -18794
VT0.75_9 VT0.75 9 2800 76417 43521 -32896
VT0.75_9 VT0.75 9 2900 70146 52447 -17699
VT0.75_9 VT0.75 9 3000 70042 53179 -16863
VT0.75_9 VT0.75 9 3100 70163 43134 -27029
VT0.75_9 VT0.75 9 3200 72245 44743 -27502
VT0.75_9 VT0.75 9 3300 69926 38049 -31877
VT0.75_9 VT0.75 9 3400 71530 40475 -31055
VT0.75_9 VT0.75 9 3500 61192 54015 -7177
VT0.75_9 VT0.75 9 3600 66184 59339 -6845
VT0.75_9 VT0.75 9 3700 70907 50614 -20293
VT0.75_9 VT0.75 9 3800 66853 43387 -23466
VT0.75_9 VT0.75 9 3900 65399 39796 -25603
VT0.75_9 VT0.75 9 4000 63784 39876 -23908
VT0.75_9 VT0.75 9 4100 65339 44916 -20423
VT0.75_9 VT0.75 9 4200 68245 51751 -16494
VT0.75_9 VT0.75 9 4300 63453 60277 -3176
VT0.75_9 VT0.75 9 4400 65091 67760 2669
VT0.75_9 VT0.75 9 4500 70169 66619 -3550
VT0.75_9 VT0.75 9 4600 68684 58548 -10136
VT0.75_9 VT0.75 9 4700 78603 55791 -22812
VT0.75_9 VT0.75 9 4800 79686 71692 -7994
VT0.75_9 VT0.75 9 4900 70288 62524 -7764
VT0.75_9 VT0.75 9 5000 67861 56595 -11266
VT0.75_9 VT0.75 9 5100 61986 66298 4312
VT0.75_9 VT0.75 9 5200 62769 65402 2633
VT0.75_9 VT0.75 9 5300 60531 75361 14830
VT0.75_9 VT0.75 9 5400 65852 83907 18055
VT0.75_9 VT0.75 9 5500 77273 74974 -2299
VT0.75_9 VT0.75 9 5600 68054 64590 -3464
VT0.75_9 VT0.75 9 5700 70358 72421 2063
VT0.75_9 VT0.75 9 5800 67543 76560 9017
VT0.75_9 VT0.75 9 5900 63874 81579 17705
VT0.75_9 VT0.75 9 6000 67597 79384 11787
VT0.75_9 VT0.75 9 6100 61919 64083 2164
VT0.75_9 VT0.75 9 6200 61177 50380 -10797
VT0.75_9 VT0.75 9 6300 68338 42584 -25754
VT0.75_9 VT0.75 9 6400 73215 46640 -26575
VT0.75_9 VT0.75 9 6500 65442 44754 -20688
VT0.75_9 VT0.75 9 6600 67382 41066 -26316
VT0.75_9 VT0.75 9 6700 78001 38899 -39102
VT0.75_9 VT0.75 9 6800 70632 49558 -21074
VT0.75_9 VT0.75 9 6900 71711 55573 -16138
VT0.75_9 VT0.75 9 7000 75894 53071 -22823
VT0.75_9 VT0.75 9 7100 67902 44845 -23057
VT0.75_9 VT0.75 9 7200 65303 47810 -17493
VT0.75_9 VT0.75 9 7300 65063 50666 -14397
VT0.75_9 VT0.75 9 7400 68120 61320 -6800
VT0.75_9 VT0.75 9 7500 62032 65666 3634
VT0.75_9 VT0.75 9 7600 61064 65547 4483
VT0.75_9 VT0.75 9 7700 65839 67222 1383
VT0.75_9 VT0.75 9 7800 66998 71707 4709
VT0.75_9 VT0.75 9 7900 64774 73598 8824
VT0.75_9 VT0.75 9 8000 63751 74194 10443
VT0.75_9 VT0.75 9 8100 65267 66491 1224
VT0.75_9 VT0.75 9 8200 68305 66987 -1318
VT0.75_9 VT0.75 9 8300 79255 69330 -9925
VT0.75_9 VT0.75 9 8400 74597 57467 -17130
VT0.75_9 VT0.75 9 8500 73270 57731 -15539
VT0.75_9 VT0.75 9 8600 65046 58367 -6679
VT0.75_9 VT0.75 9 8700 64480 58349 -6131
VT0.75_9 VT0.75 9 8800 61622 56359 -5263
VT0.75_9 VT0.75 9 8900 60867 57548 -3319
VT0.75_9 VT0.75 9 9000 78559 58663 -19896
VT0.75_9 VT0.75 9 9100 72312 65100 -7212
VT0.75_9 VT0.75 9 9200 72119 61925 -10194
VT0.75_9 VT0.75 9 9300 65251 69777 4526
VT0.75_9 VT0.75 9 9400 70421 62828 -7593
VT0.75_9 VT0.75 9 9500 71434 57531 -13903
VT0.75_9 VT0.75 9 9600 69461 50742 -18719
VT0.75_9 VT0.75 9 9700 74059 48370 -25689
VT0.75_9 VT0.75 9 9800 62387 46423 -15964
VT0.75_9 VT0.75 9 9900 60867 64167 3300
VT0.75_9 VT0.75 9 10000 61750 96746 34996
VT0.75_10 VT0.75 10 0 0 0 0
VT0.75_10 VT0.75 10 100 419 12523 12104
VT0.75_10 VT0.75 10 200 1115 41253 40138
VT0.75_10 VT0.75 10 300 4175 95233 91058
VT0.75_10 VT0.75 10 400 49578 112448 62870
VT0.75_10 VT0.75 10 500 337120 57898 -279222
VT0.75_10 VT0.75 10 600 341553 30935 -310618
VT0.75_10 VT0.75 10 700 218807 25971 -192836
VT0.75_10 VT0.75 10 800 219875 24764 -195111
VT0.75_10 VT0.75 10 900 213553 26107 -187446
VT0.75_10 VT0.75 10 1000 176150 26150 -150000
VT0.75_10 VT0.75 10 1100 111282 26629 -84653
VT0.75_10 VT0.75 10 1200 78170 29870 -48300
VT0.75_10 VT0.75 10 1300 67746 30972 -36774
VT0.75_10 VT0.75 10 1400 72974 31003 -41971
VT0.75_10 VT0.75 10 1500 68844 28697 -40147
VT0.75_10 VT0.75 10 1600 69404 30244 -39160
VT0.75_10 VT0.75 10 1700 67303 33736 -33567
VT0.75_10 VT0.75 10 1800 69406 31225 -38181
VT0.75_10 VT0.75 10 1900 70137 34726 -35411
VT0.75_10 VT0.75 10 2000 66770 30564 -36206
VT0.75_10 VT0.75 10 2100 63966 29545 -34421
VT0.75_10 VT0.75 10 2200 62499 30852 -31647
VT0.75_10 VT0.75 10 2300 59513 30472 -29041
VT0.75_10 VT0.75 10 2400 68453 27922 -40531
VT0.75_10 VT0.75 10 2500 66628 27233 -39395
VT0.75_10 VT0.75 10 2600 64056 28664 -35392
VT0.75_10 VT0.75 10 2700 66561 29727 -36834
VT0.75_10 VT0.75 10 2800 73512 31371 -42141
VT0.75_10 VT0.75 10 2900 73618 32426 -41192
VT0.75_10 VT0.75 10 3000 65563 30777 -34786
VT0.75_10 VT0.75 10 3100 62238 29968 -32270
VT0.75_10 VT0.75 10 3200 63164 29172 -33992
VT0.75_10 VT0.75 10 3300 60561 28963 -31598
VT0.75_10 VT0.75 10 3400 68783 27600 -41183
VT0.75_10 VT0.75 10 3500 71353 27789 -43564
VT0.75_10 VT0.75 10 3600 69194 27907 -41287
VT0.75_10 VT0.75 10 3700 64550 29880 -34670
VT0.75_10 VT0.75 10 3800 69786 30637 -39149
VT0.75_10 VT0.75 10 3900 71382 30132 -41250
VT0.75_10 VT0.75 10 4000 65068 29059 -36009
VT0.75_10 VT0.75 10 4100 67489 27537 -39952
VT0.75_10 VT0.75 10 4200 60903 28725 -32178
VT0.75_10 VT0.75 10 4300 63151 30388 -32763
VT0.75_10 VT0.75 10 4400 63836 28064 -35772
VT0.75_10 VT0.75 10 4500 68738 27553 -41185
VT0.75_10 VT0.75 10 4600 71513 28201 -43312
VT0.75_10 VT0.75 10 4700 62692 28847 -33845
VT0.75_10 VT0.75 10 4800 69144 29805 -39339
VT0.75_10 VT0.75 10 4900 65934 29776 -36158
VT0.75_10 VT0.75 10 5000 58934 29772 -29162
VT0.75_10 VT0.75 10 5100 60462 30826 -29636
VT0.75_10 VT0.75 10 5200 66131 28279 -37852
VT0.75_10 VT0.75 10 5300 67210 28207 -39003
VT0.75_10 VT0.75 10 5400 67948 27180 -40768
VT0.75_10 VT0.75 10 5500 67624 28502 -39122
VT0.75_10 VT0.75 10 5600 68179 29587 -38592
VT0.75_10 VT0.75 10 5700 65355 30188 -35167
VT0.75_10 VT0.75 10 5800 69171 26860 -42311
VT0.75_10 VT0.75 10 5900 63464 27265 -36199
VT0.75_10 VT0.75 10 6000 65874 28889 -36985
VT0.75_10 VT0.75 10 6100 61576 30362 -31214
VT0.75_10 VT0.75 10 6200 61873 28997 -32876
VT0.75_10 VT0.75 10 6300 63064 28843 -34221
VT0.75_10 VT0.75 10 6400 63424 28544 -34880
VT0.75_10 VT0.75 10 6500 60464 28719 -31745
VT0.75_10 VT0.75 10 6600 55963 28936 -27027
VT0.75_10 VT0.75 10 6700 58217 28099 -30118
VT0.75_10 VT0.75 10 6800 65557 29241 -36316
VT0.75_10 VT0.75 10 6900 60447 29501 -30946
VT0.75_10 VT0.75 10 7000 58484 30123 -28361
VT0.75_10 VT0.75 10 7100 58835 31685 -27150
VT0.75_10 VT0.75 10 7200 58120 28847 -29273
VT0.75_10 VT0.75 10 7300 62010 29274 -32736
VT0.75_10 VT0.75 10 7400 61875 30190 -31685
VT0.75_10 VT0.75 10 7500 62436 31021 -31415
VT0.75_10 VT0.75 10 7600 57710 28681 -29029
VT0.75_10 VT0.75 10 7700 57339 26275 -31064
VT0.75_10 VT0.75 10 7800 61057 25057 -36000
VT0.75_10 VT0.75 10 7900 59539 26157 -33382
VT0.75_10 VT0.75 10 8000 59836 28910 -30926
VT0.75_10 VT0.75 10 8100 58368 30111 -28257
VT0.75_10 VT0.75 10 8200 65570 26860 -38710
VT0.75_10 VT0.75 10 8300 63156 28354 -34802
VT0.75_10 VT0.75 10 8400 56158 28469 -27689
VT0.75_10 VT0.75 10 8500 59577 29704 -29873
VT0.75_10 VT0.75 10 8600 58675 27512 -31163
VT0.75_10 VT0.75 10 8700 54783 26613 -28170
VT0.75_10 VT0.75 10 8800 65321 29329 -35992
VT0.75_10 VT0.75 10 8900 67867 28575 -39292
VT0.75_10 VT0.75 10 9000 63293 28957 -34336
VT0.75_10 VT0.75 10 9100 63749 28849 -34900
VT0.75_10 VT0.75 10 9200 62175 28405 -33770
VT0.75_10 VT0.75 10 9300 61179 27702 -33477
VT0.75_10 VT0.75 10 9400 60207 26556 -33651
VT0.75_10 VT0.75 10 9500 68605 27271 -41334
VT0.75_10 VT0.75 10 9600 58532 27671 -30861
VT0.75_10 VT0.75 10 9700 58968 28218 -30750
VT0.75_10 VT0.75 10 9800 61655 31357 -30298
VT0.75_10 VT0.75 10 9900 64162 29132 -35030
VT0.75_10 VT0.75 10 10000 60110 28796 -31314
VT1_1 VT1 1 0 0 0 0
VT1_1 VT1 1 100 432 13366 12934
VT1_1 VT1 1 200 1242 45045 43803
VT1_1 VT1 1 300 2431 78893 76462
VT1_1 VT1 1 400 35204 68724 33520
VT1_1 VT1 1 500 276909 34113 -242796
VT1_1 VT1 1 600 340867 27569 -313298
VT1_1 VT1 1 700 356130 24198 -331932
VT1_1 VT1 1 800 379264 24800 -354464
VT1_1 VT1 1 900 338862 25827 -313035
VT1_1 VT1 1 1000 257061 29874 -227187
VT1_1 VT1 1 1100 163438 31174 -132264
VT1_1 VT1 1 1200 98990 31148 -67842
VT1_1 VT1 1 1300 70811 34309 -36502
VT1_1 VT1 1 1400 62750 37777 -24973
VT1_1 VT1 1 1500 66824 36376 -30448
VT1_1 VT1 1 1600 66808 34121 -32687
VT1_1 VT1 1 1700 76419 36762 -39657
VT1_1 VT1 1 1800 71863 34633 -37230
VT1_1 VT1 1 1900 75617 31825 -43792
VT1_1 VT1 1 2000 64840 34269 -30571
VT1_1 VT1 1 2100 67384 33713 -33671
VT1_1 VT1 1 2200 70435 32334 -38101
VT1_1 VT1 1 2300 65854 32638 -33216
VT1_1 VT1 1 2400 68370 33896 -34474
VT1_1 VT1 1 2500 68882 33157 -35725
VT1_1 VT1 1 2600 67578 30452 -37126
VT1_1 VT1 1 2700 67954 30009 -37945
VT1_1 VT1 1 2800 68081 29154 -38927
VT1_1 VT1 1 2900 68154 30671 -37483
VT1_1 VT1 1 3000 72009 31943 -40066
VT1_1 VT1 1 3100 70501 33718 -36783
VT1_1 VT1 1 3200 70286 31794 -38492
VT1_1 VT1 1 3300 68806 30531 -38275
VT1_1 VT1 1 3400 62831 32072 -30759
VT1_1 VT1 1 3500 62658 36932 -25726
VT1_1 VT1 1 3600 63329 41058 -22271
VT1_1 VT1 1 3700 66485 36233 -30252
VT1_1 VT1 1 3800 66200 34008 -32192
VT1_1 VT1 1 3900 64595 31431 -33164
VT1_1 VT1 1 4000 65769 32198 -33571
VT1_1 VT1 1 4100 65961 32424 -33537
VT1_1 VT1 1 4200 69010 32354 -36656
VT1_1 VT1 1 4300 72541 32555 -39986
VT1_1 VT1 1 4400 64598 31606 -32992
VT1_1 VT1 1 4500 66280 33720 -32560
VT1_1 VT1 1 4600 67528 35902 -31626
VT1_1 VT1 1 4700 67829 33528 -34301
VT1_1 VT1 1 4800 71906 34124 -37782
VT1_1 VT1 1 4900 62532 33738 -28794
VT1_1 VT1 1 5000 65844 33668 -32176
VT1_1 VT1 1 5100 65634 32856 -32778
VT1_1 VT1 1 5200 68716 35165 -33551
VT1_1 VT1 1 5300 67337 36542 -30795
VT1_1 VT1 1 5400 70555 35429 -35126
VT1_1 VT1 1 5500 63531 35684 -27847
VT1_1 VT1 1 5600 57372 34475 -22897
VT1_1 VT1 1 5700 60916 33692 -27224
VT1_1 VT1 1 5800 65798 35120 -30678
VT1_1 VT1 1 5900 65889 33734 -32155
VT1_1 VT1 1 6000 57683 31701 -25982
VT1_1 VT1 1 6100 65901 31918 -33983
VT1_1 VT1 1 6200 59124 34276 -24848
VT1_1 VT1 1 6300 61266 34004 -27262
VT1_1 VT1 1 6400 61119 32230 -28889
VT1_1 VT1 1 6500 57622 30868 -26754
VT1_1 VT1 1 6600 62630 30774 -31856
VT1_1 VT1 1 6700 65987 32107 -33880
VT1_1 VT1 1 6800 63397 33854 -29543
VT1_1 VT1 1 6900 60090 34696 -25394
VT1_1 VT1 1 7000 66053 35083 -30970
VT1_1 VT1 1 7100 60488 34825 -25663
VT1_1 VT1 1 7200 68209 32865 -35344
VT1_1 VT1 1 7300 62568 30598 -31970
VT1_1 VT1 1 7400 66335 33047 -33288
VT1_1 VT1 1 7500 69229 34309 -34920
VT1_1 VT1 1 7600 73721 34570 -39151
VT1_1 VT1 1 7700 64927 35703 -29224
VT1_1 VT1 1 7800 58043 34210 -23833
VT1_1 VT1 1 7900 60786 35443 -25343
VT1_1 VT1 1 8000 62745 33499 -29246
VT1_1 VT1 1 8100 60656 32888 -27768
VT1_1 VT1 1 8200 60334 33196 -27138
VT1_1 VT1 1 8300 57792 31294 -26498
VT1_1 VT1 1 8400 62689 32268 -30421
VT1_1 VT1 1 8500 60468 32374 -28094
VT1_1 VT1 1 8600 57809 30341 -27468
VT1_1 VT1 1 8700 61882 29683 -32199
VT1_1 VT1 1 8800 58897 30941 -27956
VT1_1 VT1 1 8900 60236 33068 -27168
VT1_1 VT1 1 9000 58544 33688 -24856
VT1_1 VT1 1 9100 64560 32725 -31835
VT1_1 VT1 1 9200 60582 31482 -29100
VT1_1 VT1 1 9300 59688 32686 -27002
VT1_1 VT1 1 9400 57817 31448 -26369
VT1_1 VT1 1 9500 52992 31682 -21310
VT1_1 VT1 1 9600 56856 33337 -23519
VT1_1 VT1 1 9700 61673 33819 -27854
VT1_1 VT1 1 9800 63475 33614 -29861
VT1_1 VT1 1 9900 64076 35007 -29069
VT1_1 VT1 1 10000 66013 33434 -32579
VT1_2 VT1 2 0 0 0 0
VT1_2 VT1 2 100 399 13104 12705
VT1_2 VT1 2 200 1210 43563 42353
VT1_2 VT1 2 300 4542 80072 75530
VT1_2 VT1 2 400 37379 99747 62368
VT1_2 VT1 2 500 113354 33161 -80193
VT1_2 VT1 2 600 86173 20868 -65305
VT1_2 VT1 2 700 79541 22846 -56695
VT1_2 VT1 2 800 78581 22021 -56560
VT1_2 VT1 2 900 73287 26350 -46937
VT1_2 VT1 2 1000 67797 29577 -38220
VT1_2 VT1 2 1100 71294 31241 -40053
VT1_2 VT1 2 1200 69771 29699 -40072
VT1_2 VT1 2 1300 63835 32154 -31681
VT1_2 VT1 2 1400 62121 33642 -28479
VT1_2 VT1 2 1500 65692 34354 -31338
VT1_2 VT1 2 1600 61215 32528 -28687
VT1_2 VT1 2 1700 67265 32285 -34980
VT1_2 VT1 2 1800 71545 32774 -38771
VT1_2 VT1 2 1900 63204 34379 -28825
VT1_2 VT1 2 2000 70963 33204 -37759
VT1_2 VT1 2 2100 68140 34857 -33283
VT1_2 VT1 2 2200 72081 33724 -38357
VT1_2 VT1 2 2300 65185 33495 -31690
VT1_2 VT1 2 2400 69062 34438 -34624
VT1_2 VT1 2 2500 64297 33161 -31136
VT1_2 VT1 2 2600 63007 33415 -29592
VT1_2 VT1 2 2700 64610 33137 -31473
VT1_2 VT1 2 2800 68841 32259 -36582
VT1_2 VT1 2 2900 65474 32441 -33033
VT1_2 VT1 2 3000 74842 34024 -40818
VT1_2 VT1 2 3100 70133 34874 -35259
VT1_2 VT1 2 3200 70553 34883 -35670
VT1_2 VT1 2 3300 65311 33990 -31321
VT1_2 VT1 2 3400 65231 33031 -32200
VT1_2 VT1 2 3500 64025 30415 -33610
VT1_2 VT1 2 3600 62884 30484 -32400
VT1_2 VT1 2 3700 62722 30538 -32184
VT1_2 VT1 2 3800 61293 31470 -29823
VT1_2 VT1 2 3900 59450 30888 -28562
VT1_2 VT1 2 4000 65509 31806 -33703
VT1_2 VT1 2 4100 64204 32541 -31663
VT1_2 VT1 2 4200 65071 32985 -32086
VT1_2 VT1 2 4300 62228 34576 -27652
VT1_2 VT1 2 4400 64979 34958 -30021
VT1_2 VT1 2 4500 58737 35411 -23326
VT1_2 VT1 2 4600 60982 33274 -27708
VT1_2 VT1 2 4700 58395 34275 -24120
VT1_2 VT1 2 4800 62424 34403 -28021
VT1_2 VT1 2 4900 44276 28834 -15442
VT1_2 VT1 2 5000 29230 22945 -6285
VT1_2 VT1 2 5100 29527 24362 -5165
VT1_2 VT1 2 5200 30267 24008 -6259
VT1_2 VT1 2 5300 31844 24329 -7515
VT1_2 VT1 2 5400 30880 24384 -6496
VT1_2 VT1 2 5500 29923 24674 -5249
VT1_2 VT1 2 5600 31359 23576 -7783
VT1_2 VT1 2 5700 31942 23224 -8718
VT1_2 VT1 2 5800 31944 23649 -8295
VT1_2 VT1 2 5900 31703 23464 -8239
VT1_2 VT1 2 6000 32221 24006 -8215
VT1_2 VT1 2 6100 31232 24780 -6452
VT1_2 VT1 2 6200 31165 26454 -4711
VT1_2 VT1 2 6300 32518 25072 -7446
VT1_2 VT1 2 6400 32175 24727 -7448
VT1_2 VT1 2 6500 30127 23967 -6160
VT1_2 VT1 2 6600 29738 23666 -6072
VT1_2 VT1 2 6700 29912 22779 -7133
VT1_2 VT1 2 6800 31380 23347 -8033
VT1_2 VT1 2 6900 30340 21933 -8407
VT1_2 VT1 2 7000 30852 23136 -7716
VT1_2 VT1 2 7100 31075 23220 -7855
VT1_2 VT1 2 7200 31940 23400 -8540
VT1_2 VT1 2 7300 32104 23288 -8816
VT1_2 VT1 2 7400 32275 23907 -8368
VT1_2 VT1 2 7500 32676 24340 -8336
VT1_2 VT1 2 7600 33325 26488 -6837
VT1_2 VT1 2 7700 32919 25869 -7050
VT1_2 VT1 2 7800 31324 24842 -6482
VT1_2 VT1 2 7900 31883 24210 -7673
VT1_2 VT1 2 8000 32369 22861 -9508
VT1_2 VT1 2 8100 32272 24838 -7434
VT1_2 VT1 2 8200 33473 23649 -9824
VT1_2 VT1 2 8300 32801 23528 -9273
VT1_2 VT1 2 8400 32508 24930 -7578
VT1_2 VT1 2 8500 31868 24599 -7269
VT1_2 VT1 2 8600 31365 23542 -7823
VT1_2 VT1 2 8700 31249 23665 -7584
VT1_2 VT1 2 8800 30420 24381 -6039
VT1_2 VT1 2 8900 30636 25017 -5619
VT1_2 VT1 2 9000 31354 24975 -6379
VT1_2 VT1 2 9100 32172 24456 -7716
VT1_2 VT1 2 9200 31650 23682 -7968
VT1_2 VT1 2 9300 32806 23793 -9013
VT1_2 VT1 2 9400 32066 23341 -8725
VT1_2 VT1 2 9500 32211 23562 -8649
VT1_2 VT1 2 9600 31061 24373 -6688
VT1_2 VT1 2 9700 32984 23643 -9341
VT1_2 VT1 2 9800 33018 24388 -8630
VT1_2 VT1 2 9900 31791 24462 -7329
VT1_2 VT1 2 10000 32849 24104 -8745
VT1_3 VT1 3 0 0 0 0
VT1_3 VT1 3 100 462 13299 12837
VT1_3 VT1 3 200 3089 44791 41702
VT1_3 VT1 3 300 110682 62613 -48069
VT1_3 VT1 3 400 485802 44979 -440823
VT1_3 VT1 3 500 702927 40057 -662870
VT1_3 VT1 3 600 677147 27026 -650121
VT1_3 VT1 3 700 635354 24166 -611188
VT1_3 VT1 3 800 568601 25202 -543399
VT1_3 VT1 3 900 488441 25037 -463404
VT1_3 VT1 3 1000 462748 24002 -438746
VT1_3 VT1 3 1100 536485 29934 -506551
VT1_3 VT1 3 1200 460076 39592 -420484
VT1_3 VT1 3 1300 183507 53044 -130463
VT1_3 VT1 3 1400 71441 50131 -21310
VT1_3 VT1 3 1500 68610 43721 -24889
VT1_3 VT1 3 1600 70592 64845 -5747
VT1_3 VT1 3 1700 74679 64943 -9736
VT1_3 VT1 3 1800 67536 53693 -13843
VT1_3 VT1 3 1900 73548 51366 -22182
VT1_3 VT1 3 2000 68795 50850 -17945
VT1_3 VT1 3 2100 71801 44848 -26953
VT1_3 VT1 3 2200 77282 49095 -28187
VT1_3 VT1 3 2300 77418 51020 -26398
VT1_3 VT1 3 2400 77724 66052 -11672
VT1_3 VT1 3 2500 71112 67986 -3126
VT1_3 VT1 3 2600 76134 65741 -10393
VT1_3 VT1 3 2700 75895 68883 -7012
VT1_3 VT1 3 2800 77380 61895 -15485
VT1_3 VT1 3 2900 71682 64698 -6984
VT1_3 VT1 3 3000 65330 53823 -11507
VT1_3 VT1 3 3100 38453 27790 -10663
VT1_3 VT1 3 3200 32919 24432 -8487
VT1_3 VT1 3 3300 33414 24123 -9291
VT1_3 VT1 3 3400 32441 22577 -9864
VT1_3 VT1 3 3500 32216 23497 -8719
VT1_3 VT1 3 3600 31647 24500 -7147
VT1_3 VT1 3 3700 29904 24160 -5744
VT1_3 VT1 3 3800 29987 23203 -6784
VT1_3 VT1 3 3900 29796 23346 -6450
VT1_3 VT1 3 4000 30079 24655 -5424
VT1_3 VT1 3 4100 30472 25929 -4543
VT1_3 VT1 3 4200 29470 25726 -3744
VT1_3 VT1 3 4300 31561 23801 -7760
VT1_3 VT1 3 4400 29363 23047 -6316
VT1_3 VT1 3 4500 31760 23510 -8250
VT1_3 VT1 3 4600 31244 23219 -8025
VT1_3 VT1 3 4700 33174 24697 -8477
VT1_3 VT1 3 4800 31948 23492 -8456
VT1_3 VT1 3 4900 31377 23422 -7955
VT1_3 VT1 3 5000 32934 23252 -9682
VT1_3 VT1 3 5100 32062 22355 -9707
VT1_3 VT1 3 5200 30932 23211 -7721
VT1_3 VT1 3 5300 32330 23983 -8347
VT1_3 VT1 3 5400 31701 22687 -9014
VT1_3 VT1 3 5500 31152 21926 -9226
VT1_3 VT1 3 5600 31672 22975 -8697
VT1_3 VT1 3 5700 29877 23258 -6619
VT1_3 VT1 3 5800 30583 23111 -7472
VT1_3 VT1 3 5900 31952 24533 -7419
VT1_3 VT1 3 6000 32064 23197 -8867
VT1_3 VT1 3 6100 32343 24345 -7998
VT1_3 VT1 3 6200 32689 23500 -9189
VT1_3 VT1 3 6300 32444 25057 -7387
VT1_3 VT1 3 6400 33424 24723 -8701
VT1_3 VT1 3 6500 31684 24305 -7379
VT1_3 VT1 3 6600 30967 26124 -4843
VT1_3 VT1 3 6700 30227 25654 -4573
VT1_3 VT1 3 6800 30330 23546 -6784
VT1_3 VT1 3 6900 30910 22845 -8065
VT1_3 VT1 3 7000 29154 22778 -6376
VT1_3 VT1 3 7100 30042 23293 -6749
VT1_3 VT1 3 7200 30636 23354 -7282
VT1_3 VT1 3 7300 30919 23789 -7130
VT1_3 VT1 3 7400 31693 23950 -7743
VT1_3 VT1 3 7500 31647 22738 -8909
VT1_3 VT1 3 7600 29934 23973 -5961
VT1_3 VT1 3 7700 31181 26365 -4816
VT1_3 VT1 3 7800 30081 25366 -4715
VT1_3 VT1 3 7900 31241 24500 -6741
VT1_3 VT1 3 8000 30749 22961 -7788
VT1_3 VT1 3 8100 29792 23049 -6743
VT1_3 VT1 3 8200 29762 23300 -6462
VT1_3 VT1 3 8300 29703 24423 -5280
VT1_3 VT1 3 8400 30879 24289 -6590
VT1_3 VT1 3 8500 31501 23739 -7762
VT1_3 VT1 3 8600 29749 24112 -5637
VT1_3 VT1 3 8700 30444 23728 -6716
VT1_3 VT1 3 8800 31317 24546 -6771
VT1_3 VT1 3 8900 31633 23221 -8412
VT1_3 VT1 3 9000 30609 25539 -5070
VT1_3 VT1 3 9100 29488 24394 -5094
VT1_3 VT1 3 9200 29261 23768 -5493
VT1_3 VT1 3 9300 30148 24649 -5499
VT1_3 VT1 3 9400 30614 23994 -6620
VT1_3 VT1 3 9500 31487 23234 -8253
VT1_3 VT1 3 9600 31269 22541 -8728
VT1_3 VT1 3 9700 30152 23299 -6853
VT1_3 VT1 3 9800 29314 23884 -5430
VT1_3 VT1 3 9900 30861 24668 -6193
VT1_3 VT1 3 10000 32679 25239 -7440
VT1_4 VT1 4 0 0 0 0
VT1_4 VT1 4 100 418 13287 12869
VT1_4 VT1 4 200 1205 44686 43481
VT1_4 VT1 4 300 4447 73862 69415
VT1_4 VT1 4 400 186658 59408 -127250
VT1_4 VT1 4 500 438159 34612 -403547
VT1_4 VT1 4 600 412992 26329 -386663
VT1_4 VT1 4 700 324322 23837 -300485
VT1_4 VT1 4 800 306531 25727 -280804
VT1_4 VT1 4 900 205337 27825 -177512
VT1_4 VT1 4 1000 90120 29346 -60774
VT1_4 VT1 4 1100 80094 31001 -49093
VT1_4 VT1 4 1200 69803 32556 -37247
VT1_4 VT1 4 1300 68108 35355 -32753
VT1_4 VT1 4 1400 73887 35582 -38305
VT1_4 VT1 4 1500 70180 33728 -36452
VT1_4 VT1 4 1600 70593 33475 -37118
VT1_4 VT1 4 1700 76986 35014 -41972
VT1_4 VT1 4 1800 74022 35741 -38281
VT1_4 VT1 4 1900 74269 32264 -42005
VT1_4 VT1 4 2000 74791 35099 -39692
VT1_4 VT1 4 2100 78232 35421 -42811
VT1_4 VT1 4 2200 73687 36834 -36853
VT1_4 VT1 4 2300 80729 34144 -46585
VT1_4 VT1 4 2400 75950 34069 -41881
VT1_4 VT1 4 2500 70135 35143 -34992
VT1_4 VT1 4 2600 77198 32922 -44276
VT1_4 VT1 4 2700 75356 36245 -39111
VT1_4 VT1 4 2800 75031 36615 -38416
VT1_4 VT1 4 2900 73350 34686 -38664
VT1_4 VT1 4 3000 66882 34214 -32668
VT1_4 VT1 4 3100 62443 33046 -29397
VT1_4 VT1 4 3200 63260 34754 -28506
VT1_4 VT1 4 3300 67038 35975 -31063
VT1_4 VT1 4 3400 66508 36864 -29644
VT1_4 VT1 4 3500 66181 38024 -28157
VT1_4 VT1 4 3600 65618 33916 -31702
VT1_4 VT1 4 3700 63307 35253 -28054
VT1_4 VT1 4 3800 70564 35482 -35082
VT1_4 VT1 4 3900 61940 35306 -26634
VT1_4 VT1 4 4000 60598 35012 -25586
VT1_4 VT1 4 4100 63425 34840 -28585
VT1_4 VT1 4 4200 65433 31817 -33616
VT1_4 VT1 4 4300 63097 32759 -30338
VT1_4 VT1 4 4400 62413 33437 -28976
VT1_4 VT1 4 4500 65658 33181 -32477
VT1_4 VT1 4 4600 64205 33493 -30712
VT1_4 VT1 4 4700 59076 32901 -26175
VT1_4 VT1 4 4800 55947 32115 -23832
VT1_4 VT1 4 4900 59614 33680 -25934
VT1_4 VT1 4 5000 66619 34772 -31847
VT1_4 VT1 4 5100 61726 35017 -26709
VT1_4 VT1 4 5200 60284 36353 -23931
VT1_4 VT1 4 5300 62706 36557 -26149
VT1_4 VT1 4 5400 60966 35044 -25922
VT1_4 VT1 4 5500 63393 33206 -30187
VT1_4 VT1 4 5600 61071 33005 -28066
VT1_4 VT1 4 5700 59340 32445 -26895
VT1_4 VT1 4 5800 60173 35894 -24279
VT1_4 VT1 4 5900 60984 36177 -24807
VT1_4 VT1 4 6000 56714 34839 -21875
VT1_4 VT1 4 6100 56120 34608 -21512
VT1_4 VT1 4 6200 54372 32084 -22288
VT1_4 VT1 4 6300 59788 30189 -29599
VT1_4 VT1 4 6400 65401 30601 -34800
VT1_4 VT1 4 6500 60670 30238 -30432
VT1_4 VT1 4 6600 60090 30754 -29336
VT1_4 VT1 4 6700 66598 32488 -34110
VT1_4 VT1 4 6800 58035 32237 -25798
VT1_4 VT1 4 6900 59789 34463 -25326
VT1_4 VT1 4 7000 57278 32410 -24868
VT1_4 VT1 4 7100 55253 31202 -24051
VT1_4 VT1 4 7200 58548 34145 -24403
VT1_4 VT1 4 7300 58780 35522 -23258
VT1_4 VT1 4 7400 62020 38404 -23616
VT1_4 VT1 4 7500 56006 35561 -20445
VT1_4 VT1 4 7600 55000 34502 -20498
VT1_4 VT1 4 7700 62032 31696 -30336
VT1_4 VT1 4 7800 57925 31760 -26165
VT1_4 VT1 4 7900 58559 33764 -24795
VT1_4 VT1 4 8000 58216 34338 -23878
VT1_4 VT1 4 8100 54896 43615 -11281
VT1_4 VT1 4 8200 57705 43226 -14479
VT1_4 VT1 4 8300 60441 48274 -12167
VT1_4 VT1 4 8400 59900 52496 -7404
VT1_4 VT1 4 8500 62973 64379 1406
VT1_4 VT1 4 8600 70283 97467 27184
VT1_4 VT1 4 8700 65355 134988 69633
VT1_4 VT1 4 8800 62023 161067 99044
VT1_4 VT1 4 8900 65974 174205 108231
VT1_4 VT1 4 9000 67199 208146 140947
VT1_4 VT1 4 9100 67362 226613 159251
VT1_4 VT1 4 9200 69133 240446 171313
VT1_4 VT1 4 9300 80961 260341 179380
VT1_4 VT1 4 9400 82530 239682 157152
VT1_4 VT1 4 9500 71327 225820 154493
VT1_4 VT1 4 9600 70998 223773 152775
VT1_4 VT1 4 9700 63974 214669 150695
VT1_4 VT1 4 9800 61576 221075 159499
VT1_4 VT1 4 9900 63473 215055 151582
VT1_4 VT1 4 10000 68891 188861 119970
VT1_5 VT1 5 0 0 0 0
VT1_5 VT1 5 100 429 13116 12687
VT1_5 VT1 5 200 1251 44305 43054
VT1_5 VT1 5 300 6471 97364 90893
VT1_5 VT1 5 400 298766 71389 -227377
VT1_5 VT1 5 500 402585 36283 -366302
VT1_5 VT1 5 600 367861 28251 -339610
VT1_5 VT1 5 700 315590 25710 -289880
VT1_5 VT1 5 800 209308 25827 -183481
VT1_5 VT1 5 900 142333 28461 -113872
VT1_5 VT1 5 1000 88295 30404 -57891
VT1_5 VT1 5 1100 99246 38047 -61199
VT1_5 VT1 5 1200 88861 55846 -33015
VT1_5 VT1 5 1300 95282 73510 -21772
VT1_5 VT1 5 1400 83103 84794 1691
VT1_5 VT1 5 1500 84406 73488 -10918
VT1_5 VT1 5 1600 78705 61056 -17649
VT1_5 VT1 5 1700 80523 73042 -7481
VT1_5 VT1 5 1800 92201 110123 17922
VT1_5 VT1 5 1900 88477 142227 53750
VT1_5 VT1 5 2000 82343 137523 55180
VT1_5 VT1 5 2100 79107 116548 37441
VT1_5 VT1 5 2200 82362 117662 35300
VT1_5 VT1 5 2300 74930 113827 38897
VT1_5 VT1 5 2400 76909 116484 39575
VT1_5 VT1 5 2500 74810 105246 30436
VT1_5 VT1 5 2600 83019 105555 22536
VT1_5 VT1 5 2700 73585 97562 23977
VT1_5 VT1 5 2800 78307 93179 14872
VT1_5 VT1 5 2900 74864 96073 21209
VT1_5 VT1 5 3000 78187 97063 18876
VT1_5 VT1 5 3100 74788 106138 31350
VT1_5 VT1 5 3200 65414 139804 74390
VT1_5 VT1 5 3300 71303 142736 71433
VT1_5 VT1 5 3400 67123 164124 97001
VT1_5 VT1 5 3500 64730 170800 106070
VT1_5 VT1 5 3600 68953 164588 95635
VT1_5 VT1 5 3700 71966 161377 89411
VT1_5 VT1 5 3800 65184 167563 102379
VT1_5 VT1 5 3900 66900 159800 92900
VT1_5 VT1 5 4000 65712 143310 77598
VT1_5 VT1 5 4100 69237 149294 80057
VT1_5 VT1 5 4200 69389 158494 89105
VT1_5 VT1 5 4300 65658 165632 99974
VT1_5 VT1 5 4400 70839 167826 96987
VT1_5 VT1 5 4500 66753 181502 114749
VT1_5 VT1 5 4600 65051 175183 110132
VT1_5 VT1 5 4700 68050 154133 86083
VT1_5 VT1 5 4800 70760 137568 66808
VT1_5 VT1 5 4900 68587 143936 75349
VT1_5 VT1 5 5000 67872 157088 89216
VT1_5 VT1 5 5100 62338 149151 86813
VT1_5 VT1 5 5200 64888 165808 100920
VT1_5 VT1 5 5300 65787 155842 90055
VT1_5 VT1 5 5400 65058 174268 109210
VT1_5 VT1 5 5500 65511 155889 90378
VT1_5 VT1 5 5600 69982 139491 69509
VT1_5 VT1 5 5700 61571 125612 64041
VT1_5 VT1 5 5800 63275 121870 58595
VT1_5 VT1 5 5900 64296 156982 92686
VT1_5 VT1 5 6000 64963 165533 100570
VT1_5 VT1 5 6100 66218 155468 89250
VT1_5 VT1 5 6200 64269 139514 75245
VT1_5 VT1 5 6300 63542 131160 67618
VT1_5 VT1 5 6400 65799 157961 92162
VT1_5 VT1 5 6500 65599 170551 104952
VT1_5 VT1 5 6600 65935 158382 92447
VT1_5 VT1 5 6700 69148 164143 94995
VT1_5 VT1 5 6800 64383 172723 108340
VT1_5 VT1 5 6900 61527 161228 99701
VT1_5 VT1 5 7000 65905 143873 77968
VT1_5 VT1 5 7100 65741 147378 81637
VT1_5 VT1 5 7200 69008 179580 110572
VT1_5 VT1 5 7300 63001 226852 163851
VT1_5 VT1 5 7400 59166 232372 173206
VT1_5 VT1 5 7500 60674 240027 179353
VT1_5 VT1 5 7600 57299 254946 197647
VT1_5 VT1 5 7700 62273 271624 209351
VT1_5 VT1 5 7800 62974 234475 171501
VT1_5 VT1 5 7900 57333 227024 169691
VT1_5 VT1 5 8000 60661 206713 146052
VT1_5 VT1 5 8100 67842 181891 114049
VT1_5 VT1 5 8200 61925 165919 103994
VT1_5 VT1 5 8300 59935 147864 87929
VT1_5 VT1 5 8400 66567 150299 83732
VT1_5 VT1 5 8500 70485 141708 71223
VT1_5 VT1 5 8600 66868 145635 78767
VT1_5 VT1 5 8700 65088 149477 84389
VT1_5 VT1 5 8800 64291 149970 85679
VT1_5 VT1 5 8900 67490 132112 64622
VT1_5 VT1 5 9000 62831 133558 70727
VT1_5 VT1 5 9100 67098 113116 46018
VT1_5 VT1 5 9200 63520 108277 44757
VT1_5 VT1 5 9300 69336 121234 51898
VT1_5 VT1 5 9400 67288 132752 65464
VT1_5 VT1 5 9500 62669 120804 58135
VT1_5 VT1 5 9600 65603 121932 56329
VT1_5 VT1 5 9700 65579 131099 65520
VT1_5 VT1 5 9800 61340 138479 77139
VT1_5 VT1 5 9900 62056 141759 79703
VT1_5 VT1 5 10000 64635 140807 76172
VT1_6 VT1 6 0 0 0 0
VT1_6 VT1 6 100 453 13318 12865
VT1_6 VT1 6 200 1206 44101 42895
VT1_6 VT1 6 300 8417 87422 79005
VT1_6 VT1 6 400 183910 86998 -96912
VT1_6 VT1 6 500 484346 84709 -399637
VT1_6 VT1 6 600 502529 90593 -411936
VT1_6 VT1 6 700 506656 95563 -411093
VT1_6 VT1 6 800 500122 102023 -398099
VT1_6 VT1 6 900 486826 113779 -373047
VT1_6 VT1 6 1000 471975 129403 -342572
VT1_6 VT1 6 1100 393967 136766 -257201
VT1_6 VT1 6 1200 202164 115738 -86426
VT1_6 VT1 6 1300 97653 115503 17850
VT1_6 VT1 6 1400 73405 112272 38867
VT1_6 VT1 6 1500 62924 141195 78271
VT1_6 VT1 6 1600 62975 181577 118602
VT1_6 VT1 6 1700 64397 177038 112641
VT1_6 VT1 6 1800 65884 199125 133241
VT1_6 VT1 6 1900 68400 187382 118982
VT1_6 VT1 6 2000 62826 150599 87773
VT1_6 VT1 6 2100 51726 165818 114092
VT1_6 VT1 6 2200 48557 172239 123682
VT1_6 VT1 6 2300 61143 206509 145366
VT1_6 VT1 6 2400 58235 174266 116031
VT1_6 VT1 6 2500 53149 133080 79931
VT1_6 VT1 6 2600 52210 122617 70407
VT1_6 VT1 6 2700 52233 98386 46153
VT1_6 VT1 6 2800 48706 107030 58324
VT1_6 VT1 6 2900 54820 113272 58452
VT1_6 VT1 6 3000 49588 114935 65347
VT1_6 VT1 6 3100 48659 114938 66279
VT1_6 VT1 6 3200 51620 118477 66857
VT1_6 VT1 6 3300 51599 126396 74797
VT1_6 VT1 6 3400 51810 130201 78391
VT1_6 VT1 6 3500 46730 117764 71034
VT1_6 VT1 6 3600 54391 113068 58677
VT1_6 VT1 6 3700 52508 118164 65656
VT1_6 VT1 6 3800 48394 132081 83687
VT1_6 VT1 6 3900 48731 125050 76319
VT1_6 VT1 6 4000 49421 145478 96057
VT1_6 VT1 6 4100 52610 140554 87944
VT1_6 VT1 6 4200 56036 150740 94704
VT1_6 VT1 6 4300 57033 164328 107295
VT1_6 VT1 6 4400 53308 177100 123792
VT1_6 VT1 6 4500 47954 198310 150356
VT1_6 VT1 6 4600 49598 189375 139777
VT1_6 VT1 6 4700 47163 193539 146376
VT1_6 VT1 6 4800 46079 207328 161249
VT1_6 VT1 6 4900 46811 207430 160619
VT1_6 VT1 6 5000 49975 221726 171751
VT1_6 VT1 6 5100 47051 230091 183040
VT1_6 VT1 6 5200 49647 263409 213762
VT1_6 VT1 6 5300 50549 254379 203830
VT1_6 VT1 6 5400 51187 226960 175773
VT1_6 VT1 6 5500 50879 219103 168224
VT1_6 VT1 6 5600 47086 211541 164455
VT1_6 VT1 6 5700 46626 232055 185429
VT1_6 VT1 6 5800 45104 247318 202214
VT1_6 VT1 6 5900 45507 241015 195508
VT1_6 VT1 6 6000 48191 232916 184725
VT1_6 VT1 6 6100 47855 193828 145973
VT1_6 VT1 6 6200 49989 195510 145521
VT1_6 VT1 6 6300 52952 219289 166337
VT1_6 VT1 6 6400 46650 225559 178909
VT1_6 VT1 6 6500 45552 224839 179287
VT1_6 VT1 6 6600 47651 271840 224189
VT1_6 VT1 6 6700 51542 262975 211433
VT1_6 VT1 6 6800 50480 258720 208240
VT1_6 VT1 6 6900 54520 253348 198828
VT1_6 VT1 6 7000 52908 222121 169213
VT1_6 VT1 6 7100 50587 233390 182803
VT1_6 VT1 6 7200 52449 247847 195398
VT1_6 VT1 6 7300 49409 270551 221142
VT1_6 VT1 6 7400 48581 267539 218958
VT1_6 VT1 6 7500 48825 242489 193664
VT1_6 VT1 6 7600 48600 236137 187537
VT1_6 VT1 6 7700 50090 206602 156512
VT1_6 VT1 6 7800 55407 229596 174189
VT1_6 VT1 6 7900 51783 250474 198691
VT1_6 VT1 6 8000 49923 227456 177533
VT1_6 VT1 6 8100 49864 246008 196144
VT1_6 VT1 6 8200 52826 244830 192004
VT1_6 VT1 6 8300 47307 243285 195978
VT1_6 VT1 6 8400 46769 231364 184595
VT1_6 VT1 6 8500 49059 227789 178730
VT1_6 VT1 6 8600 46487 203276 156789
VT1_6 VT1 6 8700 46690 242414 195724
VT1_6 VT1 6 8800 47171 260196 213025
VT1_6 VT1 6 8900 49578 241368 191790
VT1_6 VT1 6 9000 48501 235049 186548
VT1_6 VT1 6 9100 46723 229002 182279
VT1_6 VT1 6 9200 52598 232776 180178
VT1_6 VT1 6 9300 50364 250257 199893
VT1_6 VT1 6 9400 48714 247006 198292
VT1_6 VT1 6 9500 51008 224290 173282
VT1_6 VT1 6 9600 56363 221693 165330
VT1_6 VT1 6 9700 51670 250426 198756
VT1_6 VT1 6 9800 55168 226532 171364
VT1_6 VT1 6 9900 54858 228664 173806
VT1_6 VT1 6 10000 51615 251915 200300
VT1_7 VT1 7 0 0 0 0
VT1_7 VT1 7 100 486 12892 12406
VT1_7 VT1 7 200 1370 43906 42536
VT1_7 VT1 7 300 4143 74276 70133
VT1_7 VT1 7 400 185392 58651 -126741
VT1_7 VT1 7 500 408958 34101 -374857
VT1_7 VT1 7 600 417465 27924 -389541
VT1_7 VT1 7 700 346818 27252 -319566
VT1_7 VT1 7 800 176843 27673 -149170
VT1_7 VT1 7 900 112699 25898 -86801
VT1_7 VT1 7 1000 94163 27460 -66703
VT1_7 VT1 7 1100 80941 33175 -47766
VT1_7 VT1 7 1200 76391 34845 -41546
VT1_7 VT1 7 1300 73786 37664 -36122
VT1_7 VT1 7 1400 66202 37012 -29190
VT1_7 VT1 7 1500 67381 34841 -32540
VT1_7 VT1 7 1600 64054 32631 -31423
VT1_7 VT1 7 1700 70717 33313 -37404
VT1_7 VT1 7 1800 72599 33683 -38916
VT1_7 VT1 7 1900 65584 32864 -32720
VT1_7 VT1 7 2000 62867 33166 -29701
VT1_7 VT1 7 2100 67453 33656 -33797
VT1_7 VT1 7 2200 70218 33591 -36627
VT1_7 VT1 7 2300 64963 32333 -32630
VT1_7 VT1 7 2400 66264 34874 -31390
VT1_7 VT1 7 2500 61250 33688 -27562
VT1_7 VT1 7 2600 65391 31190 -34201
VT1_7 VT1 7 2700 66824 28445 -38379
VT1_7 VT1 7 2800 68743 29572 -39171
VT1_7 VT1 7 2900 66369 29983 -36386
VT1_7 VT1 7 3000 63349 30127 -33222
VT1_7 VT1 7 3100 60688 28638 -32050
VT1_7 VT1 7 3200 59156 30063 -29093
VT1_7 VT1 7 3300 67421 31827 -35594
VT1_7 VT1 7 3400 66033 31929 -34104
VT1_7 VT1 7 3500 65553 32179 -33374
VT1_7 VT1 7 3600 62685 31831 -30854
VT1_7 VT1 7 3700 60512 32234 -28278
VT1_7 VT1 7 3800 59982 32817 -27165
VT1_7 VT1 7 3900 58792 34989 -23803
VT1_7 VT1 7 4000 66053 32200 -33853
VT1_7 VT1 7 4100 64234 32204 -32030
VT1_7 VT1 7 4200 64038 30161 -33877
VT1_7 VT1 7 4300 66767 31583 -35184
VT1_7 VT1 7 4400 59160 31284 -27876
VT1_7 VT1 7 4500 60525 31830 -28695
VT1_7 VT1 7 4600 65125 36021 -29104
VT1_7 VT1 7 4700 68396 34592 -33804
VT1_7 VT1 7 4800 65037 33391 -31646
VT1_7 VT1 7 4900 65750 35529 -30221
VT1_7 VT1 7 5000 62933 30874 -32059
VT1_7 VT1 7 5100 64536 34516 -30020
VT1_7 VT1 7 5200 68643 33827 -34816
VT1_7 VT1 7 5300 68470 34386 -34084
VT1_7 VT1 7 5400 69345 33615 -35730
VT1_7 VT1 7 5500 68211 31287 -36924
VT1_7 VT1 7 5600 71053 31683 -39370
VT1_7 VT1 7 5700 63149 30467 -32682
VT1_7 VT1 7 5800 59812 31585 -28227
VT1_7 VT1 7 5900 63778 32817 -30961
VT1_7 VT1 7 6000 58475 31783 -26692
VT1_7 VT1 7 6100 61177 33219 -27958
VT1_7 VT1 7 6200 63805 33231 -30574
VT1_7 VT1 7 6300 65963 31821 -34142
VT1_7 VT1 7 6400 59898 31317 -28581
VT1_7 VT1 7 6500 63040 28544 -34496
VT1_7 VT1 7 6600 61879 29582 -32297
VT1_7 VT1 7 6700 63238 30531 -32707
VT1_7 VT1 7 6800 65179 29493 -35686
VT1_7 VT1 7 6900 59930 29660 -30270
VT1_7 VT1 7 7000 60322 30058 -30264
VT1_7 VT1 7 7100 62421 29313 -33108
VT1_7 VT1 7 7200 58725 28911 -29814
VT1_7 VT1 7 7300 63598 28362 -35236
VT1_7 VT1 7 7400 66342 29978 -36364
VT1_7 VT1 7 7500 63585 31985 -31600
VT1_7 VT1 7 7600 66480 31858 -34622
VT1_7 VT1 7 7700 70133 30109 -40024
VT1_7 VT1 7 7800 64014 28579 -35435
VT1_7 VT1 7 7900 65124 28539 -36585
VT1_7 VT1 7 8000 67609 30452 -37157
VT1_7 VT1 7 8100 60089 30840 -29249
VT1_7 VT1 7 8200 62530 32090 -30440
VT1_7 VT1 7 8300 63874 28678 -35196
VT1_7 VT1 7 8400 61803 28210 -33593
VT1_7 VT1 7 8500 61848 30164 -31684
VT1_7 VT1 7 8600 56773 31176 -25597
VT1_7 VT1 7 8700 65255 31825 -33430
VT1_7 VT1 7 8800 68724 33540 -35184
VT1_7 VT1 7 8900 64221 32941 -31280
VT1_7 VT1 7 9000 62179 30422 -31757
VT1_7 VT1 7 9100 66767 31436 -35331
VT1_7 VT1 7 9200 59193 31891 -27302
VT1_7 VT1 7 9300 61925 33952 -27973
VT1_7 VT1 7 9400 59240 32850 -26390
VT1_7 VT1 7 9500 57790 31975 -25815
VT1_7 VT1 7 9600 63832 30753 -33079
VT1_7 VT1 7 9700 62225 31429 -30796
VT1_7 VT1 7 9800 67623 31383 -36240
VT1_7 VT1 7 9900 68359 32315 -36044
VT1_7 VT1 7 10000 67051 34148 -32903
VT1_8 VT1 8 0 0 0 0
VT1_8 VT1 8 100 423 13261 12838
VT1_8 VT1 8 200 1247 44231 42984
VT1_8 VT1 8 300 20381 70420 50039
VT1_8 VT1 8 400 229950 89776 -140174
VT1_8 VT1 8 500 206058 39529 -166529
VT1_8 VT1 8 600 123267 22098 -101169
VT1_8 VT1 8 700 177928 19861 -158067
VT1_8 VT1 8 800 205928 21216 -184712
VT1_8 VT1 8 900 173213 24310 -148903
VT1_8 VT1 8 1000 129701 30959 -98742
VT1_8 VT1 8 1100 97027 44399 -52628
VT1_8 VT1 8 1200 94623 58116 -36507
VT1_8 VT1 8 1300 88839 55127 -33712
VT1_8 VT1 8 1400 92541 49799 -42742
VT1_8 VT1 8 1500 98826 54847 -43979
VT1_8 VT1 8 1600 78898 67468 -11430
VT1_8 VT1 8 1700 79221 82869 3648
VT1_8 VT1 8 1800 80964 77996 -2968
VT1_8 VT1 8 1900 72672 65046 -7626
VT1_8 VT1 8 2000 75258 64908 -10350
VT1_8 VT1 8 2100 86778 63136 -23642
VT1_8 VT1 8 2200 74500 73698 -802
VT1_8 VT1 8 2300 68888 68448 -440
VT1_8 VT1 8 2400 66343 81595 15252
VT1_8 VT1 8 2500 69240 76782 7542
VT1_8 VT1 8 2600 66377 84348 17971
VT1_8 VT1 8 2700 54297 58212 3915
VT1_8 VT1 8 2800 33553 29910 -3643
VT1_8 VT1 8 2900 33587 24715 -8872
VT1_8 VT1 8 3000 31594 25145 -6449
VT1_8 VT1 8 3100 30687 26330 -4357
VT1_8 VT1 8 3200 31825 24521 -7304
VT1_8 VT1 8 3300 32760 25636 -7124
VT1_8 VT1 8 3400 33586 25273 -8313
VT1_8 VT1 8 3500 33422 23675 -9747
VT1_8 VT1 8 3600 33298 24124 -9174
VT1_8 VT1 8 3700 32606 24866 -7740
VT1_8 VT1 8 3800 31643 25708 -5935
VT1_8 VT1 8 3900 32524 26451 -6073
VT1_8 VT1 8 4000 32365 25802 -6563
VT1_8 VT1 8 4100 33636 25028 -8608
VT1_8 VT1 8 4200 33111 24805 -8306
VT1_8 VT1 8 4300 32236 23104 -9132
VT1_8 VT1 8 4400 34234 24241 -9993
VT1_8 VT1 8 4500 32779 25937 -6842
VT1_8 VT1 8 4600 31176 25548 -5628
VT1_8 VT1 8 4700 31609 24434 -7175
VT1_8 VT1 8 4800 33383 23836 -9547
VT1_8 VT1 8 4900 32387 23624 -8763
VT1_8 VT1 8 5000 31355 24304 -7051
VT1_8 VT1 8 5100 32943 24045 -8898
VT1_8 VT1 8 5200 31785 22115 -9670
VT1_8 VT1 8 5300 32114 23061 -9053
VT1_8 VT1 8 5400 34424 24179 -10245
VT1_8 VT1 8 5500 34790 23842 -10948
VT1_8 VT1 8 5600 33591 23582 -10009
VT1_8 VT1 8 5700 32619 25325 -7294
VT1_8 VT1 8 5800 32410 25535 -6875
VT1_8 VT1 8 5900 33726 25439 -8287
VT1_8 VT1 8 6000 32309 24551 -7758
VT1_8 VT1 8 6100 32650 24850 -7800
VT1_8 VT1 8 6200 31369 24646 -6723
VT1_8 VT1 8 6300 32656 24247 -8409
VT1_8 VT1 8 6400 33997 25616 -8381
VT1_8 VT1 8 6500 33989 25282 -8707
VT1_8 VT1 8 6600 35108 25157 -9951
VT1_8 VT1 8 6700 34396 25359 -9037
VT1_8 VT1 8 6800 34112 25074 -9038
VT1_8 VT1 8 6900 33742 25629 -8113
VT1_8 VT1 8 7000 34366 25486 -8880
VT1_8 VT1 8 7100 35709 24272 -11437
VT1_8 VT1 8 7200 32933 22938 -9995
VT1_8 VT1 8 7300 33438 22602 -10836
VT1_8 VT1 8 7400 34178 23087 -11091
VT1_8 VT1 8 7500 33415 24415 -9000
VT1_8 VT1 8 7600 32880 25029 -7851
VT1_8 VT1 8 7700 33228 26831 -6397
VT1_8 VT1 8 7800 34984 25651 -9333
VT1_8 VT1 8 7900 33746 25224 -8522
VT1_8 VT1 8 8000 33018 25197 -7821
VT1_8 VT1 8 8100 33310 24708 -8602
VT1_8 VT1 8 8200 33725 25853 -7872
VT1_8 VT1 8 8300 33902 25200 -8702
VT1_8 VT1 8 8400 33801 24571 -9230
VT1_8 VT1 8 8500 32906 24939 -7967
VT1_8 VT1 8 8600 32740 24470 -8270
VT1_8 VT1 8 8700 31200 24951 -6249
VT1_8 VT1 8 8800 32155 25681 -6474
VT1_8 VT1 8 8900 33923 25869 -8054
VT1_8 VT1 8 9000 32316 24840 -7476
VT1_8 VT1 8 9100 30613 25007 -5606
VT1_8 VT1 8 9200 31819 26262 -5557
VT1_8 VT1 8 9300 31611 25183 -6428
VT1_8 VT1 8 9400 33350 24002 -9348
VT1_8 VT1 8 9500 34443 25204 -9239
VT1_8 VT1 8 9600 35298 24795 -10503
VT1_8 VT1 8 9700 34666 23667 -10999
VT1_8 VT1 8 9800 33340 23967 -9373
VT1_8 VT1 8 9900 32493 22933 -9560
VT1_8 VT1 8 10000 32676 24722 -7954
VT1_9 VT1 9 0 0 0 0
VT1_9 VT1 9 100 480 13332 12852
VT1_9 VT1 9 200 5083 60657 55574
VT1_9 VT1 9 300 353588 59394 -294194
VT1_9 VT1 9 400 627831 33267 -594564
VT1_9 VT1 9 500 626157 31342 -594815
VT1_9 VT1 9 600 572900 23461 -549439
VT1_9 VT1 9 700 532996 23660 -509336
VT1_9 VT1 9 800 479397 25423 -453974
VT1_9 VT1 9 900 441361 23321 -418040
VT1_9 VT1 9 1000 407794 27392 -380402
VT1_9 VT1 9 1100 443260 37810 -405450
VT1_9 VT1 9 1200 419717 45761 -373956
VT1_9 VT1 9 1300 281761 49691 -232070
VT1_9 VT1 9 1400 154912 56106 -98806
VT1_9 VT1 9 1500 86754 65168 -21586
VT1_9 VT1 9 1600 78745 59445 -19300
VT1_9 VT1 9 1700 77221 55711 -21510
VT1_9 VT1 9 1800 88401 41706 -46695
VT1_9 VT1 9 1900 92858 40279 -52579
VT1_9 VT1 9 2000 76545 38533 -38012
VT1_9 VT1 9 2100 79074 37488 -41586
VT1_9 VT1 9 2200 80445 37607 -42838
VT1_9 VT1 9 2300 79453 33812 -45641
VT1_9 VT1 9 2400 85330 34392 -50938
VT1_9 VT1 9 2500 77908 37248 -40660
VT1_9 VT1 9 2600 66221 46969 -19252
VT1_9 VT1 9 2700 70348 58342 -12006
VT1_9 VT1 9 2800 42010 37583 -4427
VT1_9 VT1 9 2900 35209 27487 -7722
VT1_9 VT1 9 3000 34718 27321 -7397
VT1_9 VT1 9 3100 32544 25438 -7106
VT1_9 VT1 9 3200 32461 23779 -8682
VT1_9 VT1 9 3300 32581 22338 -10243
VT1_9 VT1 9 3400 31330 21441 -9889
VT1_9 VT1 9 3500 31764 22357 -9407
VT1_9 VT1 9 3600 31969 22834 -9135
VT1_9 VT1 9 3700 32195 22674 -9521
VT1_9 VT1 9 3800 30795 22335 -8460
VT1_9 VT1 9 3900 30271 23533 -6738
VT1_9 VT1 9 4000 30044 25375 -4669
VT1_9 VT1 9 4100 30487 25422 -5065
VT1_9 VT1 9 4200 31357 25035 -6322
VT1_9 VT1 9 4300 32098 23066 -9032
VT1_9 VT1 9 4400 31678 23803 -7875
VT1_9 VT1 9 4500 31322 23482 -7840
VT1_9 VT1 9 4600 30167 24172 -5995
VT1_9 VT1 9 4700 29483 24350 -5133
VT1_9 VT1 9 4800 31449 23457 -7992
VT1_9 VT1 9 4900 30939 23835 -7104
VT1_9 VT1 9 5000 30739 22066 -8673
VT1_9 VT1 9 5100 31045 22130 -8915
VT1_9 VT1 9 5200 29696 23183 -6513
VT1_9 VT1 9 5300 31052 23681 -7371
VT1_9 VT1 9 5400 31274 23152 -8122
VT1_9 VT1 9 5500 31482 22701 -8781
VT1_9 VT1 9 5600 30718 24591 -6127
VT1_9 VT1 9 5700 31054 24372 -6682
VT1_9 VT1 9 5800 31097 24195 -6902
VT1_9 VT1 9 5900 31354 22555 -8799
VT1_9 VT1 9 6000 32117 23435 -8682
VT1_9 VT1 9 6100 32345 23109 -9236
VT1_9 VT1 9 6200 31844 23193 -8651
VT1_9 VT1 9 6300 31862 24223 -7639
VT1_9 VT1 9 6400 31085 23932 -7153
VT1_9 VT1 9 6500 30639 24655 -5984
VT1_9 VT1 9 6600 31635 24127 -7508
VT1_9 VT1 9 6700 31668 23969 -7699
VT1_9 VT1 9 6800 31282 23786 -7496
VT1_9 VT1 9 6900 32285 23551 -8734
VT1_9 VT1 9 7000 31096 24092 -7004
VT1_9 VT1 9 7100 30548 24440 -6108
VT1_9 VT1 9 7200 31889 23564 -8325
VT1_9 VT1 9 7300 29623 23590 -6033
VT1_9 VT1 9 7400 30175 22976 -7199
VT1_9 VT1 9 7500 31598 24043 -7555
VT1_9 VT1 9 7600 30890 25127 -5763
VT1_9 VT1 9 7700 29905 24278 -5627
VT1_9 VT1 9 7800 29786 23853 -5933
VT1_9 VT1 9 7900 31977 24929 -7048
VT1_9 VT1 9 8000 31693 25524 -6169
VT1_9 VT1 9 8100 31428 24878 -6550
VT1_9 VT1 9 8200 30391 24213 -6178
VT1_9 VT1 9 8300 31888 24187 -7701
VT1_9 VT1 9 8400 32830 25214 -7616
VT1_9 VT1 9 8500 31611 24180 -7431
VT1_9 VT1 9 8600 30912 24336 -6576
VT1_9 VT1 9 8700 29667 23696 -5971
VT1_9 VT1 9 8800 29681 22752 -6929
VT1_9 VT1 9 8900 31198 24205 -6993
VT1_9 VT1 9 9000 31217 23126 -8091
VT1_9 VT1 9 9100 31845 24259 -7586
VT1_9 VT1 9 9200 31509 24276 -7233
VT1_9 VT1 9 9300 31506 25411 -6095
VT1_9 VT1 9 9400 30678 25679 -4999
VT1_9 VT1 9 9500 30889 25558 -5331
VT1_9 VT1 9 9600 31197 24969 -6228
VT1_9 VT1 9 9700 31610 24798 -6812
VT1_9 VT1 9 9800 32833 24451 -8382
VT1_9 VT1 9 9900 31497 22976 -8521
VT1_9 VT1 9 10000 31819 23766 -8053
VT1_10 VT1 10 0 0 0 0
VT1_10 VT1 10 100 425 13389 12964
VT1_10 VT1 10 200 1258 44751 43493
VT1_10 VT1 10 300 10368 126805 116437
VT1_10 VT1 10 400 74333 80634 6301
VT1_10 VT1 10 500 328142 34190 -293952
VT1_10 VT1 10 600 257311 26171 -231140
VT1_10 VT1 10 700 163527 25048 -138479
VT1_10 VT1 10 800 106851 23358 -83493
VT1_10 VT1 10 900 97719 27204 -70515
VT1_10 VT1 10 1000 82023 31830 -50193
VT1_10 VT1 10 1100 60184 35957 -24227
VT1_10 VT1 10 1200 67946 40852 -27094
VT1_10 VT1 10 1300 80406 51653 -28753
VT1_10 VT1 10 1400 67077 53221 -13856
VT1_10 VT1 10 1500 73242 66199 -7043
VT1_10 VT1 10 1600 72445 73141 696
VT1_10 VT1 10 1700 76910 81202 4292
VT1_10 VT1 10 1800 75291 84055 8764
VT1_10 VT1 10 1900 71724 68472 -3252
VT1_10 VT1 10 2000 66571 68046 1475
VT1_10 VT1 10 2100 74249 67478 -6771
VT1_10 VT1 10 2200 69003 71147 2144
VT1_10 VT1 10 2300 74945 58283 -16662
VT1_10 VT1 10 2400 75399 55269 -20130
VT1_10 VT1 10 2500 75875 57783 -18092
VT1_10 VT1 10 2600 72602 70279 -2323
VT1_10 VT1 10 2700 71240 73196 1956
VT1_10 VT1 10 2800 69676 84068 14392
VT1_10 VT1 10 2900 72674 79014 6340
VT1_10 VT1 10 3000 67628 68738 1110
VT1_10 VT1 10 3100 70751 71603 852
VT1_10 VT1 10 3200 72962 75221 2259
VT1_10 VT1 10 3300 64094 75979 11885
VT1_10 VT1 10 3400 72179 69172 -3007
VT1_10 VT1 10 3500 81829 72234 -9595
VT1_10 VT1 10 3600 77135 80640 3505
VT1_10 VT1 10 3700 76270 71561 -4709
VT1_10 VT1 10 3800 79507 61163 -18344
VT1_10 VT1 10 3900 76578 64374 -12204
VT1_10 VT1 10 4000 66417 53901 -12516
VT1_10 VT1 10 4100 62562 50772 -11790
VT1_10 VT1 10 4200 69880 69606 -274
VT1_10 VT1 10 4300 67631 89008 21377
VT1_10 VT1 10 4400 64898 85062 20164
VT1_10 VT1 10 4500 66958 78524 11566
VT1_10 VT1 10 4600 64253 69064 4811
VT1_10 VT1 10 4700 72947 71001 -1946
VT1_10 VT1 10 4800 69560 71067 1507
VT1_10 VT1 10 4900 72465 67667 -4798
VT1_10 VT1 10 5000 68259 68017 -242
VT1_10 VT1 10 5100 63061 68148 5087
VT1_10 VT1 10 5200 64073 92375 28302
VT1_10 VT1 10 5300 67253 113559 46306
VT1_10 VT1 10 5400 62522 126245 63723
VT1_10 VT1 10 5500 60744 133740 72996
VT1_10 VT1 10 5600 67004 136215 69211
VT1_10 VT1 10 5700 61207 129828 68621
VT1_10 VT1 10 5800 59985 143874 83889
VT1_10 VT1 10 5900 60047 129694 69647
VT1_10 VT1 10 6000 60283 134266 73983
VT1_10 VT1 10 6100 59803 135540 75737
VT1_10 VT1 10 6200 60616 138917 78301
VT1_10 VT1 10 6300 61959 115633 53674
VT1_10 VT1 10 6400 62792 101242 38450
VT1_10 VT1 10 6500 61395 98269 36874
VT1_10 VT1 10 6600 61612 112139 50527
VT1_10 VT1 10 6700 66786 101328 34542
VT1_10 VT1 10 6800 61826 116990 55164
VT1_10 VT1 10 6900 60265 103281 43016
VT1_10 VT1 10 7000 60371 94209 33838
VT1_10 VT1 10 7100 59106 94560 35454
VT1_10 VT1 10 7200 62161 82251 20090
VT1_10 VT1 10 7300 58264 89485 31221
VT1_10 VT1 10 7400 65037 96597 31560
VT1_10 VT1 10 7500 60863 84999 24136
VT1_10 VT1 10 7600 64586 76921 12335
VT1_10 VT1 10 7700 56984 110096 53112
VT1_10 VT1 10 7800 63116 118811 55695
VT1_10 VT1 10 7900 59839 127553 67714
VT1_10 VT1 10 8000 61788 143653 81865
VT1_10 VT1 10 8100 62272 134869 72597
VT1_10 VT1 10 8200 60114 114261 54147
VT1_10 VT1 10 8300 62728 124945 62217
VT1_10 VT1 10 8400 66970 107580 40610
VT1_10 VT1 10 8500 62596 109764 47168
VT1_10 VT1 10 8600 64743 110360 45617
VT1_10 VT1 10 8700 62495 123073 60578
VT1_10 VT1 10 8800 63366 95543 32177
VT1_10 VT1 10 8900 60742 91706 30964
VT1_10 VT1 10 9000 63162 108254 45092
VT1_10 VT1 10 9100 66401 108503 42102
VT1_10 VT1 10 9200 61111 116644 55533
VT1_10 VT1 10 9300 58443 129212 70769
VT1_10 VT1 10 9400 58315 136916 78601
VT1_10 VT1 10 9500 59012 125124 66112
VT1_10 VT1 10 9600 60589 123993 63404
VT1_10 VT1 10 9700 61400 127146 65746
VT1_10 VT1 10 9800 60906 132059 71153
VT1_10 VT1 10 9900 61502 146008 84506
VT1_10 VT1 10 10000 58114 142574 84460
