uid treatment rep update steal_count donate_count difference
VT0_1 VT0 1 0 0 0 0
VT0_1 VT0 1 100 2 811 809
VT0_1 VT0 1 200 307 7998 7691
VT0_1 VT0 1 300 547 14038 13491
VT0_1 VT0 1 400 729 18075 17346
VT0_1 VT0 1 500 3776 24235 20459
VT0_1 VT0 1 600 42671 32241 -10430
VT0_1 VT0 1 700 128789 36412 -92377
VT0_1 VT0 1 800 169830 32554 -137276
VT0_1 VT0 1 900 192594 23832 -168762
VT0_1 VT0 1 1000 260656 21445 -239211
VT0_1 VT0 1 1100 365374 18556 -346818
VT0_1 VT0 1 1200 455883 17157 -438726
VT0_1 VT0 1 1300 493094 16746 -476348
VT0_1 VT0 1 1400 526309 15383 -510926
VT0_1 VT0 1 1500 531534 15244 -516290
VT0_1 VT0 1 1600 513410 14090 -499320
VT0_1 VT0 1 1700 495313 12676 -482637
VT0_1 VT0 1 1800 459777 12205 -447572
VT0_1 VT0 1 1900 484789 12811 -471978
VT0_1 VT0 1 2000 520017 13452 -506565
VT0_1 VT0 1 2100 509214 13241 -495973
VT0_1 VT0 1 2200 478597 12714 -465883
VT0_1 VT0 1 2300 434214 11664 -422550
VT0_1 VT0 1 2400 396170 11709 -384461
VT0_1 VT0 1 2500 390227 11788 -378439
VT0_1 VT0 1 2600 418342 12978 -405364
VT0_1 VT0 1 2700 477175 14585 -462590
VT0_1 VT0 1 2800 478528 15524 -463004
VT0_1 VT0 1 2900 488694 16103 -472591
VT0_1 VT0 1 3000 479500 16575 -462925
VT0_1 VT0 1 3100 470998 17208 -453790
VT0_1 VT0 1 3200 448127 16738 -431389
VT0_1 VT0 1 3300 435804 16350 -419454
VT0_1 VT0 1 3400 427118 16580 -410538
VT0_1 VT0 1 3500 423885 18236 -405649
VT0_1 VT0 1 3600 405122 18612 -386510
VT0_1 VT0 1 3700 387328 17062 -370266
VT0_1 VT0 1 3800 367936 16528 -351408
VT0_1 VT0 1 3900 384093 17339 -366754
VT0_1 VT0 1 4000 378362 17565 -360797
VT0_1 VT0 1 4100 382025 17647 -364378
VT0_1 VT0 1 4200 400783 17863 -382920
VT0_1 VT0 1 4300 400774 18020 -382754
VT0_1 VT0 1 4400 387298 15755 -371543
VT0_1 VT0 1 4500 328620 13363 -315257
VT0_1 VT0 1 4600 200060 8178 -191882
VT0_1 VT0 1 4700 102836 4064 -98772
VT0_1 VT0 1 4800 83372 3188 -80184
VT0_1 VT0 1 4900 74369 2683 -71686
VT0_1 VT0 1 5000 65706 2488 -63218
VT0_1 VT0 1 5100 64698 3070 -61628
VT0_1 VT0 1 5200 77672 4488 -73184
VT0_1 VT0 1 5300 84070 5065 -79005
VT0_1 VT0 1 5400 73673 3836 -69837
VT0_1 VT0 1 5500 59679 2492 -57187
VT0_1 VT0 1 5600 47862 1807 -46055
VT0_1 VT0 1 5700 35070 1436 -33634
VT0_1 VT0 1 5800 37695 1523 -36172
VT0_1 VT0 1 5900 36782 1486 -35296
VT0_1 VT0 1 6000 35902 1332 -34570
VT0_1 VT0 1 6100 34835 1274 -33561
VT0_1 VT0 1 6200 36017 1453 -34564
VT0_1 VT0 1 6300 35622 1244 -34378
VT0_1 VT0 1 6400 35015 1406 -33609
VT0_1 VT0 1 6500 37286 1742 -35544
VT0_1 VT0 1 6600 34695 1526 -33169
VT0_1 VT0 1 6700 32376 1369 -31007
VT0_1 VT0 1 6800 35812 1378 -34434
VT0_1 VT0 1 6900 36426 1575 -34851
VT0_1 VT0 1 7000 37173 1484 -35689
VT0_1 VT0 1 7100 35764 1493 -34271
VT0_1 VT0 1 7200 36672 1626 -35046
VT0_1 VT0 1 7300 32825 1888 -30937
VT0_1 VT0 1 7400 36142 1525 -34617
VT0_1 VT0 1 7500 35532 1515 -34017
VT0_1 VT0 1 7600 36285 1703 -34582
VT0_1 VT0 1 7700 36520 1314 -35206
VT0_1 VT0 1 7800 36588 1170 -35418
VT0_1 VT0 1 7900 36947 1330 -35617
VT0_1 VT0 1 8000 37652 1157 -36495
VT0_1 VT0 1 8100 35712 1039 -34673
VT0_1 VT0 1 8200 33599 1055 -32544
VT0_1 VT0 1 8300 36690 1363 -35327
VT0_1 VT0 1 8400 38117 1383 -36734
VT0_1 VT0 1 8500 36255 1277 -34978
VT0_1 VT0 1 8600 31870 1210 -30660
VT0_1 VT0 1 8700 31168 1063 -30105
VT0_1 VT0 1 8800 34370 1007 -33363
VT0_1 VT0 1 8900 31186 1023 -30163
VT0_1 VT0 1 9000 32024 900 -31124
VT0_1 VT0 1 9100 31661 1159 -30502
VT0_1 VT0 1 9200 31866 1233 -30633
VT0_1 VT0 1 9300 34903 1495 -33408
VT0_1 VT0 1 9400 34187 1417 -32770
VT0_1 VT0 1 9500 34745 1591 -33154
VT0_1 VT0 1 9600 35498 1494 -34004
VT0_1 VT0 1 9700 35798 1550 -34248
VT0_1 VT0 1 9800 31586 1503 -30083
VT0_1 VT0 1 9900 35496 1601 -33895
VT0_1 VT0 1 10000 35544 1703 -33841
VT0_1 VT0 1 10100 33870 1446 -32424
VT0_1 VT0 1 10200 35259 1884 -33375
VT0_1 VT0 1 10300 34464 1497 -32967
VT0_1 VT0 1 10400 35245 1450 -33795
VT0_1 VT0 1 10500 30538 1343 -29195
VT0_1 VT0 1 10600 29654 1503 -28151
VT0_1 VT0 1 10700 37784 1696 -36088
VT0_1 VT0 1 10800 35567 1725 -33842
VT0_1 VT0 1 10900 35481 1581 -33900
VT0_1 VT0 1 11000 37104 1566 -35538
VT0_1 VT0 1 11100 34660 1808 -32852
VT0_1 VT0 1 11200 36322 1783 -34539
VT0_1 VT0 1 11300 35664 2028 -33636
VT0_1 VT0 1 11400 35247 1754 -33493
VT0_1 VT0 1 11500 34782 1537 -33245
VT0_1 VT0 1 11600 37956 1914 -36042
VT0_1 VT0 1 11700 36225 1784 -34441
VT0_1 VT0 1 11800 36133 1887 -34246
VT0_1 VT0 1 11900 36329 1778 -34551
VT0_1 VT0 1 12000 39681 1597 -38084
VT0_1 VT0 1 12100 37139 1731 -35408
VT0_1 VT0 1 12200 34929 1786 -33143
VT0_1 VT0 1 12300 32214 1800 -30414
VT0_1 VT0 1 12400 36077 2108 -33969
VT0_1 VT0 1 12500 33984 1913 -32071
VT0_1 VT0 1 12600 31841 1590 -30251
VT0_1 VT0 1 12700 31413 1741 -29672
VT0_1 VT0 1 12800 35287 1773 -33514
VT0_1 VT0 1 12900 38369 1673 -36696
VT0_1 VT0 1 13000 32480 1538 -30942
VT0_1 VT0 1 13100 35544 1331 -34213
VT0_1 VT0 1 13200 33856 1415 -32441
VT0_1 VT0 1 13300 34681 1202 -33479
VT0_1 VT0 1 13400 35914 1591 -34323
VT0_1 VT0 1 13500 37584 1498 -36086
VT0_1 VT0 1 13600 35806 1169 -34637
VT0_1 VT0 1 13700 37528 1293 -36235
VT0_1 VT0 1 13800 39772 1410 -38362
VT0_1 VT0 1 13900 38342 1583 -36759
VT0_1 VT0 1 14000 34670 1665 -33005
VT0_1 VT0 1 14100 39367 1741 -37626
VT0_1 VT0 1 14200 39107 1861 -37246
VT0_1 VT0 1 14300 38624 1846 -36778
VT0_1 VT0 1 14400 36148 1663 -34485
VT0_1 VT0 1 14500 35372 1739 -33633
VT0_1 VT0 1 14600 37185 1434 -35751
VT0_1 VT0 1 14700 32373 1331 -31042
VT0_1 VT0 1 14800 34053 1349 -32704
VT0_1 VT0 1 14900 34070 1332 -32738
VT0_1 VT0 1 15000 29801 1244 -28557
VT0_1 VT0 1 15100 32946 1332 -31614
VT0_1 VT0 1 15200 31799 1279 -30520
VT0_1 VT0 1 15300 36124 1261 -34863
VT0_1 VT0 1 15400 35808 1261 -34547
VT0_1 VT0 1 15500 34955 1059 -33896
VT0_1 VT0 1 15600 38264 1226 -37038
VT0_1 VT0 1 15700 34543 1222 -33321
VT0_1 VT0 1 15800 33817 1272 -32545
VT0_1 VT0 1 15900 34862 1228 -33634
VT0_1 VT0 1 16000 34245 1185 -33060
VT0_1 VT0 1 16100 32921 1325 -31596
VT0_1 VT0 1 16200 35932 1835 -34097
VT0_1 VT0 1 16300 36565 1948 -34617
VT0_1 VT0 1 16400 34596 1888 -32708
VT0_1 VT0 1 16500 35155 1945 -33210
VT0_1 VT0 1 16600 36233 2116 -34117
VT0_1 VT0 1 16700 35775 1871 -33904
VT0_1 VT0 1 16800 32941 1935 -31006
VT0_1 VT0 1 16900 34358 2137 -32221
VT0_1 VT0 1 17000 33890 2092 -31798
VT0_1 VT0 1 17100 36261 1731 -34530
VT0_1 VT0 1 17200 33341 1491 -31850
VT0_1 VT0 1 17300 33624 1596 -32028
VT0_1 VT0 1 17400 34450 1587 -32863
VT0_1 VT0 1 17500 34453 1447 -33006
VT0_1 VT0 1 17600 34185 1432 -32753
VT0_1 VT0 1 17700 31666 1551 -30115
VT0_1 VT0 1 17800 32838 1535 -31303
VT0_1 VT0 1 17900 36754 1620 -35134
VT0_1 VT0 1 18000 37031 1519 -35512
VT0_1 VT0 1 18100 34789 1380 -33409
VT0_1 VT0 1 18200 32710 1041 -31669
VT0_1 VT0 1 18300 33732 1220 -32512
VT0_1 VT0 1 18400 33442 1335 -32107
VT0_1 VT0 1 18500 32478 1158 -31320
VT0_1 VT0 1 18600 36984 1348 -35636
VT0_1 VT0 1 18700 38014 1483 -36531
VT0_1 VT0 1 18800 32823 1064 -31759
VT0_1 VT0 1 18900 35733 1350 -34383
VT0_1 VT0 1 19000 38360 1180 -37180
VT0_1 VT0 1 19100 37281 1213 -36068
VT0_1 VT0 1 19200 36845 1165 -35680
VT0_1 VT0 1 19300 33309 1052 -32257
VT0_1 VT0 1 19400 38787 1103 -37684
VT0_1 VT0 1 19500 35893 1255 -34638
VT0_1 VT0 1 19600 36557 1126 -35431
VT0_1 VT0 1 19700 38164 1275 -36889
VT0_1 VT0 1 19800 34297 1399 -32898
VT0_1 VT0 1 19900 36613 1199 -35414
VT0_1 VT0 1 20000 36265 1112 -35153
VT0_2 VT0 2 0 0 0 0
VT0_2 VT0 2 100 5 785 780
VT0_2 VT0 2 200 334 7733 7399
VT0_2 VT0 2 300 584 13613 13029
VT0_2 VT0 2 400 1666 18140 16474
VT0_2 VT0 2 500 31520 30451 -1069
VT0_2 VT0 2 600 83671 36602 -47069
VT0_2 VT0 2 700 128139 43047 -85092
VT0_2 VT0 2 800 172943 45622 -127321
VT0_2 VT0 2 900 203966 45938 -158028
VT0_2 VT0 2 1000 212181 40476 -171705
VT0_2 VT0 2 1100 336090 32922 -303168
VT0_2 VT0 2 1200 421921 29548 -392373
VT0_2 VT0 2 1300 462973 25585 -437388
VT0_2 VT0 2 1400 471026 22690 -448336
VT0_2 VT0 2 1500 467964 20473 -447491
VT0_2 VT0 2 1600 439645 18640 -421005
VT0_2 VT0 2 1700 395704 16291 -379413
VT0_2 VT0 2 1800 368607 15193 -353414
VT0_2 VT0 2 1900 338342 13846 -324496
VT0_2 VT0 2 2000 305782 13297 -292485
VT0_2 VT0 2 2100 291626 12980 -278646
VT0_2 VT0 2 2200 250790 12093 -238697
VT0_2 VT0 2 2300 245110 12950 -232160
VT0_2 VT0 2 2400 232781 12166 -220615
VT0_2 VT0 2 2500 242401 12674 -229727
VT0_2 VT0 2 2600 247284 13729 -233555
VT0_2 VT0 2 2700 256974 14080 -242894
VT0_2 VT0 2 2800 252681 14817 -237864
VT0_2 VT0 2 2900 244825 15039 -229786
VT0_2 VT0 2 3000 243097 15205 -227892
VT0_2 VT0 2 3100 235173 15000 -220173
VT0_2 VT0 2 3200 218986 15924 -203062
VT0_2 VT0 2 3300 206348 15687 -190661
VT0_2 VT0 2 3400 206487 16062 -190425
VT0_2 VT0 2 3500 201591 16437 -185154
VT0_2 VT0 2 3600 199960 16388 -183572
VT0_2 VT0 2 3700 225087 16306 -208781
VT0_2 VT0 2 3800 230866 16570 -214296
VT0_2 VT0 2 3900 236660 16606 -220054
VT0_2 VT0 2 4000 253805 16675 -237130
VT0_2 VT0 2 4100 275736 17518 -258218
VT0_2 VT0 2 4200 269876 18437 -251439
VT0_2 VT0 2 4300 252342 16983 -235359
VT0_2 VT0 2 4400 239524 16872 -222652
VT0_2 VT0 2 4500 231779 17103 -214676
VT0_2 VT0 2 4600 239441 18543 -220898
VT0_2 VT0 2 4700 227305 18184 -209121
VT0_2 VT0 2 4800 224101 17659 -206442
VT0_2 VT0 2 4900 247901 17090 -230811
VT0_2 VT0 2 5000 269627 16791 -252836
VT0_2 VT0 2 5100 252510 16581 -235929
VT0_2 VT0 2 5200 244131 15822 -228309
VT0_2 VT0 2 5300 248494 15965 -232529
VT0_2 VT0 2 5400 259244 15722 -243522
VT0_2 VT0 2 5500 221544 15835 -205709
VT0_2 VT0 2 5600 215877 16542 -199335
VT0_2 VT0 2 5700 221918 16794 -205124
VT0_2 VT0 2 5800 202105 16772 -185333
VT0_2 VT0 2 5900 227028 16805 -210223
VT0_2 VT0 2 6000 236785 16546 -220239
VT0_2 VT0 2 6100 249794 16162 -233632
VT0_2 VT0 2 6200 262948 16196 -246752
VT0_2 VT0 2 6300 318518 17884 -300634
VT0_2 VT0 2 6400 389719 19394 -370325
VT0_2 VT0 2 6500 419872 19078 -400794
VT0_2 VT0 2 6600 447929 19302 -428627
VT0_2 VT0 2 6700 461218 18704 -442514
VT0_2 VT0 2 6800 470297 18216 -452081
VT0_2 VT0 2 6900 477257 18574 -458683
VT0_2 VT0 2 7000 474971 19221 -455750
VT0_2 VT0 2 7100 500652 19460 -481192
VT0_2 VT0 2 7200 499736 19675 -480061
VT0_2 VT0 2 7300 514173 20069 -494104
VT0_2 VT0 2 7400 509775 18466 -491309
VT0_2 VT0 2 7500 510119 19040 -491079
VT0_2 VT0 2 7600 494189 19818 -474371
VT0_2 VT0 2 7700 518235 19925 -498310
VT0_2 VT0 2 7800 521985 19631 -502354
VT0_2 VT0 2 7900 515093 19282 -495811
VT0_2 VT0 2 8000 515502 18321 -497181
VT0_2 VT0 2 8100 517579 18197 -499382
VT0_2 VT0 2 8200 522906 17996 -504910
VT0_2 VT0 2 8300 530131 17803 -512328
VT0_2 VT0 2 8400 525057 17840 -507217
VT0_2 VT0 2 8500 535710 16768 -518942
VT0_2 VT0 2 8600 530122 17597 -512525
VT0_2 VT0 2 8700 540965 16746 -524219
VT0_2 VT0 2 8800 527665 17172 -510493
VT0_2 VT0 2 8900 518056 17532 -500524
VT0_2 VT0 2 9000 511189 17336 -493853
VT0_2 VT0 2 9100 516020 18199 -497821
VT0_2 VT0 2 9200 527641 17526 -510115
VT0_2 VT0 2 9300 535396 16867 -518529
VT0_2 VT0 2 9400 530944 17787 -513157
VT0_2 VT0 2 9500 532626 18370 -514256
VT0_2 VT0 2 9600 537745 17423 -520322
VT0_2 VT0 2 9700 537383 18108 -519275
VT0_2 VT0 2 9800 535459 18740 -516719
VT0_2 VT0 2 9900 541184 18253 -522931
VT0_2 VT0 2 10000 538629 17920 -520709
VT0_2 VT0 2 10100 523141 17619 -505522
VT0_2 VT0 2 10200 521029 19008 -502021
VT0_2 VT0 2 10300 523612 17782 -505830
VT0_2 VT0 2 10400 528462 17571 -510891
VT0_2 VT0 2 10500 540947 17616 -523331
VT0_2 VT0 2 10600 521313 17659 -503654
VT0_2 VT0 2 10700 521704 18440 -503264
VT0_2 VT0 2 10800 525314 18946 -506368
VT0_2 VT0 2 10900 534566 20105 -514461
VT0_2 VT0 2 11000 548740 19615 -529125
VT0_2 VT0 2 11100 539454 19027 -520427
VT0_2 VT0 2 11200 536513 19076 -517437
VT0_2 VT0 2 11300 541121 18940 -522181
VT0_2 VT0 2 11400 540418 17923 -522495
VT0_2 VT0 2 11500 524751 18432 -506319
VT0_2 VT0 2 11600 546533 18272 -528261
VT0_2 VT0 2 11700 544610 19066 -525544
VT0_2 VT0 2 11800 530510 18796 -511714
VT0_2 VT0 2 11900 524142 19381 -504761
VT0_2 VT0 2 12000 522138 20450 -501688
VT0_2 VT0 2 12100 526192 20402 -505790
VT0_2 VT0 2 12200 511275 20109 -491166
VT0_2 VT0 2 12300 514670 19641 -495029
VT0_2 VT0 2 12400 530667 18996 -511671
VT0_2 VT0 2 12500 532182 18878 -513304
VT0_2 VT0 2 12600 530704 18547 -512157
VT0_2 VT0 2 12700 530577 16823 -513754
VT0_2 VT0 2 12800 524811 17430 -507381
VT0_2 VT0 2 12900 529271 17780 -511491
VT0_2 VT0 2 13000 520567 17319 -503248
VT0_2 VT0 2 13100 524858 17980 -506878
VT0_2 VT0 2 13200 536537 18205 -518332
VT0_2 VT0 2 13300 521443 18295 -503148
VT0_2 VT0 2 13400 520840 18089 -502751
VT0_2 VT0 2 13500 528273 18391 -509882
VT0_2 VT0 2 13600 524165 17596 -506569
VT0_2 VT0 2 13700 532240 17221 -515019
VT0_2 VT0 2 13800 531762 17705 -514057
VT0_2 VT0 2 13900 539337 18286 -521051
VT0_2 VT0 2 14000 541164 18589 -522575
VT0_2 VT0 2 14100 533438 17830 -515608
VT0_2 VT0 2 14200 549400 19050 -530350
VT0_2 VT0 2 14300 516830 18633 -498197
VT0_2 VT0 2 14400 520204 18938 -501266
VT0_2 VT0 2 14500 529744 18951 -510793
VT0_2 VT0 2 14600 539129 18646 -520483
VT0_2 VT0 2 14700 541325 17690 -523635
VT0_2 VT0 2 14800 519408 17405 -502003
VT0_2 VT0 2 14900 520510 17313 -503197
VT0_2 VT0 2 15000 517299 18093 -499206
VT0_2 VT0 2 15100 517548 18174 -499374
VT0_2 VT0 2 15200 525066 18496 -506570
VT0_2 VT0 2 15300 532995 18180 -514815
VT0_2 VT0 2 15400 546303 19173 -527130
VT0_2 VT0 2 15500 535629 18013 -517616
VT0_2 VT0 2 15600 539758 18052 -521706
VT0_2 VT0 2 15700 545704 18018 -527686
VT0_2 VT0 2 15800 536927 18428 -518499
VT0_2 VT0 2 15900 542087 17917 -524170
VT0_2 VT0 2 16000 552734 17506 -535228
VT0_2 VT0 2 16100 546272 17400 -528872
VT0_2 VT0 2 16200 518838 18128 -500710
VT0_2 VT0 2 16300 502379 18068 -484311
VT0_2 VT0 2 16400 517724 17786 -499938
VT0_2 VT0 2 16500 530665 17296 -513369
VT0_2 VT0 2 16600 524793 16141 -508652
VT0_2 VT0 2 16700 534640 17309 -517331
VT0_2 VT0 2 16800 519553 18123 -501430
VT0_2 VT0 2 16900 523099 18901 -504198
VT0_2 VT0 2 17000 526514 18529 -507985
VT0_2 VT0 2 17100 526933 18239 -508694
VT0_2 VT0 2 17200 528526 18403 -510123
VT0_2 VT0 2 17300 535996 17682 -518314
VT0_2 VT0 2 17400 528985 17312 -511673
VT0_2 VT0 2 17500 547954 16488 -531466
VT0_2 VT0 2 17600 542547 16606 -525941
VT0_2 VT0 2 17700 549018 16636 -532382
VT0_2 VT0 2 17800 537813 17164 -520649
VT0_2 VT0 2 17900 522314 16908 -505406
VT0_2 VT0 2 18000 518968 16366 -502602
VT0_2 VT0 2 18100 505295 16054 -489241
VT0_2 VT0 2 18200 505900 17028 -488872
VT0_2 VT0 2 18300 513215 17594 -495621
VT0_2 VT0 2 18400 526062 16470 -509592
VT0_2 VT0 2 18500 530158 17285 -512873
VT0_2 VT0 2 18600 540490 18672 -521818
VT0_2 VT0 2 18700 535938 17888 -518050
VT0_2 VT0 2 18800 542802 18460 -524342
VT0_2 VT0 2 18900 551184 18804 -532380
VT0_2 VT0 2 19000 542480 20089 -522391
VT0_2 VT0 2 19100 538102 18728 -519374
VT0_2 VT0 2 19200 528147 19920 -508227
VT0_2 VT0 2 19300 528714 19383 -509331
VT0_2 VT0 2 19400 523965 19669 -504296
VT0_2 VT0 2 19500 522180 20131 -502049
VT0_2 VT0 2 19600 538826 19330 -519496
VT0_2 VT0 2 19700 539656 18769 -520887
VT0_2 VT0 2 19800 542051 19096 -522955
VT0_2 VT0 2 19900 547046 18970 -528076
VT0_2 VT0 2 20000 554921 19221 -535700
VT0_3 VT0 3 0 0 0 0
VT0_3 VT0 3 100 4 796 792
VT0_3 VT0 3 200 259 7836 7577
VT0_3 VT0 3 300 479 13828 13349
VT0_3 VT0 3 400 602 17696 17094
VT0_3 VT0 3 500 812 23596 22784
VT0_3 VT0 3 600 1003 27652 26649
VT0_3 VT0 3 700 1392 27424 26032
VT0_3 VT0 3 800 7561 28324 20763
VT0_3 VT0 3 900 17833 26081 8248
VT0_3 VT0 3 1000 41671 24983 -16688
VT0_3 VT0 3 1100 61380 23257 -38123
VT0_3 VT0 3 1200 87264 20983 -66281
VT0_3 VT0 3 1300 126164 18558 -107606
VT0_3 VT0 3 1400 136236 17649 -118587
VT0_3 VT0 3 1500 128711 16962 -111749
VT0_3 VT0 3 1600 133158 16358 -116800
VT0_3 VT0 3 1700 148408 15875 -132533
VT0_3 VT0 3 1800 170398 15565 -154833
VT0_3 VT0 3 1900 179008 16080 -162928
VT0_3 VT0 3 2000 177050 15194 -161856
VT0_3 VT0 3 2100 189830 15230 -174600
VT0_3 VT0 3 2200 187801 15362 -172439
VT0_3 VT0 3 2300 175623 15462 -160161
VT0_3 VT0 3 2400 182184 15557 -166627
VT0_3 VT0 3 2500 186899 15535 -171364
VT0_3 VT0 3 2600 200890 15317 -185573
VT0_3 VT0 3 2700 202935 15967 -186968
VT0_3 VT0 3 2800 194147 16747 -177400
VT0_3 VT0 3 2900 207856 16472 -191384
VT0_3 VT0 3 3000 221538 18393 -203145
VT0_3 VT0 3 3100 236616 17381 -219235
VT0_3 VT0 3 3200 241142 16874 -224268
VT0_3 VT0 3 3300 262662 17051 -245611
VT0_3 VT0 3 3400 283002 17707 -265295
VT0_3 VT0 3 3500 272409 18004 -254405
VT0_3 VT0 3 3600 270369 18882 -251487
VT0_3 VT0 3 3700 265471 19028 -246443
VT0_3 VT0 3 3800 258496 18860 -239636
VT0_3 VT0 3 3900 242776 19243 -223533
VT0_3 VT0 3 4000 262485 19966 -242519
VT0_3 VT0 3 4100 285285 20449 -264836
VT0_3 VT0 3 4200 297101 19825 -277276
VT0_3 VT0 3 4300 304475 20584 -283891
VT0_3 VT0 3 4400 300969 19589 -281380
VT0_3 VT0 3 4500 298430 18917 -279513
VT0_3 VT0 3 4600 309870 19570 -290300
VT0_3 VT0 3 4700 336205 20055 -316150
VT0_3 VT0 3 4800 347102 18897 -328205
VT0_3 VT0 3 4900 335501 18754 -316747
VT0_3 VT0 3 5000 343220 18679 -324541
VT0_3 VT0 3 5100 340420 18888 -321532
VT0_3 VT0 3 5200 321720 18326 -303394
VT0_3 VT0 3 5300 319796 18367 -301429
VT0_3 VT0 3 5400 324135 17796 -306339
VT0_3 VT0 3 5500 338579 18681 -319898
VT0_3 VT0 3 5600 342612 17373 -325239
VT0_3 VT0 3 5700 334770 17815 -316955
VT0_3 VT0 3 5800 346816 17703 -329113
VT0_3 VT0 3 5900 336005 18614 -317391
VT0_3 VT0 3 6000 337702 18477 -319225
VT0_3 VT0 3 6100 339692 18565 -321127
VT0_3 VT0 3 6200 333198 19369 -313829
VT0_3 VT0 3 6300 328222 18967 -309255
VT0_3 VT0 3 6400 331054 19457 -311597
VT0_3 VT0 3 6500 321767 18597 -303170
VT0_3 VT0 3 6600 321577 18431 -303146
VT0_3 VT0 3 6700 317399 18342 -299057
VT0_3 VT0 3 6800 338392 19031 -319361
VT0_3 VT0 3 6900 337462 20563 -316899
VT0_3 VT0 3 7000 303973 18575 -285398
VT0_3 VT0 3 7100 292853 17813 -275040
VT0_3 VT0 3 7200 273927 17875 -256052
VT0_3 VT0 3 7300 261839 18651 -243188
VT0_3 VT0 3 7400 259449 18510 -240939
VT0_3 VT0 3 7500 254857 18239 -236618
VT0_3 VT0 3 7600 237751 18869 -218882
VT0_3 VT0 3 7700 232200 19345 -212855
VT0_3 VT0 3 7800 234172 18667 -215505
VT0_3 VT0 3 7900 249429 18866 -230563
VT0_3 VT0 3 8000 281395 19719 -261676
VT0_3 VT0 3 8100 278584 20400 -258184
VT0_3 VT0 3 8200 263918 20282 -243636
VT0_3 VT0 3 8300 276219 19385 -256834
VT0_3 VT0 3 8400 280456 19223 -261233
VT0_3 VT0 3 8500 252931 19569 -233362
VT0_3 VT0 3 8600 246039 18673 -227366
VT0_3 VT0 3 8700 262048 18407 -243641
VT0_3 VT0 3 8800 278410 17979 -260431
VT0_3 VT0 3 8900 287250 18667 -268583
VT0_3 VT0 3 9000 276016 18306 -257710
VT0_3 VT0 3 9100 251838 17246 -234592
VT0_3 VT0 3 9200 237788 17378 -220410
VT0_3 VT0 3 9300 211881 17033 -194848
VT0_3 VT0 3 9400 189239 17122 -172117
VT0_3 VT0 3 9500 188508 18047 -170461
VT0_3 VT0 3 9600 202699 18592 -184107
VT0_3 VT0 3 9700 218500 19101 -199399
VT0_3 VT0 3 9800 224340 17763 -206577
VT0_3 VT0 3 9900 242840 17747 -225093
VT0_3 VT0 3 10000 260313 18870 -241443
VT0_3 VT0 3 10100 248722 18739 -229983
VT0_3 VT0 3 10200 244437 18313 -226124
VT0_3 VT0 3 10300 257390 17213 -240177
VT0_3 VT0 3 10400 269545 17136 -252409
VT0_3 VT0 3 10500 275643 17774 -257869
VT0_3 VT0 3 10600 279164 17633 -261531
VT0_3 VT0 3 10700 285935 17116 -268819
VT0_3 VT0 3 10800 323149 17168 -305981
VT0_3 VT0 3 10900 335638 17836 -317802
VT0_3 VT0 3 11000 322990 18778 -304212
VT0_3 VT0 3 11100 330849 18970 -311879
VT0_3 VT0 3 11200 313194 19055 -294139
VT0_3 VT0 3 11300 310388 18511 -291877
VT0_3 VT0 3 11400 276058 18490 -257568
VT0_3 VT0 3 11500 286158 19366 -266792
VT0_3 VT0 3 11600 296357 19461 -276896
VT0_3 VT0 3 11700 319303 20138 -299165
VT0_3 VT0 3 11800 344948 20915 -324033
VT0_3 VT0 3 11900 332099 20227 -311872
VT0_3 VT0 3 12000 320541 20092 -300449
VT0_3 VT0 3 12100 297753 18521 -279232
VT0_3 VT0 3 12200 225025 18403 -206622
VT0_3 VT0 3 12300 149499 17402 -132097
VT0_3 VT0 3 12400 89318 16943 -72375
VT0_3 VT0 3 12500 48152 16129 -32023
VT0_3 VT0 3 12600 33067 16004 -17063
VT0_3 VT0 3 12700 24023 16530 -7493
VT0_3 VT0 3 12800 23783 16341 -7442
VT0_3 VT0 3 12900 22753 16340 -6413
VT0_3 VT0 3 13000 22370 16833 -5537
VT0_3 VT0 3 13100 22990 15857 -7133
VT0_3 VT0 3 13200 21978 15573 -6405
VT0_3 VT0 3 13300 23115 15235 -7880
VT0_3 VT0 3 13400 23913 14863 -9050
VT0_3 VT0 3 13500 22783 15258 -7525
VT0_3 VT0 3 13600 22289 15846 -6443
VT0_3 VT0 3 13700 21666 15368 -6298
VT0_3 VT0 3 13800 20321 15605 -4716
VT0_3 VT0 3 13900 20973 15315 -5658
VT0_3 VT0 3 14000 21126 14583 -6543
VT0_3 VT0 3 14100 21947 14122 -7825
VT0_3 VT0 3 14200 21168 13106 -8062
VT0_3 VT0 3 14300 20797 13598 -7199
VT0_3 VT0 3 14400 21109 13610 -7499
VT0_3 VT0 3 14500 21894 14242 -7652
VT0_3 VT0 3 14600 20632 13722 -6910
VT0_3 VT0 3 14700 20852 13705 -7147
VT0_3 VT0 3 14800 20284 14118 -6166
VT0_3 VT0 3 14900 20000 13988 -6012
VT0_3 VT0 3 15000 19642 13952 -5690
VT0_3 VT0 3 15100 20756 14309 -6447
VT0_3 VT0 3 15200 20179 13825 -6354
VT0_3 VT0 3 15300 21322 14523 -6799
VT0_3 VT0 3 15400 20957 15478 -5479
VT0_3 VT0 3 15500 21667 15066 -6601
VT0_3 VT0 3 15600 20192 15266 -4926
VT0_3 VT0 3 15700 20175 14895 -5280
VT0_3 VT0 3 15800 20970 15123 -5847
VT0_3 VT0 3 15900 20651 14897 -5754
VT0_3 VT0 3 16000 20896 14349 -6547
VT0_3 VT0 3 16100 20930 13993 -6937
VT0_3 VT0 3 16200 21501 14103 -7398
VT0_3 VT0 3 16300 20300 14180 -6120
VT0_3 VT0 3 16400 19990 14113 -5877
VT0_3 VT0 3 16500 19935 13806 -6129
VT0_3 VT0 3 16600 20794 14191 -6603
VT0_3 VT0 3 16700 20411 13474 -6937
VT0_3 VT0 3 16800 20688 13277 -7411
VT0_3 VT0 3 16900 21418 13696 -7722
VT0_3 VT0 3 17000 20549 13819 -6730
VT0_3 VT0 3 17100 19832 14999 -4833
VT0_3 VT0 3 17200 20214 14339 -5875
VT0_3 VT0 3 17300 20679 13626 -7053
VT0_3 VT0 3 17400 21331 14224 -7107
VT0_3 VT0 3 17500 23052 13789 -9263
VT0_3 VT0 3 17600 24526 14223 -10303
VT0_3 VT0 3 17700 21168 13659 -7509
VT0_3 VT0 3 17800 20818 13551 -7267
VT0_3 VT0 3 17900 22116 13608 -8508
VT0_3 VT0 3 18000 19829 13865 -5964
VT0_3 VT0 3 18100 18636 13402 -5234
VT0_3 VT0 3 18200 19358 13174 -6184
VT0_3 VT0 3 18300 19511 13586 -5925
VT0_3 VT0 3 18400 20741 13219 -7522
VT0_3 VT0 3 18500 20760 13142 -7618
VT0_3 VT0 3 18600 20519 13394 -7125
VT0_3 VT0 3 18700 20020 13126 -6894
VT0_3 VT0 3 18800 20225 13877 -6348
VT0_3 VT0 3 18900 20672 13529 -7143
VT0_3 VT0 3 19000 20979 13714 -7265
VT0_3 VT0 3 19100 20092 14244 -5848
VT0_3 VT0 3 19200 20580 13208 -7372
VT0_3 VT0 3 19300 19185 13468 -5717
VT0_3 VT0 3 19400 17941 13562 -4379
VT0_3 VT0 3 19500 19096 13462 -5634
VT0_3 VT0 3 19600 18917 13390 -5527
VT0_3 VT0 3 19700 20688 13612 -7076
VT0_3 VT0 3 19800 19718 13904 -5814
VT0_3 VT0 3 19900 20742 13549 -7193
VT0_3 VT0 3 20000 20980 12593 -8387
VT0_4 VT0 4 0 0 0 0
VT0_4 VT0 4 100 2 875 873
VT0_4 VT0 4 200 333 8155 7822
VT0_4 VT0 4 300 536 13733 13197
VT0_4 VT0 4 400 713 17529 16816
VT0_4 VT0 4 500 865 22873 22008
VT0_4 VT0 4 600 1107 27422 26315
VT0_4 VT0 4 700 1831 30748 28917
VT0_4 VT0 4 800 2144 16237 14093
VT0_4 VT0 4 900 2709 6803 4094
VT0_4 VT0 4 1000 21468 9460 -12008
VT0_4 VT0 4 1100 94775 13112 -81663
VT0_4 VT0 4 1200 150099 14418 -135681
VT0_4 VT0 4 1300 138636 14881 -123755
VT0_4 VT0 4 1400 136540 15665 -120875
VT0_4 VT0 4 1500 124624 15518 -109106
VT0_4 VT0 4 1600 133965 14690 -119275
VT0_4 VT0 4 1700 137132 13446 -123686
VT0_4 VT0 4 1800 154430 13951 -140479
VT0_4 VT0 4 1900 177450 13067 -164383
VT0_4 VT0 4 2000 220399 13359 -207040
VT0_4 VT0 4 2100 227072 13915 -213157
VT0_4 VT0 4 2200 247358 14302 -233056
VT0_4 VT0 4 2300 255329 13428 -241901
VT0_4 VT0 4 2400 274675 14923 -259752
VT0_4 VT0 4 2500 293599 15409 -278190
VT0_4 VT0 4 2600 327459 16977 -310482
VT0_4 VT0 4 2700 307883 15716 -292167
VT0_4 VT0 4 2800 202483 13687 -188796
VT0_4 VT0 4 2900 164503 13320 -151183
VT0_4 VT0 4 3000 169711 14058 -155653
VT0_4 VT0 4 3100 196342 15824 -180518
VT0_4 VT0 4 3200 233902 17174 -216728
VT0_4 VT0 4 3300 237665 18096 -219569
VT0_4 VT0 4 3400 238895 18204 -220691
VT0_4 VT0 4 3500 238738 18004 -220734
VT0_4 VT0 4 3600 252126 17385 -234741
VT0_4 VT0 4 3700 264555 17128 -247427
VT0_4 VT0 4 3800 248585 14192 -234393
VT0_4 VT0 4 3900 168718 9177 -159541
VT0_4 VT0 4 4000 125900 6337 -119563
VT0_4 VT0 4 4100 118550 6444 -112106
VT0_4 VT0 4 4200 116902 5996 -110906
VT0_4 VT0 4 4300 121397 5208 -116189
VT0_4 VT0 4 4400 117710 5702 -112008
VT0_4 VT0 4 4500 118753 5038 -113715
VT0_4 VT0 4 4600 119963 5194 -114769
VT0_4 VT0 4 4700 120026 5414 -114612
VT0_4 VT0 4 4800 119215 5345 -113870
VT0_4 VT0 4 4900 124932 6224 -118708
VT0_4 VT0 4 5000 125161 5224 -119937
VT0_4 VT0 4 5100 126035 5114 -120921
VT0_4 VT0 4 5200 127738 5430 -122308
VT0_4 VT0 4 5300 124177 4886 -119291
VT0_4 VT0 4 5400 124232 4693 -119539
VT0_4 VT0 4 5500 131508 4619 -126889
VT0_4 VT0 4 5600 128578 5476 -123102
VT0_4 VT0 4 5700 120204 4916 -115288
VT0_4 VT0 4 5800 128287 4521 -123766
VT0_4 VT0 4 5900 123869 3956 -119913
VT0_4 VT0 4 6000 125885 4450 -121435
VT0_4 VT0 4 6100 123080 4342 -118738
VT0_4 VT0 4 6200 122915 4328 -118587
VT0_4 VT0 4 6300 130513 4392 -126121
VT0_4 VT0 4 6400 129862 4368 -125494
VT0_4 VT0 4 6500 126883 4694 -122189
VT0_4 VT0 4 6600 123258 5377 -117881
VT0_4 VT0 4 6700 121430 5212 -116218
VT0_4 VT0 4 6800 120983 5445 -115538
VT0_4 VT0 4 6900 121623 5529 -116094
VT0_4 VT0 4 7000 125907 5552 -120355
VT0_4 VT0 4 7100 129308 5054 -124254
VT0_4 VT0 4 7200 126890 4846 -122044
VT0_4 VT0 4 7300 129251 5247 -124004
VT0_4 VT0 4 7400 131104 5686 -125418
VT0_4 VT0 4 7500 126636 5128 -121508
VT0_4 VT0 4 7600 124999 5034 -119965
VT0_4 VT0 4 7700 127467 5012 -122455
VT0_4 VT0 4 7800 125609 5207 -120402
VT0_4 VT0 4 7900 127800 5050 -122750
VT0_4 VT0 4 8000 127261 4730 -122531
VT0_4 VT0 4 8100 130837 4717 -126120
VT0_4 VT0 4 8200 127567 4414 -123153
VT0_4 VT0 4 8300 127190 4556 -122634
VT0_4 VT0 4 8400 126188 4731 -121457
VT0_4 VT0 4 8500 121592 4472 -117120
VT0_4 VT0 4 8600 128747 5040 -123707
VT0_4 VT0 4 8700 124692 4632 -120060
VT0_4 VT0 4 8800 124560 5198 -119362
VT0_4 VT0 4 8900 126742 6290 -120452
VT0_4 VT0 4 9000 124459 5768 -118691
VT0_4 VT0 4 9100 134059 6054 -128005
VT0_4 VT0 4 9200 125798 5101 -120697
VT0_4 VT0 4 9300 127284 5844 -121440
VT0_4 VT0 4 9400 125673 5701 -119972
VT0_4 VT0 4 9500 134150 5851 -128299
VT0_4 VT0 4 9600 129311 6647 -122664
VT0_4 VT0 4 9700 136674 8297 -128377
VT0_4 VT0 4 9800 123959 6240 -117719
VT0_4 VT0 4 9900 128125 5844 -122281
VT0_4 VT0 4 10000 521416 14694 -506722
VT0_4 VT0 4 10100 523544 15451 -508093
VT0_4 VT0 4 10200 124171 3912 -120259
VT0_4 VT0 4 10300 65242 1719 -63523
VT0_4 VT0 4 10400 60781 2721 -58060
VT0_4 VT0 4 10500 59109 1990 -57119
VT0_4 VT0 4 10600 73750 2297 -71453
VT0_4 VT0 4 10700 57491 2150 -55341
VT0_4 VT0 4 10800 59090 2640 -56450
VT0_4 VT0 4 10900 62634 3209 -59425
VT0_4 VT0 4 11000 74991 3576 -71415
VT0_4 VT0 4 11100 86680 3875 -82805
VT0_4 VT0 4 11200 120491 3403 -117088
VT0_4 VT0 4 11300 53342 1826 -51516
VT0_4 VT0 4 11400 46419 1685 -44734
VT0_4 VT0 4 11500 46430 2189 -44241
VT0_4 VT0 4 11600 49668 2328 -47340
VT0_4 VT0 4 11700 47348 2173 -45175
VT0_4 VT0 4 11800 51789 2026 -49763
VT0_4 VT0 4 11900 46069 1701 -44368
VT0_4 VT0 4 12000 42081 1530 -40551
VT0_4 VT0 4 12100 46703 1599 -45104
VT0_4 VT0 4 12200 46491 1687 -44804
VT0_4 VT0 4 12300 45412 1535 -43877
VT0_4 VT0 4 12400 47677 1782 -45895
VT0_4 VT0 4 12500 49262 1981 -47281
VT0_4 VT0 4 12600 48281 1957 -46324
VT0_4 VT0 4 12700 48509 1876 -46633
VT0_4 VT0 4 12800 47472 1652 -45820
VT0_4 VT0 4 12900 44477 1856 -42621
VT0_4 VT0 4 13000 48976 1743 -47233
VT0_4 VT0 4 13100 47636 1606 -46030
VT0_4 VT0 4 13200 50215 1656 -48559
VT0_4 VT0 4 13300 49115 1337 -47778
VT0_4 VT0 4 13400 47137 1260 -45877
VT0_4 VT0 4 13500 49881 1434 -48447
VT0_4 VT0 4 13600 50003 1564 -48439
VT0_4 VT0 4 13700 50987 1819 -49168
VT0_4 VT0 4 13800 49029 1549 -47480
VT0_4 VT0 4 13900 49184 1787 -47397
VT0_4 VT0 4 14000 45550 1492 -44058
VT0_4 VT0 4 14100 45923 1602 -44321
VT0_4 VT0 4 14200 48408 1677 -46731
VT0_4 VT0 4 14300 45024 1799 -43225
VT0_4 VT0 4 14400 43803 1744 -42059
VT0_4 VT0 4 14500 43396 1525 -41871
VT0_4 VT0 4 14600 44724 1383 -43341
VT0_4 VT0 4 14700 48055 1417 -46638
VT0_4 VT0 4 14800 42165 1269 -40896
VT0_4 VT0 4 14900 47321 1529 -45792
VT0_4 VT0 4 15000 48169 1478 -46691
VT0_4 VT0 4 15100 46420 1408 -45012
VT0_4 VT0 4 15200 44500 1550 -42950
VT0_4 VT0 4 15300 46739 1661 -45078
VT0_4 VT0 4 15400 46944 2040 -44904
VT0_4 VT0 4 15500 50051 1981 -48070
VT0_4 VT0 4 15600 43729 1543 -42186
VT0_4 VT0 4 15700 48099 1400 -46699
VT0_4 VT0 4 15800 44713 1313 -43400
VT0_4 VT0 4 15900 44913 1208 -43705
VT0_4 VT0 4 16000 46500 1151 -45349
VT0_4 VT0 4 16100 46183 1179 -45004
VT0_4 VT0 4 16200 44749 978 -43771
VT0_4 VT0 4 16300 48599 1099 -47500
VT0_4 VT0 4 16400 45664 1099 -44565
VT0_4 VT0 4 16500 47827 1384 -46443
VT0_4 VT0 4 16600 46931 1294 -45637
VT0_4 VT0 4 16700 44851 1367 -43484
VT0_4 VT0 4 16800 42890 1460 -41430
VT0_4 VT0 4 16900 47398 1653 -45745
VT0_4 VT0 4 17000 45992 1551 -44441
VT0_4 VT0 4 17100 43639 1461 -42178
VT0_4 VT0 4 17200 45827 1471 -44356
VT0_4 VT0 4 17300 44700 1518 -43182
VT0_4 VT0 4 17400 46938 1581 -45357
VT0_4 VT0 4 17500 46367 1737 -44630
VT0_4 VT0 4 17600 45112 1295 -43817
VT0_4 VT0 4 17700 43956 1145 -42811
VT0_4 VT0 4 17800 45172 1448 -43724
VT0_4 VT0 4 17900 44748 1668 -43080
VT0_4 VT0 4 18000 45927 1679 -44248
VT0_4 VT0 4 18100 45930 1807 -44123
VT0_4 VT0 4 18200 43346 1859 -41487
VT0_4 VT0 4 18300 47293 1607 -45686
VT0_4 VT0 4 18400 44780 1494 -43286
VT0_4 VT0 4 18500 46935 1823 -45112
VT0_4 VT0 4 18600 45986 1991 -43995
VT0_4 VT0 4 18700 45779 1618 -44161
VT0_4 VT0 4 18800 45764 1311 -44453
VT0_4 VT0 4 18900 47432 1482 -45950
VT0_4 VT0 4 19000 47881 1567 -46314
VT0_4 VT0 4 19100 46439 1357 -45082
VT0_4 VT0 4 19200 44664 1325 -43339
VT0_4 VT0 4 19300 48211 1559 -46652
VT0_4 VT0 4 19400 45744 1966 -43778
VT0_4 VT0 4 19500 46486 1991 -44495
VT0_4 VT0 4 19600 48036 2179 -45857
VT0_4 VT0 4 19700 44492 1978 -42514
VT0_4 VT0 4 19800 47606 2073 -45533
VT0_4 VT0 4 19900 44971 2097 -42874
VT0_4 VT0 4 20000 48051 2217 -45834
VT0_5 VT0 5 0 0 0 0
VT0_5 VT0 5 100 3 813 810
VT0_5 VT0 5 200 296 7867 7571
VT0_5 VT0 5 300 527 13731 13204
VT0_5 VT0 5 400 665 18008 17343
VT0_5 VT0 5 500 887 23360 22473
VT0_5 VT0 5 600 1591 26946 25355
VT0_5 VT0 5 700 4985 31261 26276
VT0_5 VT0 5 800 7188 22911 15723
VT0_5 VT0 5 900 16510 18936 2426
VT0_5 VT0 5 1000 47623 21117 -26506
VT0_5 VT0 5 1100 126820 23908 -102912
VT0_5 VT0 5 1200 230539 25547 -204992
VT0_5 VT0 5 1300 301510 25862 -275648
VT0_5 VT0 5 1400 333836 23539 -310297
VT0_5 VT0 5 1500 347396 20602 -326794
VT0_5 VT0 5 1600 349339 21129 -328210
VT0_5 VT0 5 1700 328940 20701 -308239
VT0_5 VT0 5 1800 335201 21252 -313949
VT0_5 VT0 5 1900 322808 19246 -303562
VT0_5 VT0 5 2000 308492 18118 -290374
VT0_5 VT0 5 2100 283024 17355 -265669
VT0_5 VT0 5 2200 281725 19313 -262412
VT0_5 VT0 5 2300 315411 18208 -297203
VT0_5 VT0 5 2400 351023 17941 -333082
VT0_5 VT0 5 2500 354680 16227 -338453
VT0_5 VT0 5 2600 371855 16148 -355707
VT0_5 VT0 5 2700 398069 15975 -382094
VT0_5 VT0 5 2800 399656 15850 -383806
VT0_5 VT0 5 2900 390968 16752 -374216
VT0_5 VT0 5 3000 408117 17659 -390458
VT0_5 VT0 5 3100 416646 17675 -398971
VT0_5 VT0 5 3200 420293 18621 -401672
VT0_5 VT0 5 3300 410853 17819 -393034
VT0_5 VT0 5 3400 408652 19643 -389009
VT0_5 VT0 5 3500 405880 18682 -387198
VT0_5 VT0 5 3600 410958 19021 -391937
VT0_5 VT0 5 3700 436105 19133 -416972
VT0_5 VT0 5 3800 462639 20953 -441686
VT0_5 VT0 5 3900 479660 21359 -458301
VT0_5 VT0 5 4000 500298 20950 -479348
VT0_5 VT0 5 4100 521916 22878 -499038
VT0_5 VT0 5 4200 544868 23569 -521299
VT0_5 VT0 5 4300 566731 23757 -542974
VT0_5 VT0 5 4400 570511 23650 -546861
VT0_5 VT0 5 4500 575889 23804 -552085
VT0_5 VT0 5 4600 564565 23108 -541457
VT0_5 VT0 5 4700 562512 22754 -539758
VT0_5 VT0 5 4800 566272 22207 -544065
VT0_5 VT0 5 4900 559689 22849 -536840
VT0_5 VT0 5 5000 556949 24502 -532447
VT0_5 VT0 5 5100 563569 24101 -539468
VT0_5 VT0 5 5200 580538 26035 -554503
VT0_5 VT0 5 5300 584855 27092 -557763
VT0_5 VT0 5 5400 564033 26409 -537624
VT0_5 VT0 5 5500 562971 26564 -536407
VT0_5 VT0 5 5600 556723 25199 -531524
VT0_5 VT0 5 5700 550450 26306 -524144
VT0_5 VT0 5 5800 535507 24414 -511093
VT0_5 VT0 5 5900 542332 23678 -518654
VT0_5 VT0 5 6000 526787 21779 -505008
VT0_5 VT0 5 6100 532140 22682 -509458
VT0_5 VT0 5 6200 542363 23578 -518785
VT0_5 VT0 5 6300 546948 22289 -524659
VT0_5 VT0 5 6400 540716 22365 -518351
VT0_5 VT0 5 6500 528338 20361 -507977
VT0_5 VT0 5 6600 531599 20827 -510772
VT0_5 VT0 5 6700 542538 20918 -521620
VT0_5 VT0 5 6800 542278 20123 -522155
VT0_5 VT0 5 6900 535714 21922 -513792
VT0_5 VT0 5 7000 523424 20532 -502892
VT0_5 VT0 5 7100 524454 20664 -503790
VT0_5 VT0 5 7200 522817 21233 -501584
VT0_5 VT0 5 7300 528653 20820 -507833
VT0_5 VT0 5 7400 535581 20276 -515305
VT0_5 VT0 5 7500 536312 21127 -515185
VT0_5 VT0 5 7600 540539 20657 -519882
VT0_5 VT0 5 7700 546525 20744 -525781
VT0_5 VT0 5 7800 547145 20959 -526186
VT0_5 VT0 5 7900 546553 20297 -526256
VT0_5 VT0 5 8000 536915 19817 -517098
VT0_5 VT0 5 8100 534053 19860 -514193
VT0_5 VT0 5 8200 529252 18886 -510366
VT0_5 VT0 5 8300 545948 18646 -527302
VT0_5 VT0 5 8400 538725 19309 -519416
VT0_5 VT0 5 8500 509993 19408 -490585
VT0_5 VT0 5 8600 528590 19295 -509295
VT0_5 VT0 5 8700 539453 19427 -520026
VT0_5 VT0 5 8800 524647 20422 -504225
VT0_5 VT0 5 8900 534808 20424 -514384
VT0_5 VT0 5 9000 542231 19714 -522517
VT0_5 VT0 5 9100 549441 19833 -529608
VT0_5 VT0 5 9200 543857 20616 -523241
VT0_5 VT0 5 9300 550543 20701 -529842
VT0_5 VT0 5 9400 549417 21207 -528210
VT0_5 VT0 5 9500 544308 20661 -523647
VT0_5 VT0 5 9600 547410 21323 -526087
VT0_5 VT0 5 9700 551541 20120 -531421
VT0_5 VT0 5 9800 544160 19651 -524509
VT0_5 VT0 5 9900 546342 20850 -525492
VT0_5 VT0 5 10000 542653 20016 -522637
VT0_5 VT0 5 10100 552562 20557 -532005
VT0_5 VT0 5 10200 540947 22298 -518649
VT0_5 VT0 5 10300 536427 21957 -514470
VT0_5 VT0 5 10400 540899 20181 -520718
VT0_5 VT0 5 10500 540784 19944 -520840
VT0_5 VT0 5 10600 531004 20590 -510414
VT0_5 VT0 5 10700 533207 19904 -513303
VT0_5 VT0 5 10800 513263 20137 -493126
VT0_5 VT0 5 10900 509037 19390 -489647
VT0_5 VT0 5 11000 541618 20078 -521540
VT0_5 VT0 5 11100 544091 20296 -523795
VT0_5 VT0 5 11200 538218 21296 -516922
VT0_5 VT0 5 11300 536804 20996 -515808
VT0_5 VT0 5 11400 534153 21733 -512420
VT0_5 VT0 5 11500 532120 20377 -511743
VT0_5 VT0 5 11600 524719 19438 -505281
VT0_5 VT0 5 11700 534003 21432 -512571
VT0_5 VT0 5 11800 530338 21111 -509227
VT0_5 VT0 5 11900 538540 24296 -514244
VT0_5 VT0 5 12000 529510 26168 -503342
VT0_5 VT0 5 12100 535106 24552 -510554
VT0_5 VT0 5 12200 546411 23858 -522553
VT0_5 VT0 5 12300 538986 26702 -512284
VT0_5 VT0 5 12400 543607 26505 -517102
VT0_5 VT0 5 12500 545359 23357 -522002
VT0_5 VT0 5 12600 535755 22531 -513224
VT0_5 VT0 5 12700 527173 22760 -504413
VT0_5 VT0 5 12800 527102 21909 -505193
VT0_5 VT0 5 12900 524420 21427 -502993
VT0_5 VT0 5 13000 521718 22679 -499039
VT0_5 VT0 5 13100 528087 19770 -508317
VT0_5 VT0 5 13200 535033 20141 -514892
VT0_5 VT0 5 13300 535916 20090 -515826
VT0_5 VT0 5 13400 534297 20342 -513955
VT0_5 VT0 5 13500 528493 19874 -508619
VT0_5 VT0 5 13600 541069 20990 -520079
VT0_5 VT0 5 13700 527884 22287 -505597
VT0_5 VT0 5 13800 532348 21652 -510696
VT0_5 VT0 5 13900 538238 20833 -517405
VT0_5 VT0 5 14000 536522 20498 -516024
VT0_5 VT0 5 14100 531421 20603 -510818
VT0_5 VT0 5 14200 534675 20648 -514027
VT0_5 VT0 5 14300 537257 20121 -517136
VT0_5 VT0 5 14400 534427 18840 -515587
VT0_5 VT0 5 14500 536661 19458 -517203
VT0_5 VT0 5 14600 532621 18894 -513727
VT0_5 VT0 5 14700 537739 18370 -519369
VT0_5 VT0 5 14800 518599 18819 -499780
VT0_5 VT0 5 14900 536018 19311 -516707
VT0_5 VT0 5 15000 533804 19397 -514407
VT0_5 VT0 5 15100 525245 18659 -506586
VT0_5 VT0 5 15200 514980 18249 -496731
VT0_5 VT0 5 15300 522787 18369 -504418
VT0_5 VT0 5 15400 527334 19379 -507955
VT0_5 VT0 5 15500 536983 19227 -517756
VT0_5 VT0 5 15600 509465 19286 -490179
VT0_5 VT0 5 15700 513304 19385 -493919
VT0_5 VT0 5 15800 507870 18728 -489142
VT0_5 VT0 5 15900 508594 20114 -488480
VT0_5 VT0 5 16000 489452 19170 -470282
VT0_5 VT0 5 16100 466577 18142 -448435
VT0_5 VT0 5 16200 482532 19055 -463477
VT0_5 VT0 5 16300 504822 18963 -485859
VT0_5 VT0 5 16400 512072 19422 -492650
VT0_5 VT0 5 16500 532775 19549 -513226
VT0_5 VT0 5 16600 540353 20635 -519718
VT0_5 VT0 5 16700 547095 21709 -525386
VT0_5 VT0 5 16800 537806 21067 -516739
VT0_5 VT0 5 16900 532327 20475 -511852
VT0_5 VT0 5 17000 540285 20652 -519633
VT0_5 VT0 5 17100 559173 21130 -538043
VT0_5 VT0 5 17200 557179 21923 -535256
VT0_5 VT0 5 17300 545929 20934 -524995
VT0_5 VT0 5 17400 527635 19435 -508200
VT0_5 VT0 5 17500 543833 19429 -524404
VT0_5 VT0 5 17600 532226 19056 -513170
VT0_5 VT0 5 17700 534761 18547 -516214
VT0_5 VT0 5 17800 532048 19700 -512348
VT0_5 VT0 5 17900 524907 19724 -505183
VT0_5 VT0 5 18000 518190 19468 -498722
VT0_5 VT0 5 18100 513535 20099 -493436
VT0_5 VT0 5 18200 516059 21162 -494897
VT0_5 VT0 5 18300 529295 21209 -508086
VT0_5 VT0 5 18400 527782 21450 -506332
VT0_5 VT0 5 18500 530934 21042 -509892
VT0_5 VT0 5 18600 532216 21847 -510369
VT0_5 VT0 5 18700 545809 20881 -524928
VT0_5 VT0 5 18800 548425 20083 -528342
VT0_5 VT0 5 18900 540908 20705 -520203
VT0_5 VT0 5 19000 533996 20711 -513285
VT0_5 VT0 5 19100 541980 20483 -521497
VT0_5 VT0 5 19200 523283 21935 -501348
VT0_5 VT0 5 19300 533504 24883 -508621
VT0_5 VT0 5 19400 527381 26140 -501241
VT0_5 VT0 5 19500 534448 27645 -506803
VT0_5 VT0 5 19600 533302 25180 -508122
VT0_5 VT0 5 19700 546437 24361 -522076
VT0_5 VT0 5 19800 532199 21936 -510263
VT0_5 VT0 5 19900 519820 20678 -499142
VT0_5 VT0 5 20000 516400 22143 -494257
VT0_6 VT0 6 0 0 0 0
VT0_6 VT0 6 100 3 886 883
VT0_6 VT0 6 200 323 8222 7899
VT0_6 VT0 6 300 525 14099 13574
VT0_6 VT0 6 400 695 18335 17640
VT0_6 VT0 6 500 866 24292 23426
VT0_6 VT0 6 600 1016 28237 27221
VT0_6 VT0 6 700 866 19556 18690
VT0_6 VT0 6 800 595 6497 5902
VT0_6 VT0 6 900 9799 21441 11642
VT0_6 VT0 6 1000 27848 23741 -4107
VT0_6 VT0 6 1100 78261 24033 -54228
VT0_6 VT0 6 1200 178688 24163 -154525
VT0_6 VT0 6 1300 263025 24569 -238456
VT0_6 VT0 6 1400 315009 22801 -292208
VT0_6 VT0 6 1500 346312 22956 -323356
VT0_6 VT0 6 1600 376989 20601 -356388
VT0_6 VT0 6 1700 397151 19220 -377931
VT0_6 VT0 6 1800 419954 18136 -401818
VT0_6 VT0 6 1900 400896 17578 -383318
VT0_6 VT0 6 2000 398727 17283 -381444
VT0_6 VT0 6 2100 392860 16642 -376218
VT0_6 VT0 6 2200 399457 16671 -382786
VT0_6 VT0 6 2300 397592 16769 -380823
VT0_6 VT0 6 2400 386017 16144 -369873
VT0_6 VT0 6 2500 362453 17619 -344834
VT0_6 VT0 6 2600 325033 17475 -307558
VT0_6 VT0 6 2700 305031 15245 -289786
VT0_6 VT0 6 2800 315075 15880 -299195
VT0_6 VT0 6 2900 305670 16087 -289583
VT0_6 VT0 6 3000 320663 16128 -304535
VT0_6 VT0 6 3100 328200 16211 -311989
VT0_6 VT0 6 3200 296113 16852 -279261
VT0_6 VT0 6 3300 287367 16403 -270964
VT0_6 VT0 6 3400 260096 17117 -242979
VT0_6 VT0 6 3500 243285 16575 -226710
VT0_6 VT0 6 3600 244068 16503 -227565
VT0_6 VT0 6 3700 215680 16877 -198803
VT0_6 VT0 6 3800 220103 16407 -203696
VT0_6 VT0 6 3900 223387 16188 -207199
VT0_6 VT0 6 4000 175437 15428 -160009
VT0_6 VT0 6 4100 134230 15992 -118238
VT0_6 VT0 6 4200 126416 15871 -110545
VT0_6 VT0 6 4300 145948 16398 -129550
VT0_6 VT0 6 4400 164047 15996 -148051
VT0_6 VT0 6 4500 187071 17620 -169451
VT0_6 VT0 6 4600 171248 17275 -153973
VT0_6 VT0 6 4700 177384 16170 -161214
VT0_6 VT0 6 4800 184615 14882 -169733
VT0_6 VT0 6 4900 193012 16360 -176652
VT0_6 VT0 6 5000 204911 16112 -188799
VT0_6 VT0 6 5100 199094 15480 -183614
VT0_6 VT0 6 5200 192655 14657 -177998
VT0_6 VT0 6 5300 202917 15334 -187583
VT0_6 VT0 6 5400 217198 15764 -201434
VT0_6 VT0 6 5500 225655 15779 -209876
VT0_6 VT0 6 5600 219489 14953 -204536
VT0_6 VT0 6 5700 207908 15780 -192128
VT0_6 VT0 6 5800 202578 15761 -186817
VT0_6 VT0 6 5900 205280 15487 -189793
VT0_6 VT0 6 6000 198284 14976 -183308
VT0_6 VT0 6 6100 191543 14954 -176589
VT0_6 VT0 6 6200 207037 16139 -190898
VT0_6 VT0 6 6300 214598 15770 -198828
VT0_6 VT0 6 6400 222521 16324 -206197
VT0_6 VT0 6 6500 224191 15329 -208862
VT0_6 VT0 6 6600 211951 15194 -196757
VT0_6 VT0 6 6700 194985 14353 -180632
VT0_6 VT0 6 6800 209536 14579 -194957
VT0_6 VT0 6 6900 196406 15955 -180451
VT0_6 VT0 6 7000 197379 16021 -181358
VT0_6 VT0 6 7100 208907 17207 -191700
VT0_6 VT0 6 7200 220437 16592 -203845
VT0_6 VT0 6 7300 207807 16977 -190830
VT0_6 VT0 6 7400 208164 16617 -191547
VT0_6 VT0 6 7500 189447 16686 -172761
VT0_6 VT0 6 7600 196412 16470 -179942
VT0_6 VT0 6 7700 179736 15046 -164690
VT0_6 VT0 6 7800 180115 14629 -165486
VT0_6 VT0 6 7900 209897 15110 -194787
VT0_6 VT0 6 8000 229638 15670 -213968
VT0_6 VT0 6 8100 223582 15331 -208251
VT0_6 VT0 6 8200 221295 15207 -206088
VT0_6 VT0 6 8300 211067 16072 -194995
VT0_6 VT0 6 8400 217040 16269 -200771
VT0_6 VT0 6 8500 210904 15414 -195490
VT0_6 VT0 6 8600 201356 14607 -186749
VT0_6 VT0 6 8700 219733 14108 -205625
VT0_6 VT0 6 8800 242012 14986 -227026
VT0_6 VT0 6 8900 278802 15577 -263225
VT0_6 VT0 6 9000 358342 15844 -342498
VT0_6 VT0 6 9100 414340 16165 -398175
VT0_6 VT0 6 9200 432556 17419 -415137
VT0_6 VT0 6 9300 459799 16571 -443228
VT0_6 VT0 6 9400 488616 16413 -472203
VT0_6 VT0 6 9500 492439 16784 -475655
VT0_6 VT0 6 9600 498069 16818 -481251
VT0_6 VT0 6 9700 506788 16019 -490769
VT0_6 VT0 6 9800 497817 16699 -481118
VT0_6 VT0 6 9900 472874 16737 -456137
VT0_6 VT0 6 10000 472523 16737 -455786
VT0_6 VT0 6 10100 473803 16351 -457452
VT0_6 VT0 6 10200 461940 17022 -444918
VT0_6 VT0 6 10300 449646 15847 -433799
VT0_6 VT0 6 10400 451402 15500 -435902
VT0_6 VT0 6 10500 469241 15470 -453771
VT0_6 VT0 6 10600 491965 15763 -476202
VT0_6 VT0 6 10700 507567 15423 -492144
VT0_6 VT0 6 10800 493220 15375 -477845
VT0_6 VT0 6 10900 471956 15533 -456423
VT0_6 VT0 6 11000 479472 15239 -464233
VT0_6 VT0 6 11100 467608 15323 -452285
VT0_6 VT0 6 11200 475482 15575 -459907
VT0_6 VT0 6 11300 501527 16744 -484783
VT0_6 VT0 6 11400 512744 15942 -496802
VT0_6 VT0 6 11500 515541 16628 -498913
VT0_6 VT0 6 11600 493009 16939 -476070
VT0_6 VT0 6 11700 490553 16487 -474066
VT0_6 VT0 6 11800 481116 15694 -465422
VT0_6 VT0 6 11900 488597 16441 -472156
VT0_6 VT0 6 12000 490845 16833 -474012
VT0_6 VT0 6 12100 480115 16896 -463219
VT0_6 VT0 6 12200 458698 16635 -442063
VT0_6 VT0 6 12300 459972 15841 -444131
VT0_6 VT0 6 12400 476197 15741 -460456
VT0_6 VT0 6 12500 494596 16525 -478071
VT0_6 VT0 6 12600 494715 16728 -477987
VT0_6 VT0 6 12700 488041 17137 -470904
VT0_6 VT0 6 12800 481469 16882 -464587
VT0_6 VT0 6 12900 504245 17177 -487068
VT0_6 VT0 6 13000 493997 17534 -476463
VT0_6 VT0 6 13100 502115 16704 -485411
VT0_6 VT0 6 13200 488878 16733 -472145
VT0_6 VT0 6 13300 503052 17005 -486047
VT0_6 VT0 6 13400 514139 16959 -497180
VT0_6 VT0 6 13500 507328 16866 -490462
VT0_6 VT0 6 13600 486274 16422 -469852
VT0_6 VT0 6 13700 478575 16888 -461687
VT0_6 VT0 6 13800 472192 16870 -455322
VT0_6 VT0 6 13900 466056 16709 -449347
VT0_6 VT0 6 14000 502404 16841 -485563
VT0_6 VT0 6 14100 495893 17165 -478728
VT0_6 VT0 6 14200 500510 18423 -482087
VT0_6 VT0 6 14300 486370 17464 -468906
VT0_6 VT0 6 14400 495708 17283 -478425
VT0_6 VT0 6 14500 501745 17062 -484683
VT0_6 VT0 6 14600 490102 16628 -473474
VT0_6 VT0 6 14700 497267 17666 -479601
VT0_6 VT0 6 14800 491888 17314 -474574
VT0_6 VT0 6 14900 507143 18220 -488923
VT0_6 VT0 6 15000 501664 17565 -484099
VT0_6 VT0 6 15100 504181 17504 -486677
VT0_6 VT0 6 15200 484789 17575 -467214
VT0_6 VT0 6 15300 470055 17363 -452692
VT0_6 VT0 6 15400 485517 17285 -468232
VT0_6 VT0 6 15500 485642 16850 -468792
VT0_6 VT0 6 15600 491010 16448 -474562
VT0_6 VT0 6 15700 507662 15950 -491712
VT0_6 VT0 6 15800 494113 16922 -477191
VT0_6 VT0 6 15900 489964 16998 -472966
VT0_6 VT0 6 16000 489672 17619 -472053
VT0_6 VT0 6 16100 485845 16848 -468997
VT0_6 VT0 6 16200 484651 16940 -467711
VT0_6 VT0 6 16300 475881 17205 -458676
VT0_6 VT0 6 16400 488611 16687 -471924
VT0_6 VT0 6 16500 487159 16906 -470253
VT0_6 VT0 6 16600 492923 17232 -475691
VT0_6 VT0 6 16700 502433 16853 -485580
VT0_6 VT0 6 16800 498621 16617 -482004
VT0_6 VT0 6 16900 493242 16088 -477154
VT0_6 VT0 6 17000 497168 15443 -481725
VT0_6 VT0 6 17100 502689 15256 -487433
VT0_6 VT0 6 17200 505702 15039 -490663
VT0_6 VT0 6 17300 480681 15765 -464916
VT0_6 VT0 6 17400 471527 16258 -455269
VT0_6 VT0 6 17500 481739 16187 -465552
VT0_6 VT0 6 17600 480369 16285 -464084
VT0_6 VT0 6 17700 469272 16330 -452942
VT0_6 VT0 6 17800 487978 16617 -471361
VT0_6 VT0 6 17900 485811 17085 -468726
VT0_6 VT0 6 18000 484325 17582 -466743
VT0_6 VT0 6 18100 503223 17460 -485763
VT0_6 VT0 6 18200 499818 16565 -483253
VT0_6 VT0 6 18300 499271 16280 -482991
VT0_6 VT0 6 18400 499960 16672 -483288
VT0_6 VT0 6 18500 485430 16639 -468791
VT0_6 VT0 6 18600 474774 17546 -457228
VT0_6 VT0 6 18700 494839 16744 -478095
VT0_6 VT0 6 18800 496995 16698 -480297
VT0_6 VT0 6 18900 493736 17428 -476308
VT0_6 VT0 6 19000 490003 17511 -472492
VT0_6 VT0 6 19100 482318 17008 -465310
VT0_6 VT0 6 19200 498089 16506 -481583
VT0_6 VT0 6 19300 487227 16963 -470264
VT0_6 VT0 6 19400 476053 16914 -459139
VT0_6 VT0 6 19500 464008 17336 -446672
VT0_6 VT0 6 19600 466824 17266 -449558
VT0_6 VT0 6 19700 477579 17547 -460032
VT0_6 VT0 6 19800 474387 17597 -456790
VT0_6 VT0 6 19900 477352 17964 -459388
VT0_6 VT0 6 20000 480317 18009 -462308
VT0_7 VT0 7 0 0 0 0
VT0_7 VT0 7 100 7 834 827
VT0_7 VT0 7 200 290 8104 7814
VT0_7 VT0 7 300 505 14204 13699
VT0_7 VT0 7 400 689 18328 17639
VT0_7 VT0 7 500 1273 24782 23509
VT0_7 VT0 7 600 2998 31502 28504
VT0_7 VT0 7 700 11419 30930 19511
VT0_7 VT0 7 800 27555 25019 -2536
VT0_7 VT0 7 900 103469 26846 -76623
VT0_7 VT0 7 1000 268509 24395 -244114
VT0_7 VT0 7 1100 396865 23440 -373425
VT0_7 VT0 7 1200 393319 19353 -373966
VT0_7 VT0 7 1300 355662 16507 -339155
VT0_7 VT0 7 1400 337537 15035 -322502
VT0_7 VT0 7 1500 316392 14092 -302300
VT0_7 VT0 7 1600 280098 13228 -266870
VT0_7 VT0 7 1700 264380 12864 -251516
VT0_7 VT0 7 1800 263573 12934 -250639
VT0_7 VT0 7 1900 235406 13004 -222402
VT0_7 VT0 7 2000 209770 12608 -197162
VT0_7 VT0 7 2100 209661 13146 -196515
VT0_7 VT0 7 2200 221409 14115 -207294
VT0_7 VT0 7 2300 226053 13364 -212689
VT0_7 VT0 7 2400 209196 13581 -195615
VT0_7 VT0 7 2500 213876 14892 -198984
VT0_7 VT0 7 2600 219545 14986 -204559
VT0_7 VT0 7 2700 212614 15306 -197308
VT0_7 VT0 7 2800 209816 15364 -194452
VT0_7 VT0 7 2900 226123 15699 -210424
VT0_7 VT0 7 3000 214669 16175 -198494
VT0_7 VT0 7 3100 218514 16298 -202216
VT0_7 VT0 7 3200 202715 15929 -186786
VT0_7 VT0 7 3300 210010 15739 -194271
VT0_7 VT0 7 3400 201104 15118 -185986
VT0_7 VT0 7 3500 223298 15152 -208146
VT0_7 VT0 7 3600 213144 14937 -198207
VT0_7 VT0 7 3700 218251 15276 -202975
VT0_7 VT0 7 3800 220581 15393 -205188
VT0_7 VT0 7 3900 222839 15455 -207384
VT0_7 VT0 7 4000 243798 14856 -228942
VT0_7 VT0 7 4100 242986 14570 -228416
VT0_7 VT0 7 4200 230756 16093 -214663
VT0_7 VT0 7 4300 203944 16177 -187767
VT0_7 VT0 7 4400 224958 15748 -209210
VT0_7 VT0 7 4500 271999 15721 -256278
VT0_7 VT0 7 4600 284289 16028 -268261
VT0_7 VT0 7 4700 287015 15607 -271408
VT0_7 VT0 7 4800 300684 16004 -284680
VT0_7 VT0 7 4900 348146 16204 -331942
VT0_7 VT0 7 5000 381491 16042 -365449
VT0_7 VT0 7 5100 412958 16359 -396599
VT0_7 VT0 7 5200 435901 17317 -418584
VT0_7 VT0 7 5300 475219 18573 -456646
VT0_7 VT0 7 5400 489637 17204 -472433
VT0_7 VT0 7 5500 494200 17496 -476704
VT0_7 VT0 7 5600 523199 16867 -506332
VT0_7 VT0 7 5700 539452 18013 -521439
VT0_7 VT0 7 5800 542617 17205 -525412
VT0_7 VT0 7 5900 525095 18607 -506488
VT0_7 VT0 7 6000 527493 17840 -509653
VT0_7 VT0 7 6100 518603 17888 -500715
VT0_7 VT0 7 6200 520809 17349 -503460
VT0_7 VT0 7 6300 467090 16455 -450635
VT0_7 VT0 7 6400 243052 8537 -234515
VT0_7 VT0 7 6500 83201 2813 -80388
VT0_7 VT0 7 6600 60340 1892 -58448
VT0_7 VT0 7 6700 55360 1983 -53377
VT0_7 VT0 7 6800 50112 1583 -48529
VT0_7 VT0 7 6900 53181 1514 -51667
VT0_7 VT0 7 7000 48055 1193 -46862
VT0_7 VT0 7 7100 48828 1327 -47501
VT0_7 VT0 7 7200 42356 1204 -41152
VT0_7 VT0 7 7300 46060 1023 -45037
VT0_7 VT0 7 7400 39248 1030 -38218
VT0_7 VT0 7 7500 41750 1239 -40511
VT0_7 VT0 7 7600 45633 1449 -44184
VT0_7 VT0 7 7700 42792 1363 -41429
VT0_7 VT0 7 7800 43821 1570 -42251
VT0_7 VT0 7 7900 44508 1192 -43316
VT0_7 VT0 7 8000 42476 1367 -41109
VT0_7 VT0 7 8100 40420 1481 -38939
VT0_7 VT0 7 8200 42788 1660 -41128
VT0_7 VT0 7 8300 45746 1609 -44137
VT0_7 VT0 7 8400 43673 1662 -42011
VT0_7 VT0 7 8500 44360 1452 -42908
VT0_7 VT0 7 8600 42475 1232 -41243
VT0_7 VT0 7 8700 42156 1059 -41097
VT0_7 VT0 7 8800 43484 1232 -42252
VT0_7 VT0 7 8900 43178 1275 -41903
VT0_7 VT0 7 9000 39813 1477 -38336
VT0_7 VT0 7 9100 42844 1467 -41377
VT0_7 VT0 7 9200 42304 1505 -40799
VT0_7 VT0 7 9300 40141 1327 -38814
VT0_7 VT0 7 9400 42446 969 -41477
VT0_7 VT0 7 9500 43619 809 -42810
VT0_7 VT0 7 9600 43145 729 -42416
VT0_7 VT0 7 9700 43740 743 -42997
VT0_7 VT0 7 9800 40914 878 -40036
VT0_7 VT0 7 9900 42453 965 -41488
VT0_7 VT0 7 10000 40888 959 -39929
VT0_7 VT0 7 10100 40163 907 -39256
VT0_7 VT0 7 10200 45113 1312 -43801
VT0_7 VT0 7 10300 40526 1135 -39391
VT0_7 VT0 7 10400 40449 1218 -39231
VT0_7 VT0 7 10500 37347 1292 -36055
VT0_7 VT0 7 10600 42508 1239 -41269
VT0_7 VT0 7 10700 38712 1119 -37593
VT0_7 VT0 7 10800 42328 1331 -40997
VT0_7 VT0 7 10900 40392 1231 -39161
VT0_7 VT0 7 11000 39699 1303 -38396
VT0_7 VT0 7 11100 37532 1548 -35984
VT0_7 VT0 7 11200 38211 1599 -36612
VT0_7 VT0 7 11300 37304 1338 -35966
VT0_7 VT0 7 11400 39451 1385 -38066
VT0_7 VT0 7 11500 38907 1316 -37591
VT0_7 VT0 7 11600 44280 1425 -42855
VT0_7 VT0 7 11700 45549 1481 -44068
VT0_7 VT0 7 11800 42988 1285 -41703
VT0_7 VT0 7 11900 43271 1345 -41926
VT0_7 VT0 7 12000 41115 1514 -39601
VT0_7 VT0 7 12100 40328 1163 -39165
VT0_7 VT0 7 12200 41608 1227 -40381
VT0_7 VT0 7 12300 43190 1538 -41652
VT0_7 VT0 7 12400 43724 1539 -42185
VT0_7 VT0 7 12500 39433 1335 -38098
VT0_7 VT0 7 12600 43465 1447 -42018
VT0_7 VT0 7 12700 41568 1454 -40114
VT0_7 VT0 7 12800 42133 1366 -40767
VT0_7 VT0 7 12900 39495 1348 -38147
VT0_7 VT0 7 13000 41161 1151 -40010
VT0_7 VT0 7 13100 43267 1297 -41970
VT0_7 VT0 7 13200 41396 1213 -40183
VT0_7 VT0 7 13300 43762 1312 -42450
VT0_7 VT0 7 13400 42669 1242 -41427
VT0_7 VT0 7 13500 41627 996 -40631
VT0_7 VT0 7 13600 43145 1129 -42016
VT0_7 VT0 7 13700 40571 1146 -39425
VT0_7 VT0 7 13800 43085 1169 -41916
VT0_7 VT0 7 13900 39743 1164 -38579
VT0_7 VT0 7 14000 43318 1026 -42292
VT0_7 VT0 7 14100 41128 1144 -39984
VT0_7 VT0 7 14200 43589 1136 -42453
VT0_7 VT0 7 14300 39108 879 -38229
VT0_7 VT0 7 14400 40350 948 -39402
VT0_7 VT0 7 14500 43391 1279 -42112
VT0_7 VT0 7 14600 40192 1123 -39069
VT0_7 VT0 7 14700 42775 1025 -41750
VT0_7 VT0 7 14800 42185 907 -41278
VT0_7 VT0 7 14900 39930 927 -39003
VT0_7 VT0 7 15000 40973 981 -39992
VT0_7 VT0 7 15100 40346 1032 -39314
VT0_7 VT0 7 15200 40630 1011 -39619
VT0_7 VT0 7 15300 38942 944 -37998
VT0_7 VT0 7 15400 44186 1160 -43026
VT0_7 VT0 7 15500 42825 1228 -41597
VT0_7 VT0 7 15600 41315 1245 -40070
VT0_7 VT0 7 15700 42520 1239 -41281
VT0_7 VT0 7 15800 42154 1176 -40978
VT0_7 VT0 7 15900 41297 1516 -39781
VT0_7 VT0 7 16000 40817 1285 -39532
VT0_7 VT0 7 16100 41268 1146 -40122
VT0_7 VT0 7 16200 37268 1043 -36225
VT0_7 VT0 7 16300 40578 1246 -39332
VT0_7 VT0 7 16400 41501 1397 -40104
VT0_7 VT0 7 16500 40093 1112 -38981
VT0_7 VT0 7 16600 41688 1274 -40414
VT0_7 VT0 7 16700 42123 1341 -40782
VT0_7 VT0 7 16800 41030 936 -40094
VT0_7 VT0 7 16900 41515 856 -40659
VT0_7 VT0 7 17000 42491 761 -41730
VT0_7 VT0 7 17100 39862 822 -39040
VT0_7 VT0 7 17200 41797 813 -40984
VT0_7 VT0 7 17300 41522 1109 -40413
VT0_7 VT0 7 17400 39844 1438 -38406
VT0_7 VT0 7 17500 36962 1387 -35575
VT0_7 VT0 7 17600 40797 1325 -39472
VT0_7 VT0 7 17700 39782 1200 -38582
VT0_7 VT0 7 17800 37470 1131 -36339
VT0_7 VT0 7 17900 39549 1242 -38307
VT0_7 VT0 7 18000 41591 1442 -40149
VT0_7 VT0 7 18100 39900 1438 -38462
VT0_7 VT0 7 18200 38963 1166 -37797
VT0_7 VT0 7 18300 39253 1047 -38206
VT0_7 VT0 7 18400 40822 1136 -39686
VT0_7 VT0 7 18500 42716 1542 -41174
VT0_7 VT0 7 18600 41687 1219 -40468
VT0_7 VT0 7 18700 39607 1146 -38461
VT0_7 VT0 7 18800 40748 1400 -39348
VT0_7 VT0 7 18900 40853 1300 -39553
VT0_7 VT0 7 19000 40621 1427 -39194
VT0_7 VT0 7 19100 41348 1575 -39773
VT0_7 VT0 7 19200 41507 1621 -39886
VT0_7 VT0 7 19300 39798 1595 -38203
VT0_7 VT0 7 19400 40206 1563 -38643
VT0_7 VT0 7 19500 41516 1420 -40096
VT0_7 VT0 7 19600 41970 1698 -40272
VT0_7 VT0 7 19700 38598 1411 -37187
VT0_7 VT0 7 19800 41162 1417 -39745
VT0_7 VT0 7 19900 43456 1555 -41901
VT0_7 VT0 7 20000 38880 1168 -37712
VT0_8 VT0 8 0 0 0 0
VT0_8 VT0 8 100 5 840 835
VT0_8 VT0 8 200 286 8309 8023
VT0_8 VT0 8 300 540 14216 13676
VT0_8 VT0 8 400 684 17820 17136
VT0_8 VT0 8 500 963 23954 22991
VT0_8 VT0 8 600 1155 23045 21890
VT0_8 VT0 8 700 12140 27728 15588
VT0_8 VT0 8 800 36532 33440 -3092
VT0_8 VT0 8 900 73526 29147 -44379
VT0_8 VT0 8 1000 124869 27056 -97813
VT0_8 VT0 8 1100 183034 27503 -155531
VT0_8 VT0 8 1200 201054 26679 -174375
VT0_8 VT0 8 1300 199884 25260 -174624
VT0_8 VT0 8 1400 191157 22278 -168879
VT0_8 VT0 8 1500 180133 18481 -161652
VT0_8 VT0 8 1600 222176 16057 -206119
VT0_8 VT0 8 1700 275562 14380 -261182
VT0_8 VT0 8 1800 298297 13237 -285060
VT0_8 VT0 8 1900 327672 13496 -314176
VT0_8 VT0 8 2000 351328 14145 -337183
VT0_8 VT0 8 2100 372778 14154 -358624
VT0_8 VT0 8 2200 379096 14721 -364375
VT0_8 VT0 8 2300 383764 14838 -368926
VT0_8 VT0 8 2400 371651 15370 -356281
VT0_8 VT0 8 2500 384928 15526 -369402
VT0_8 VT0 8 2600 394020 16189 -377831
VT0_8 VT0 8 2700 378272 16800 -361472
VT0_8 VT0 8 2800 387953 16531 -371422
VT0_8 VT0 8 2900 382770 16566 -366204
VT0_8 VT0 8 3000 368069 15898 -352171
VT0_8 VT0 8 3100 365508 16065 -349443
VT0_8 VT0 8 3200 371432 15928 -355504
VT0_8 VT0 8 3300 361049 15104 -345945
VT0_8 VT0 8 3400 364951 16158 -348793
VT0_8 VT0 8 3500 362437 16998 -345439
VT0_8 VT0 8 3600 366892 16586 -350306
VT0_8 VT0 8 3700 370479 17184 -353295
VT0_8 VT0 8 3800 367768 16509 -351259
VT0_8 VT0 8 3900 359896 16366 -343530
VT0_8 VT0 8 4000 344392 15975 -328417
VT0_8 VT0 8 4100 312330 16021 -296309
VT0_8 VT0 8 4200 299075 15367 -283708
VT0_8 VT0 8 4300 291857 15935 -275922
VT0_8 VT0 8 4400 301408 15838 -285570
VT0_8 VT0 8 4500 297372 16907 -280465
VT0_8 VT0 8 4600 289869 16897 -272972
VT0_8 VT0 8 4700 287951 17217 -270734
VT0_8 VT0 8 4800 299233 17132 -282101
VT0_8 VT0 8 4900 288471 16676 -271795
VT0_8 VT0 8 5000 288416 14597 -273819
VT0_8 VT0 8 5100 279006 15070 -263936
VT0_8 VT0 8 5200 250248 14952 -235296
VT0_8 VT0 8 5300 234008 15788 -218220
VT0_8 VT0 8 5400 225599 16318 -209281
VT0_8 VT0 8 5500 239296 16666 -222630
VT0_8 VT0 8 5600 235843 16472 -219371
VT0_8 VT0 8 5700 229130 15799 -213331
VT0_8 VT0 8 5800 216912 16511 -200401
VT0_8 VT0 8 5900 199267 16771 -182496
VT0_8 VT0 8 6000 219018 17459 -201559
VT0_8 VT0 8 6100 242020 17811 -224209
VT0_8 VT0 8 6200 247020 18315 -228705
VT0_8 VT0 8 6300 232653 17824 -214829
VT0_8 VT0 8 6400 228435 17052 -211383
VT0_8 VT0 8 6500 237174 17119 -220055
VT0_8 VT0 8 6600 243025 17094 -225931
VT0_8 VT0 8 6700 236303 17229 -219074
VT0_8 VT0 8 6800 243114 16837 -226277
VT0_8 VT0 8 6900 251770 17109 -234661
VT0_8 VT0 8 7000 253356 17230 -236126
VT0_8 VT0 8 7100 261339 17026 -244313
VT0_8 VT0 8 7200 277672 17282 -260390
VT0_8 VT0 8 7300 277976 16958 -261018
VT0_8 VT0 8 7400 266172 17196 -248976
VT0_8 VT0 8 7500 257895 17205 -240690
VT0_8 VT0 8 7600 218718 16284 -202434
VT0_8 VT0 8 7700 222158 15540 -206618
VT0_8 VT0 8 7800 217187 16603 -200584
VT0_8 VT0 8 7900 219905 16616 -203289
VT0_8 VT0 8 8000 241873 16506 -225367
VT0_8 VT0 8 8100 267287 17239 -250048
VT0_8 VT0 8 8200 279899 15762 -264137
VT0_8 VT0 8 8300 280351 15804 -264547
VT0_8 VT0 8 8400 311060 16437 -294623
VT0_8 VT0 8 8500 300973 16885 -284088
VT0_8 VT0 8 8600 317225 17941 -299284
VT0_8 VT0 8 8700 339200 17251 -321949
VT0_8 VT0 8 8800 360934 17492 -343442
VT0_8 VT0 8 8900 363688 18379 -345309
VT0_8 VT0 8 9000 384331 18443 -365888
VT0_8 VT0 8 9100 404162 19196 -384966
VT0_8 VT0 8 9200 437098 19161 -417937
VT0_8 VT0 8 9300 477453 18996 -458457
VT0_8 VT0 8 9400 479077 19036 -460041
VT0_8 VT0 8 9500 498749 18619 -480130
VT0_8 VT0 8 9600 507557 20058 -487499
VT0_8 VT0 8 9700 499997 19501 -480496
VT0_8 VT0 8 9800 522689 19444 -503245
VT0_8 VT0 8 9900 518781 18327 -500454
VT0_8 VT0 8 10000 519555 17365 -502190
VT0_8 VT0 8 10100 523203 17015 -506188
VT0_8 VT0 8 10200 533397 16426 -516971
VT0_8 VT0 8 10300 531652 17054 -514598
VT0_8 VT0 8 10400 532876 16657 -516219
VT0_8 VT0 8 10500 536532 15456 -521076
VT0_8 VT0 8 10600 553171 17048 -536123
VT0_8 VT0 8 10700 541799 16156 -525643
VT0_8 VT0 8 10800 531299 16278 -515021
VT0_8 VT0 8 10900 510466 15131 -495335
VT0_8 VT0 8 11000 498585 14391 -484194
VT0_8 VT0 8 11100 477197 13693 -463504
VT0_8 VT0 8 11200 418572 11533 -407039
VT0_8 VT0 8 11300 238159 7260 -230899
VT0_8 VT0 8 11400 103496 2844 -100652
VT0_8 VT0 8 11500 71467 1958 -69509
VT0_8 VT0 8 11600 65719 1421 -64298
VT0_8 VT0 8 11700 65075 1742 -63333
VT0_8 VT0 8 11800 62244 1578 -60666
VT0_8 VT0 8 11900 64704 2133 -62571
VT0_8 VT0 8 12000 60861 2304 -58557
VT0_8 VT0 8 12100 64889 2648 -62241
VT0_8 VT0 8 12200 63812 2228 -61584
VT0_8 VT0 8 12300 68524 2090 -66434
VT0_8 VT0 8 12400 62465 1918 -60547
VT0_8 VT0 8 12500 67828 2103 -65725
VT0_8 VT0 8 12600 63744 2360 -61384
VT0_8 VT0 8 12700 62063 2073 -59990
VT0_8 VT0 8 12800 63819 2161 -61658
VT0_8 VT0 8 12900 65345 1850 -63495
VT0_8 VT0 8 13000 65604 1818 -63786
VT0_8 VT0 8 13100 70224 1923 -68301
VT0_8 VT0 8 13200 66190 1758 -64432
VT0_8 VT0 8 13300 64334 2020 -62314
VT0_8 VT0 8 13400 65700 2184 -63516
VT0_8 VT0 8 13500 68945 2477 -66468
VT0_8 VT0 8 13600 63666 2164 -61502
VT0_8 VT0 8 13700 66921 2149 -64772
VT0_8 VT0 8 13800 67622 1973 -65649
VT0_8 VT0 8 13900 64976 1808 -63168
VT0_8 VT0 8 14000 68146 2036 -66110
VT0_8 VT0 8 14100 69413 2196 -67217
VT0_8 VT0 8 14200 64750 2378 -62372
VT0_8 VT0 8 14300 67374 2098 -65276
VT0_8 VT0 8 14400 65887 2251 -63636
VT0_8 VT0 8 14500 68001 2459 -65542
VT0_8 VT0 8 14600 63934 2336 -61598
VT0_8 VT0 8 14700 64682 2238 -62444
VT0_8 VT0 8 14800 67019 2240 -64779
VT0_8 VT0 8 14900 63385 2097 -61288
VT0_8 VT0 8 15000 63421 1927 -61494
VT0_8 VT0 8 15100 65380 2070 -63310
VT0_8 VT0 8 15200 64074 2257 -61817
VT0_8 VT0 8 15300 67639 2254 -65385
VT0_8 VT0 8 15400 65497 1988 -63509
VT0_8 VT0 8 15500 64205 1651 -62554
VT0_8 VT0 8 15600 67228 1655 -65573
VT0_8 VT0 8 15700 67508 2252 -65256
VT0_8 VT0 8 15800 68457 1553 -66904
VT0_8 VT0 8 15900 67386 1374 -66012
VT0_8 VT0 8 16000 64109 1667 -62442
VT0_8 VT0 8 16100 70191 1990 -68201
VT0_8 VT0 8 16200 68265 1952 -66313
VT0_8 VT0 8 16300 63791 1674 -62117
VT0_8 VT0 8 16400 64617 1684 -62933
VT0_8 VT0 8 16500 58773 1574 -57199
VT0_8 VT0 8 16600 59748 1844 -57904
VT0_8 VT0 8 16700 64080 2198 -61882
VT0_8 VT0 8 16800 65513 2191 -63322
VT0_8 VT0 8 16900 65645 2239 -63406
VT0_8 VT0 8 17000 66960 2380 -64580
VT0_8 VT0 8 17100 68358 2279 -66079
VT0_8 VT0 8 17200 66779 2400 -64379
VT0_8 VT0 8 17300 69089 2755 -66334
VT0_8 VT0 8 17400 69146 2081 -67065
VT0_8 VT0 8 17500 65865 1909 -63956
VT0_8 VT0 8 17600 67606 2187 -65419
VT0_8 VT0 8 17700 66349 2194 -64155
VT0_8 VT0 8 17800 66278 2016 -64262
VT0_8 VT0 8 17900 65231 1788 -63443
VT0_8 VT0 8 18000 65167 1758 -63409
VT0_8 VT0 8 18100 65443 1867 -63576
VT0_8 VT0 8 18200 69286 2115 -67171
VT0_8 VT0 8 18300 69459 2194 -67265
VT0_8 VT0 8 18400 64520 2196 -62324
VT0_8 VT0 8 18500 65192 2289 -62903
VT0_8 VT0 8 18600 64108 1903 -62205
VT0_8 VT0 8 18700 63366 2077 -61289
VT0_8 VT0 8 18800 64116 2203 -61913
VT0_8 VT0 8 18900 64518 2181 -62337
VT0_8 VT0 8 19000 62077 2117 -59960
VT0_8 VT0 8 19100 62302 2335 -59967
VT0_8 VT0 8 19200 60803 2444 -58359
VT0_8 VT0 8 19300 60914 2541 -58373
VT0_8 VT0 8 19400 66997 2564 -64433
VT0_8 VT0 8 19500 61710 2115 -59595
VT0_8 VT0 8 19600 67787 2201 -65586
VT0_8 VT0 8 19700 66444 2450 -63994
VT0_8 VT0 8 19800 66560 2279 -64281
VT0_8 VT0 8 19900 64160 2208 -61952
VT0_8 VT0 8 20000 62215 2250 -59965
VT0_9 VT0 9 0 0 0 0
VT0_9 VT0 9 100 5 772 767
VT0_9 VT0 9 200 278 7829 7551
VT0_9 VT0 9 300 515 13794 13279
VT0_9 VT0 9 400 625 18123 17498
VT0_9 VT0 9 500 883 24044 23161
VT0_9 VT0 9 600 826 19495 18669
VT0_9 VT0 9 700 3761 8715 4954
VT0_9 VT0 9 800 61426 16920 -44506
VT0_9 VT0 9 900 136332 15318 -121014
VT0_9 VT0 9 1000 189908 13409 -176499
VT0_9 VT0 9 1100 283383 13828 -269555
VT0_9 VT0 9 1200 332274 13808 -318466
VT0_9 VT0 9 1300 343161 12858 -330303
VT0_9 VT0 9 1400 340581 12716 -327865
VT0_9 VT0 9 1500 342432 13509 -328923
VT0_9 VT0 9 1600 359813 12473 -347340
VT0_9 VT0 9 1700 367200 12760 -354440
VT0_9 VT0 9 1800 367282 12983 -354299
VT0_9 VT0 9 1900 352136 12292 -339844
VT0_9 VT0 9 2000 344079 12567 -331512
VT0_9 VT0 9 2100 331096 13571 -317525
VT0_9 VT0 9 2200 344290 13713 -330577
VT0_9 VT0 9 2300 353538 14085 -339453
VT0_9 VT0 9 2400 371710 14711 -356999
VT0_9 VT0 9 2500 357116 15944 -341172
VT0_9 VT0 9 2600 373528 16811 -356717
VT0_9 VT0 9 2700 362018 16254 -345764
VT0_9 VT0 9 2800 353790 16582 -337208
VT0_9 VT0 9 2900 345291 16200 -329091
VT0_9 VT0 9 3000 368026 16134 -351892
VT0_9 VT0 9 3100 375217 16231 -358986
VT0_9 VT0 9 3200 370714 17054 -353660
VT0_9 VT0 9 3300 363899 17070 -346829
VT0_9 VT0 9 3400 344530 16598 -327932
VT0_9 VT0 9 3500 333530 16951 -316579
VT0_9 VT0 9 3600 334244 17380 -316864
VT0_9 VT0 9 3700 352912 18009 -334903
VT0_9 VT0 9 3800 372089 17012 -355077
VT0_9 VT0 9 3900 376273 16473 -359800
VT0_9 VT0 9 4000 374862 17276 -357586
VT0_9 VT0 9 4100 391456 18205 -373251
VT0_9 VT0 9 4200 382647 18272 -364375
VT0_9 VT0 9 4300 387197 18755 -368442
VT0_9 VT0 9 4400 435826 20595 -415231
VT0_9 VT0 9 4500 434626 21101 -413525
VT0_9 VT0 9 4600 424815 20707 -404108
VT0_9 VT0 9 4700 398932 19662 -379270
VT0_9 VT0 9 4800 396020 20651 -375369
VT0_9 VT0 9 4900 398705 20354 -378351
VT0_9 VT0 9 5000 406338 19878 -386460
VT0_9 VT0 9 5100 422499 20912 -401587
VT0_9 VT0 9 5200 422769 20775 -401994
VT0_9 VT0 9 5300 438970 21659 -417311
VT0_9 VT0 9 5400 436612 22369 -414243
VT0_9 VT0 9 5500 421272 21599 -399673
VT0_9 VT0 9 5600 425941 19867 -406074
VT0_9 VT0 9 5700 424429 21544 -402885
VT0_9 VT0 9 5800 396566 19289 -377277
VT0_9 VT0 9 5900 349136 18609 -330527
VT0_9 VT0 9 6000 360157 17466 -342691
VT0_9 VT0 9 6100 334045 16301 -317744
VT0_9 VT0 9 6200 336262 16344 -319918
VT0_9 VT0 9 6300 346703 16929 -329774
VT0_9 VT0 9 6400 334970 16836 -318134
VT0_9 VT0 9 6500 315270 16709 -298561
VT0_9 VT0 9 6600 292112 18035 -274077
VT0_9 VT0 9 6700 272961 18536 -254425
VT0_9 VT0 9 6800 302830 18116 -284714
VT0_9 VT0 9 6900 259560 17095 -242465
VT0_9 VT0 9 7000 238303 16057 -222246
VT0_9 VT0 9 7100 247936 15865 -232071
VT0_9 VT0 9 7200 236124 16611 -219513
VT0_9 VT0 9 7300 230683 15089 -215594
VT0_9 VT0 9 7400 251207 15045 -236162
VT0_9 VT0 9 7500 273719 16069 -257650
VT0_9 VT0 9 7600 284702 16059 -268643
VT0_9 VT0 9 7700 279315 16269 -263046
VT0_9 VT0 9 7800 257168 16982 -240186
VT0_9 VT0 9 7900 266478 16853 -249625
VT0_9 VT0 9 8000 289101 16910 -272191
VT0_9 VT0 9 8100 297298 16942 -280356
VT0_9 VT0 9 8200 299365 16836 -282529
VT0_9 VT0 9 8300 328322 16260 -312062
VT0_9 VT0 9 8400 318909 15706 -303203
VT0_9 VT0 9 8500 317662 15647 -302015
VT0_9 VT0 9 8600 316810 16063 -300747
VT0_9 VT0 9 8700 325214 16084 -309130
VT0_9 VT0 9 8800 332083 17278 -314805
VT0_9 VT0 9 8900 328054 17552 -310502
VT0_9 VT0 9 9000 340102 17277 -322825
VT0_9 VT0 9 9100 333156 16591 -316565
VT0_9 VT0 9 9200 322910 16595 -306315
VT0_9 VT0 9 9300 337170 16904 -320266
VT0_9 VT0 9 9400 310409 16198 -294211
VT0_9 VT0 9 9500 303533 15576 -287957
VT0_9 VT0 9 9600 321394 16479 -304915
VT0_9 VT0 9 9700 334879 16153 -318726
VT0_9 VT0 9 9800 348622 15963 -332659
VT0_9 VT0 9 9900 307572 14626 -292946
VT0_9 VT0 9 10000 203253 9617 -193636
VT0_9 VT0 9 10100 116237 5220 -111017
VT0_9 VT0 9 10200 65587 3534 -62053
VT0_9 VT0 9 10300 56852 3487 -53365
VT0_9 VT0 9 10400 53712 3718 -49994
VT0_9 VT0 9 10500 47229 2745 -44484
VT0_9 VT0 9 10600 44360 2733 -41627
VT0_9 VT0 9 10700 36407 1858 -34549
VT0_9 VT0 9 10800 28907 1435 -27472
VT0_9 VT0 9 10900 32317 1439 -30878
VT0_9 VT0 9 11000 35287 1575 -33712
VT0_9 VT0 9 11100 31756 1718 -30038
VT0_9 VT0 9 11200 29087 1664 -27423
VT0_9 VT0 9 11300 28270 2248 -26022
VT0_9 VT0 9 11400 29007 2375 -26632
VT0_9 VT0 9 11500 29942 2306 -27636
VT0_9 VT0 9 11600 25855 2179 -23676
VT0_9 VT0 9 11700 26680 2224 -24456
VT0_9 VT0 9 11800 28326 2156 -26170
VT0_9 VT0 9 11900 30626 2041 -28585
VT0_9 VT0 9 12000 27671 1806 -25865
VT0_9 VT0 9 12100 23696 1760 -21936
VT0_9 VT0 9 12200 26736 1507 -25229
VT0_9 VT0 9 12300 33623 1653 -31970
VT0_9 VT0 9 12400 34310 1638 -32672
VT0_9 VT0 9 12500 35461 1844 -33617
VT0_9 VT0 9 12600 35534 1902 -33632
VT0_9 VT0 9 12700 24433 1490 -22943
VT0_9 VT0 9 12800 22806 1319 -21487
VT0_9 VT0 9 12900 25471 1569 -23902
VT0_9 VT0 9 13000 26225 1637 -24588
VT0_9 VT0 9 13100 28417 1388 -27029
VT0_9 VT0 9 13200 32911 1359 -31552
VT0_9 VT0 9 13300 36089 1247 -34842
VT0_9 VT0 9 13400 37389 1228 -36161
VT0_9 VT0 9 13500 32791 1115 -31676
VT0_9 VT0 9 13600 33321 1123 -32198
VT0_9 VT0 9 13700 28256 1281 -26975
VT0_9 VT0 9 13800 25215 1481 -23734
VT0_9 VT0 9 13900 26066 2267 -23799
VT0_9 VT0 9 14000 33874 2049 -31825
VT0_9 VT0 9 14100 27747 1646 -26101
VT0_9 VT0 9 14200 32006 1606 -30400
VT0_9 VT0 9 14300 35780 1308 -34472
VT0_9 VT0 9 14400 33766 1263 -32503
VT0_9 VT0 9 14500 37924 1637 -36287
VT0_9 VT0 9 14600 36661 1444 -35217
VT0_9 VT0 9 14700 37529 1491 -36038
VT0_9 VT0 9 14800 34563 1515 -33048
VT0_9 VT0 9 14900 35502 1785 -33717
VT0_9 VT0 9 15000 36715 1231 -35484
VT0_9 VT0 9 15100 37077 1141 -35936
VT0_9 VT0 9 15200 39535 1338 -38197
VT0_9 VT0 9 15300 36805 1201 -35604
VT0_9 VT0 9 15400 37194 1299 -35895
VT0_9 VT0 9 15500 36015 1128 -34887
VT0_9 VT0 9 15600 37633 1183 -36450
VT0_9 VT0 9 15700 37921 1298 -36623
VT0_9 VT0 9 15800 37098 1173 -35925
VT0_9 VT0 9 15900 37998 1196 -36802
VT0_9 VT0 9 16000 40222 1007 -39215
VT0_9 VT0 9 16100 38125 1221 -36904
VT0_9 VT0 9 16200 35219 1233 -33986
VT0_9 VT0 9 16300 41294 1341 -39953
VT0_9 VT0 9 16400 34073 1328 -32745
VT0_9 VT0 9 16500 32463 1692 -30771
VT0_9 VT0 9 16600 32424 1107 -31317
VT0_9 VT0 9 16700 34825 1334 -33491
VT0_9 VT0 9 16800 36011 1416 -34595
VT0_9 VT0 9 16900 35565 1382 -34183
VT0_9 VT0 9 17000 35947 1575 -34372
VT0_9 VT0 9 17100 37683 1390 -36293
VT0_9 VT0 9 17200 33941 1089 -32852
VT0_9 VT0 9 17300 32081 1052 -31029
VT0_9 VT0 9 17400 36962 933 -36029
VT0_9 VT0 9 17500 36520 1061 -35459
VT0_9 VT0 9 17600 34065 890 -33175
VT0_9 VT0 9 17700 35370 964 -34406
VT0_9 VT0 9 17800 36770 1349 -35421
VT0_9 VT0 9 17900 35961 1265 -34696
VT0_9 VT0 9 18000 33319 1585 -31734
VT0_9 VT0 9 18100 30529 1778 -28751
VT0_9 VT0 9 18200 33985 1762 -32223
VT0_9 VT0 9 18300 31056 1405 -29651
VT0_9 VT0 9 18400 29211 1450 -27761
VT0_9 VT0 9 18500 33599 1530 -32069
VT0_9 VT0 9 18600 31273 1566 -29707
VT0_9 VT0 9 18700 30151 1545 -28606
VT0_9 VT0 9 18800 34049 1739 -32310
VT0_9 VT0 9 18900 35068 894 -34174
VT0_9 VT0 9 19000 32915 948 -31967
VT0_9 VT0 9 19100 35914 938 -34976
VT0_9 VT0 9 19200 33694 1080 -32614
VT0_9 VT0 9 19300 32255 1112 -31143
VT0_9 VT0 9 19400 35260 1163 -34097
VT0_9 VT0 9 19500 33011 837 -32174
VT0_9 VT0 9 19600 33339 770 -32569
VT0_9 VT0 9 19700 33923 849 -33074
VT0_9 VT0 9 19800 34172 953 -33219
VT0_9 VT0 9 19900 35467 1123 -34344
VT0_9 VT0 9 20000 35253 1139 -34114
VT0_10 VT0 10 0 0 0 0
VT0_10 VT0 10 100 1 864 863
VT0_10 VT0 10 200 303 8383 8080
VT0_10 VT0 10 300 524 14149 13625
VT0_10 VT0 10 400 617 18105 17488
VT0_10 VT0 10 500 781 22493 21712
VT0_10 VT0 10 600 375 10337 9962
VT0_10 VT0 10 700 113 2049 1936
VT0_10 VT0 10 800 10007 8473 -1534
VT0_10 VT0 10 900 128940 32788 -96152
VT0_10 VT0 10 1000 259329 30430 -228899
VT0_10 VT0 10 1100 253855 24969 -228886
VT0_10 VT0 10 1200 219591 25276 -194315
VT0_10 VT0 10 1300 277107 26959 -250148
VT0_10 VT0 10 1400 302817 26318 -276499
VT0_10 VT0 10 1500 312828 23401 -289427
VT0_10 VT0 10 1600 322596 21871 -300725
VT0_10 VT0 10 1700 323075 20671 -302404
VT0_10 VT0 10 1800 321774 19002 -302772
VT0_10 VT0 10 1900 327953 17846 -310107
VT0_10 VT0 10 2000 331022 18337 -312685
VT0_10 VT0 10 2100 342630 16862 -325768
VT0_10 VT0 10 2200 354461 16927 -337534
VT0_10 VT0 10 2300 348956 17372 -331584
VT0_10 VT0 10 2400 350697 16896 -333801
VT0_10 VT0 10 2500 348535 17022 -331513
VT0_10 VT0 10 2600 358631 16937 -341694
VT0_10 VT0 10 2700 355855 17775 -338080
VT0_10 VT0 10 2800 363674 17724 -345950
VT0_10 VT0 10 2900 352812 18014 -334798
VT0_10 VT0 10 3000 349722 17224 -332498
VT0_10 VT0 10 3100 346288 17150 -329138
VT0_10 VT0 10 3200 348806 16980 -331826
VT0_10 VT0 10 3300 388537 18454 -370083
VT0_10 VT0 10 3400 418737 19287 -399450
VT0_10 VT0 10 3500 428244 19554 -408690
VT0_10 VT0 10 3600 419814 20821 -398993
VT0_10 VT0 10 3700 435808 20324 -415484
VT0_10 VT0 10 3800 466303 18818 -447485
VT0_10 VT0 10 3900 487159 18536 -468623
VT0_10 VT0 10 4000 523730 19451 -504279
VT0_10 VT0 10 4100 538005 19775 -518230
VT0_10 VT0 10 4200 549859 19744 -530115
VT0_10 VT0 10 4300 569275 19429 -549846
VT0_10 VT0 10 4400 578568 18204 -560364
VT0_10 VT0 10 4500 588133 18586 -569547
VT0_10 VT0 10 4600 583805 18988 -564817
VT0_10 VT0 10 4700 587015 19688 -567327
VT0_10 VT0 10 4800 582688 20073 -562615
VT0_10 VT0 10 4900 556141 20695 -535446
VT0_10 VT0 10 5000 564328 19435 -544893
VT0_10 VT0 10 5100 555819 18234 -537585
VT0_10 VT0 10 5200 557474 17634 -539840
VT0_10 VT0 10 5300 562946 18673 -544273
VT0_10 VT0 10 5400 593973 18693 -575280
VT0_10 VT0 10 5500 603176 19032 -584144
VT0_10 VT0 10 5600 609910 19555 -590355
VT0_10 VT0 10 5700 591131 19533 -571598
VT0_10 VT0 10 5800 576416 19706 -556710
VT0_10 VT0 10 5900 582490 19698 -562792
VT0_10 VT0 10 6000 591033 19648 -571385
VT0_10 VT0 10 6100 592784 18855 -573929
VT0_10 VT0 10 6200 604774 19867 -584907
VT0_10 VT0 10 6300 589401 19050 -570351
VT0_10 VT0 10 6400 580548 19750 -560798
VT0_10 VT0 10 6500 588781 21178 -567603
VT0_10 VT0 10 6600 585580 21069 -564511
VT0_10 VT0 10 6700 585229 21358 -563871
VT0_10 VT0 10 6800 588066 23998 -564068
VT0_10 VT0 10 6900 589487 24897 -564590
VT0_10 VT0 10 7000 597474 23251 -574223
VT0_10 VT0 10 7100 587444 23320 -564124
VT0_10 VT0 10 7200 580935 20985 -559950
VT0_10 VT0 10 7300 574732 20902 -553830
VT0_10 VT0 10 7400 585000 21849 -563151
VT0_10 VT0 10 7500 594035 21110 -572925
VT0_10 VT0 10 7600 592812 20914 -571898
VT0_10 VT0 10 7700 554644 20243 -534401
VT0_10 VT0 10 7800 539558 18885 -520673
VT0_10 VT0 10 7900 529644 19676 -509968
VT0_10 VT0 10 8000 525774 19743 -506031
VT0_10 VT0 10 8100 527271 19054 -508217
VT0_10 VT0 10 8200 519392 19836 -499556
VT0_10 VT0 10 8300 519263 19905 -499358
VT0_10 VT0 10 8400 525932 20011 -505921
VT0_10 VT0 10 8500 534106 19551 -514555
VT0_10 VT0 10 8600 518633 20167 -498466
VT0_10 VT0 10 8700 533657 21022 -512635
VT0_10 VT0 10 8800 540062 19709 -520353
VT0_10 VT0 10 8900 549267 21053 -528214
VT0_10 VT0 10 9000 538279 19800 -518479
VT0_10 VT0 10 9100 540015 18565 -521450
VT0_10 VT0 10 9200 535663 19484 -516179
VT0_10 VT0 10 9300 549857 19215 -530642
VT0_10 VT0 10 9400 544785 20143 -524642
VT0_10 VT0 10 9500 546734 20707 -526027
VT0_10 VT0 10 9600 532532 21040 -511492
VT0_10 VT0 10 9700 531400 20603 -510797
VT0_10 VT0 10 9800 538547 20877 -517670
VT0_10 VT0 10 9900 537782 20859 -516923
VT0_10 VT0 10 10000 544321 20389 -523932
VT0_10 VT0 10 10100 530571 20553 -510018
VT0_10 VT0 10 10200 538628 19725 -518903
VT0_10 VT0 10 10300 544451 19611 -524840
VT0_10 VT0 10 10400 533228 19222 -514006
VT0_10 VT0 10 10500 536789 19282 -517507
VT0_10 VT0 10 10600 542654 18807 -523847
VT0_10 VT0 10 10700 541168 19493 -521675
VT0_10 VT0 10 10800 535963 17873 -518090
VT0_10 VT0 10 10900 529254 19122 -510132
VT0_10 VT0 10 11000 529328 19725 -509603
VT0_10 VT0 10 11100 524968 19016 -505952
VT0_10 VT0 10 11200 527832 18686 -509146
VT0_10 VT0 10 11300 534193 18990 -515203
VT0_10 VT0 10 11400 539583 18204 -521379
VT0_10 VT0 10 11500 530728 17696 -513032
VT0_10 VT0 10 11600 543391 17267 -526124
VT0_10 VT0 10 11700 542507 17544 -524963
VT0_10 VT0 10 11800 551723 17938 -533785
VT0_10 VT0 10 11900 548671 18529 -530142
VT0_10 VT0 10 12000 545691 19119 -526572
VT0_10 VT0 10 12100 543240 19215 -524025
VT0_10 VT0 10 12200 544715 19178 -525537
VT0_10 VT0 10 12300 558169 19317 -538852
VT0_10 VT0 10 12400 553704 19050 -534654
VT0_10 VT0 10 12500 544210 17721 -526489
VT0_10 VT0 10 12600 540947 18171 -522776
VT0_10 VT0 10 12700 544085 16753 -527332
VT0_10 VT0 10 12800 551973 17275 -534698
VT0_10 VT0 10 12900 535221 17001 -518220
VT0_10 VT0 10 13000 545182 16754 -528428
VT0_10 VT0 10 13100 543327 17948 -525379
VT0_10 VT0 10 13200 534434 17527 -516907
VT0_10 VT0 10 13300 538653 17703 -520950
VT0_10 VT0 10 13400 538453 18536 -519917
VT0_10 VT0 10 13500 544648 19097 -525551
VT0_10 VT0 10 13600 539659 19446 -520213
VT0_10 VT0 10 13700 551750 19299 -532451
VT0_10 VT0 10 13800 559858 20091 -539767
VT0_10 VT0 10 13900 551823 18697 -533126
VT0_10 VT0 10 14000 553856 18491 -535365
VT0_10 VT0 10 14100 538656 17928 -520728
VT0_10 VT0 10 14200 542086 17545 -524541
VT0_10 VT0 10 14300 546249 17686 -528563
VT0_10 VT0 10 14400 547720 18044 -529676
VT0_10 VT0 10 14500 549753 16920 -532833
VT0_10 VT0 10 14600 551519 16719 -534800
VT0_10 VT0 10 14700 538035 16293 -521742
VT0_10 VT0 10 14800 534729 17933 -516796
VT0_10 VT0 10 14900 538687 17588 -521099
VT0_10 VT0 10 15000 552765 17670 -535095
VT0_10 VT0 10 15100 544178 17545 -526633
VT0_10 VT0 10 15200 553417 17161 -536256
VT0_10 VT0 10 15300 559959 18829 -541130
VT0_10 VT0 10 15400 551635 17962 -533673
VT0_10 VT0 10 15500 554842 18204 -536638
VT0_10 VT0 10 15600 526443 18813 -507630
VT0_10 VT0 10 15700 527059 18956 -508103
VT0_10 VT0 10 15800 526167 18837 -507330
VT0_10 VT0 10 15900 525233 18145 -507088
VT0_10 VT0 10 16000 522440 19066 -503374
VT0_10 VT0 10 16100 528457 17868 -510589
VT0_10 VT0 10 16200 547258 18291 -528967
VT0_10 VT0 10 16300 543359 17847 -525512
VT0_10 VT0 10 16400 538278 18490 -519788
VT0_10 VT0 10 16500 527634 18322 -509312
VT0_10 VT0 10 16600 564112 20027 -544085
VT0_10 VT0 10 16700 558198 20191 -538007
VT0_10 VT0 10 16800 559861 20606 -539255
VT0_10 VT0 10 16900 546811 20421 -526390
VT0_10 VT0 10 17000 548555 20347 -528208
VT0_10 VT0 10 17100 554431 20829 -533602
VT0_10 VT0 10 17200 563990 20157 -543833
VT0_10 VT0 10 17300 563253 20081 -543172
VT0_10 VT0 10 17400 562259 18974 -543285
VT0_10 VT0 10 17500 559093 18183 -540910
VT0_10 VT0 10 17600 546780 18103 -528677
VT0_10 VT0 10 17700 547339 18516 -528823
VT0_10 VT0 10 17800 557664 17554 -540110
VT0_10 VT0 10 17900 549723 18150 -531573
VT0_10 VT0 10 18000 563455 18314 -545141
VT0_10 VT0 10 18100 549791 17538 -532253
VT0_10 VT0 10 18200 554512 18218 -536294
VT0_10 VT0 10 18300 544786 18329 -526457
VT0_10 VT0 10 18400 535386 18473 -516913
VT0_10 VT0 10 18500 525287 18695 -506592
VT0_10 VT0 10 18600 544793 18309 -526484
VT0_10 VT0 10 18700 552780 17723 -535057
VT0_10 VT0 10 18800 557578 17972 -539606
VT0_10 VT0 10 18900 548126 19085 -529041
VT0_10 VT0 10 19000 559322 17695 -541627
VT0_10 VT0 10 19100 545185 17425 -527760
VT0_10 VT0 10 19200 528761 18423 -510338
VT0_10 VT0 10 19300 523534 19913 -503621
VT0_10 VT0 10 19400 543126 18419 -524707
VT0_10 VT0 10 19500 527666 18234 -509432
VT0_10 VT0 10 19600 543050 19309 -523741
VT0_10 VT0 10 19700 545258 19298 -525960
VT0_10 VT0 10 19800 546901 19531 -527370
VT0_10 VT0 10 19900 545739 18646 -527093
VT0_10 VT0 10 20000 556060 18631 -537429
VT0.25_1 VT0.25 1 0 0 0 0
VT0.25_1 VT0.25 1 100 31 1173 1142
VT0.25_1 VT0.25 1 200 322 9186 8864
VT0.25_1 VT0.25 1 300 591 15543 14952
VT0.25_1 VT0.25 1 400 876 20553 19677
VT0.25_1 VT0.25 1 500 1561 26671 25110
VT0.25_1 VT0.25 1 600 3226 34794 31568
VT0.25_1 VT0.25 1 700 11847 40836 28989
VT0.25_1 VT0.25 1 800 30034 43939 13905
VT0.25_1 VT0.25 1 900 57314 45063 -12251
VT0.25_1 VT0.25 1 1000 64393 38455 -25938
VT0.25_1 VT0.25 1 1100 61338 29698 -31640
VT0.25_1 VT0.25 1 1200 56281 23691 -32590
VT0.25_1 VT0.25 1 1300 60956 21168 -39788
VT0.25_1 VT0.25 1 1400 71009 19268 -51741
VT0.25_1 VT0.25 1 1500 77089 17354 -59735
VT0.25_1 VT0.25 1 1600 90098 16321 -73777
VT0.25_1 VT0.25 1 1700 97579 14715 -82864
VT0.25_1 VT0.25 1 1800 97572 14129 -83443
VT0.25_1 VT0.25 1 1900 108131 15763 -92368
VT0.25_1 VT0.25 1 2000 102501 16654 -85847
VT0.25_1 VT0.25 1 2100 91658 17802 -73856
VT0.25_1 VT0.25 1 2200 79365 16610 -62755
VT0.25_1 VT0.25 1 2300 55612 14584 -41028
VT0.25_1 VT0.25 1 2400 44659 13993 -30666
VT0.25_1 VT0.25 1 2500 48371 14262 -34109
VT0.25_1 VT0.25 1 2600 57713 15642 -42071
VT0.25_1 VT0.25 1 2700 58427 17258 -41169
VT0.25_1 VT0.25 1 2800 55247 16975 -38272
VT0.25_1 VT0.25 1 2900 63825 18044 -45781
VT0.25_1 VT0.25 1 3000 76596 18710 -57886
VT0.25_1 VT0.25 1 3100 88526 18487 -70039
VT0.25_1 VT0.25 1 3200 83463 18443 -65020
VT0.25_1 VT0.25 1 3300 74157 19010 -55147
VT0.25_1 VT0.25 1 3400 68113 19072 -49041
VT0.25_1 VT0.25 1 3500 71902 19032 -52870
VT0.25_1 VT0.25 1 3600 78820 19656 -59164
VT0.25_1 VT0.25 1 3700 85082 19208 -65874
VT0.25_1 VT0.25 1 3800 95656 19119 -76537
VT0.25_1 VT0.25 1 3900 94642 18430 -76212
VT0.25_1 VT0.25 1 4000 91897 18381 -73516
VT0.25_1 VT0.25 1 4100 102504 20260 -82244
VT0.25_1 VT0.25 1 4200 105372 19861 -85511
VT0.25_1 VT0.25 1 4300 97342 20198 -77144
VT0.25_1 VT0.25 1 4400 98200 20353 -77847
VT0.25_1 VT0.25 1 4500 99005 19524 -79481
VT0.25_1 VT0.25 1 4600 100354 20369 -79985
VT0.25_1 VT0.25 1 4700 93625 18676 -74949
VT0.25_1 VT0.25 1 4800 99349 18718 -80631
VT0.25_1 VT0.25 1 4900 103471 19575 -83896
VT0.25_1 VT0.25 1 5000 106491 20109 -86382
VT0.25_1 VT0.25 1 5100 101358 20352 -81006
VT0.25_1 VT0.25 1 5200 103096 20455 -82641
VT0.25_1 VT0.25 1 5300 100554 20962 -79592
VT0.25_1 VT0.25 1 5400 103537 20308 -83229
VT0.25_1 VT0.25 1 5500 101948 20406 -81542
VT0.25_1 VT0.25 1 5600 100459 19483 -80976
VT0.25_1 VT0.25 1 5700 97382 19698 -77684
VT0.25_1 VT0.25 1 5800 97209 20186 -77023
VT0.25_1 VT0.25 1 5900 94466 19914 -74552
VT0.25_1 VT0.25 1 6000 101590 19385 -82205
VT0.25_1 VT0.25 1 6100 103284 19477 -83807
VT0.25_1 VT0.25 1 6200 102814 19024 -83790
VT0.25_1 VT0.25 1 6300 102458 19045 -83413
VT0.25_1 VT0.25 1 6400 102059 20524 -81535
VT0.25_1 VT0.25 1 6500 102792 20018 -82774
VT0.25_1 VT0.25 1 6600 104610 19428 -85182
VT0.25_1 VT0.25 1 6700 106584 19531 -87053
VT0.25_1 VT0.25 1 6800 99239 20398 -78841
VT0.25_1 VT0.25 1 6900 90929 19909 -71020
VT0.25_1 VT0.25 1 7000 94286 20583 -73703
VT0.25_1 VT0.25 1 7100 97422 19869 -77553
VT0.25_1 VT0.25 1 7200 100602 20581 -80021
VT0.25_1 VT0.25 1 7300 99801 18894 -80907
VT0.25_1 VT0.25 1 7400 104584 18110 -86474
VT0.25_1 VT0.25 1 7500 103991 17471 -86520
VT0.25_1 VT0.25 1 7600 104276 17476 -86800
VT0.25_1 VT0.25 1 7700 105949 18205 -87744
VT0.25_1 VT0.25 1 7800 104538 17973 -86565
VT0.25_1 VT0.25 1 7900 104953 17893 -87060
VT0.25_1 VT0.25 1 8000 102441 17587 -84854
VT0.25_1 VT0.25 1 8100 99694 17517 -82177
VT0.25_1 VT0.25 1 8200 94343 17814 -76529
VT0.25_1 VT0.25 1 8300 104041 17118 -86923
VT0.25_1 VT0.25 1 8400 96761 17815 -78946
VT0.25_1 VT0.25 1 8500 100040 18435 -81605
VT0.25_1 VT0.25 1 8600 96957 18012 -78945
VT0.25_1 VT0.25 1 8700 99720 17143 -82577
VT0.25_1 VT0.25 1 8800 97075 17613 -79462
VT0.25_1 VT0.25 1 8900 94452 18736 -75716
VT0.25_1 VT0.25 1 9000 96897 20289 -76608
VT0.25_1 VT0.25 1 9100 97340 20213 -77127
VT0.25_1 VT0.25 1 9200 95786 19696 -76090
VT0.25_1 VT0.25 1 9300 94530 19937 -74593
VT0.25_1 VT0.25 1 9400 94595 19114 -75481
VT0.25_1 VT0.25 1 9500 94464 19657 -74807
VT0.25_1 VT0.25 1 9600 90161 18868 -71293
VT0.25_1 VT0.25 1 9700 88634 18254 -70380
VT0.25_1 VT0.25 1 9800 100029 17698 -82331
VT0.25_1 VT0.25 1 9900 101227 18541 -82686
VT0.25_1 VT0.25 1 10000 93996 18747 -75249
VT0.25_1 VT0.25 1 10100 87042 19281 -67761
VT0.25_1 VT0.25 1 10200 88793 19853 -68940
VT0.25_1 VT0.25 1 10300 93219 18635 -74584
VT0.25_1 VT0.25 1 10400 91471 19995 -71476
VT0.25_1 VT0.25 1 10500 93396 21123 -72273
VT0.25_1 VT0.25 1 10600 91380 19666 -71714
VT0.25_1 VT0.25 1 10700 83823 17632 -66191
VT0.25_1 VT0.25 1 10800 82510 18067 -64443
VT0.25_1 VT0.25 1 10900 85513 18469 -67044
VT0.25_1 VT0.25 1 11000 81444 19609 -61835
VT0.25_1 VT0.25 1 11100 86434 20673 -65761
VT0.25_1 VT0.25 1 11200 90512 20448 -70064
VT0.25_1 VT0.25 1 11300 86721 20306 -66415
VT0.25_1 VT0.25 1 11400 83902 18301 -65601
VT0.25_1 VT0.25 1 11500 83608 17397 -66211
VT0.25_1 VT0.25 1 11600 73558 17727 -55831
VT0.25_1 VT0.25 1 11700 63068 17485 -45583
VT0.25_1 VT0.25 1 11800 57435 16250 -41185
VT0.25_1 VT0.25 1 11900 57466 17506 -39960
VT0.25_1 VT0.25 1 12000 56264 18060 -38204
VT0.25_1 VT0.25 1 12100 53966 16994 -36972
VT0.25_1 VT0.25 1 12200 52163 18115 -34048
VT0.25_1 VT0.25 1 12300 46161 18020 -28141
VT0.25_1 VT0.25 1 12400 41473 18220 -23253
VT0.25_1 VT0.25 1 12500 42529 18853 -23676
VT0.25_1 VT0.25 1 12600 46898 17022 -29876
VT0.25_1 VT0.25 1 12700 42457 17554 -24903
VT0.25_1 VT0.25 1 12800 39329 16856 -22473
VT0.25_1 VT0.25 1 12900 38074 17247 -20827
VT0.25_1 VT0.25 1 13000 33656 17673 -15983
VT0.25_1 VT0.25 1 13100 31031 17088 -13943
VT0.25_1 VT0.25 1 13200 28537 17876 -10661
VT0.25_1 VT0.25 1 13300 28918 18275 -10643
VT0.25_1 VT0.25 1 13400 28908 18403 -10505
VT0.25_1 VT0.25 1 13500 29853 17839 -12014
VT0.25_1 VT0.25 1 13600 31127 17191 -13936
VT0.25_1 VT0.25 1 13700 30552 17862 -12690
VT0.25_1 VT0.25 1 13800 30129 18527 -11602
VT0.25_1 VT0.25 1 13900 31301 19947 -11354
VT0.25_1 VT0.25 1 14000 30425 19294 -11131
VT0.25_1 VT0.25 1 14100 35280 18299 -16981
VT0.25_1 VT0.25 1 14200 35346 19029 -16317
VT0.25_1 VT0.25 1 14300 33179 18615 -14564
VT0.25_1 VT0.25 1 14400 33984 17717 -16267
VT0.25_1 VT0.25 1 14500 42651 17904 -24747
VT0.25_1 VT0.25 1 14600 38506 17172 -21334
VT0.25_1 VT0.25 1 14700 45195 17744 -27451
VT0.25_1 VT0.25 1 14800 42686 18376 -24310
VT0.25_1 VT0.25 1 14900 39047 17371 -21676
VT0.25_1 VT0.25 1 15000 45713 16845 -28868
VT0.25_1 VT0.25 1 15100 50582 16589 -33993
VT0.25_1 VT0.25 1 15200 42861 17162 -25699
VT0.25_1 VT0.25 1 15300 44841 16108 -28733
VT0.25_1 VT0.25 1 15400 46502 16172 -30330
VT0.25_1 VT0.25 1 15500 50250 15937 -34313
VT0.25_1 VT0.25 1 15600 44898 14904 -29994
VT0.25_1 VT0.25 1 15700 38018 15263 -22755
VT0.25_1 VT0.25 1 15800 44299 16150 -28149
VT0.25_1 VT0.25 1 15900 45826 15945 -29881
VT0.25_1 VT0.25 1 16000 40760 16119 -24641
VT0.25_1 VT0.25 1 16100 44075 16460 -27615
VT0.25_1 VT0.25 1 16200 48316 16576 -31740
VT0.25_1 VT0.25 1 16300 50472 16849 -33623
VT0.25_1 VT0.25 1 16400 47391 17165 -30226
VT0.25_1 VT0.25 1 16500 42612 16707 -25905
VT0.25_1 VT0.25 1 16600 45651 15513 -30138
VT0.25_1 VT0.25 1 16700 39404 16575 -22829
VT0.25_1 VT0.25 1 16800 43722 16434 -27288
VT0.25_1 VT0.25 1 16900 41658 15884 -25774
VT0.25_1 VT0.25 1 17000 39774 15851 -23923
VT0.25_1 VT0.25 1 17100 41728 15938 -25790
VT0.25_1 VT0.25 1 17200 43389 15641 -27748
VT0.25_1 VT0.25 1 17300 43704 16273 -27431
VT0.25_1 VT0.25 1 17400 41814 16515 -25299
VT0.25_1 VT0.25 1 17500 41451 16281 -25170
VT0.25_1 VT0.25 1 17600 46419 17185 -29234
VT0.25_1 VT0.25 1 17700 49456 16037 -33419
VT0.25_1 VT0.25 1 17800 50436 15214 -35222
VT0.25_1 VT0.25 1 17900 46351 15325 -31026
VT0.25_1 VT0.25 1 18000 41748 16247 -25501
VT0.25_1 VT0.25 1 18100 45200 15886 -29314
VT0.25_1 VT0.25 1 18200 42712 15795 -26917
VT0.25_1 VT0.25 1 18300 47261 17010 -30251
VT0.25_1 VT0.25 1 18400 44036 15561 -28475
VT0.25_1 VT0.25 1 18500 49258 15602 -33656
VT0.25_1 VT0.25 1 18600 48102 15603 -32499
VT0.25_1 VT0.25 1 18700 47583 14389 -33194
VT0.25_1 VT0.25 1 18800 45149 15453 -29696
VT0.25_1 VT0.25 1 18900 44824 15305 -29519
VT0.25_1 VT0.25 1 19000 38995 16052 -22943
VT0.25_1 VT0.25 1 19100 35155 15923 -19232
VT0.25_1 VT0.25 1 19200 39850 16172 -23678
VT0.25_1 VT0.25 1 19300 42486 16168 -26318
VT0.25_1 VT0.25 1 19400 44719 15192 -29527
VT0.25_1 VT0.25 1 19500 42309 15489 -26820
VT0.25_1 VT0.25 1 19600 49485 16808 -32677
VT0.25_1 VT0.25 1 19700 53023 16187 -36836
VT0.25_1 VT0.25 1 19800 49000 15588 -33412
VT0.25_1 VT0.25 1 19900 51946 15491 -36455
VT0.25_1 VT0.25 1 20000 49542 15785 -33757
VT0.25_2 VT0.25 2 0 0 0 0
VT0.25_2 VT0.25 2 100 25 1121 1096
VT0.25_2 VT0.25 2 200 371 8916 8545
VT0.25_2 VT0.25 2 300 635 15733 15098
VT0.25_2 VT0.25 2 400 848 21425 20577
VT0.25_2 VT0.25 2 500 1096 28001 26905
VT0.25_2 VT0.25 2 600 2006 34328 32322
VT0.25_2 VT0.25 2 700 9076 42749 33673
VT0.25_2 VT0.25 2 800 26145 44622 18477
VT0.25_2 VT0.25 2 900 50883 32038 -18845
VT0.25_2 VT0.25 2 1000 170564 28395 -142169
VT0.25_2 VT0.25 2 1100 311624 28714 -282910
VT0.25_2 VT0.25 2 1200 356118 26458 -329660
VT0.25_2 VT0.25 2 1300 351232 24892 -326340
VT0.25_2 VT0.25 2 1400 344720 24038 -320682
VT0.25_2 VT0.25 2 1500 349079 21857 -327222
VT0.25_2 VT0.25 2 1600 335077 20641 -314436
VT0.25_2 VT0.25 2 1700 311525 21981 -289544
VT0.25_2 VT0.25 2 1800 277081 19495 -257586
VT0.25_2 VT0.25 2 1900 218051 17961 -200090
VT0.25_2 VT0.25 2 2000 151709 16106 -135603
VT0.25_2 VT0.25 2 2100 102350 15528 -86822
VT0.25_2 VT0.25 2 2200 79413 14938 -64475
VT0.25_2 VT0.25 2 2300 73515 15948 -57567
VT0.25_2 VT0.25 2 2400 69992 18143 -51849
VT0.25_2 VT0.25 2 2500 61387 19404 -41983
VT0.25_2 VT0.25 2 2600 56882 20197 -36685
VT0.25_2 VT0.25 2 2700 56926 20073 -36853
VT0.25_2 VT0.25 2 2800 65369 19771 -45598
VT0.25_2 VT0.25 2 2900 67223 20189 -47034
VT0.25_2 VT0.25 2 3000 64836 20351 -44485
VT0.25_2 VT0.25 2 3100 62521 21777 -40744
VT0.25_2 VT0.25 2 3200 64487 22000 -42487
VT0.25_2 VT0.25 2 3300 61072 22193 -38879
VT0.25_2 VT0.25 2 3400 63297 22539 -40758
VT0.25_2 VT0.25 2 3500 58653 22825 -35828
VT0.25_2 VT0.25 2 3600 51334 19499 -31835
VT0.25_2 VT0.25 2 3700 45650 19110 -26540
VT0.25_2 VT0.25 2 3800 47154 19281 -27873
VT0.25_2 VT0.25 2 3900 46124 19960 -26164
VT0.25_2 VT0.25 2 4000 47123 18406 -28717
VT0.25_2 VT0.25 2 4100 50091 17986 -32105
VT0.25_2 VT0.25 2 4200 47696 18576 -29120
VT0.25_2 VT0.25 2 4300 56017 19839 -36178
VT0.25_2 VT0.25 2 4400 52883 19058 -33825
VT0.25_2 VT0.25 2 4500 53270 19252 -34018
VT0.25_2 VT0.25 2 4600 49754 18588 -31166
VT0.25_2 VT0.25 2 4700 50454 19140 -31314
VT0.25_2 VT0.25 2 4800 47384 18275 -29109
VT0.25_2 VT0.25 2 4900 52377 18244 -34133
VT0.25_2 VT0.25 2 5000 45429 17693 -27736
VT0.25_2 VT0.25 2 5100 45570 18058 -27512
VT0.25_2 VT0.25 2 5200 45001 19314 -25687
VT0.25_2 VT0.25 2 5300 49455 18530 -30925
VT0.25_2 VT0.25 2 5400 53161 19436 -33725
VT0.25_2 VT0.25 2 5500 54539 18577 -35962
VT0.25_2 VT0.25 2 5600 52232 19195 -33037
VT0.25_2 VT0.25 2 5700 49551 20029 -29522
VT0.25_2 VT0.25 2 5800 54529 19817 -34712
VT0.25_2 VT0.25 2 5900 52035 19303 -32732
VT0.25_2 VT0.25 2 6000 53881 19287 -34594
VT0.25_2 VT0.25 2 6100 51520 19198 -32322
VT0.25_2 VT0.25 2 6200 47339 19042 -28297
VT0.25_2 VT0.25 2 6300 47173 19001 -28172
VT0.25_2 VT0.25 2 6400 49256 18758 -30498
VT0.25_2 VT0.25 2 6500 49633 18604 -31029
VT0.25_2 VT0.25 2 6600 50940 17889 -33051
VT0.25_2 VT0.25 2 6700 56094 18292 -37802
VT0.25_2 VT0.25 2 6800 51157 18903 -32254
VT0.25_2 VT0.25 2 6900 47521 18985 -28536
VT0.25_2 VT0.25 2 7000 46836 18615 -28221
VT0.25_2 VT0.25 2 7100 48261 18132 -30129
VT0.25_2 VT0.25 2 7200 49537 18215 -31322
VT0.25_2 VT0.25 2 7300 56655 16999 -39656
VT0.25_2 VT0.25 2 7400 56372 17752 -38620
VT0.25_2 VT0.25 2 7500 52245 17607 -34638
VT0.25_2 VT0.25 2 7600 47290 18046 -29244
VT0.25_2 VT0.25 2 7700 45858 17812 -28046
VT0.25_2 VT0.25 2 7800 46540 18117 -28423
VT0.25_2 VT0.25 2 7900 50767 16864 -33903
VT0.25_2 VT0.25 2 8000 47506 16581 -30925
VT0.25_2 VT0.25 2 8100 48627 15436 -33191
VT0.25_2 VT0.25 2 8200 44935 15774 -29161
VT0.25_2 VT0.25 2 8300 47100 15728 -31372
VT0.25_2 VT0.25 2 8400 47053 18011 -29042
VT0.25_2 VT0.25 2 8500 44503 17441 -27062
VT0.25_2 VT0.25 2 8600 44930 16481 -28449
VT0.25_2 VT0.25 2 8700 47737 15900 -31837
VT0.25_2 VT0.25 2 8800 54990 15697 -39293
VT0.25_2 VT0.25 2 8900 52410 16187 -36223
VT0.25_2 VT0.25 2 9000 42878 16945 -25933
VT0.25_2 VT0.25 2 9100 50258 16732 -33526
VT0.25_2 VT0.25 2 9200 51983 16388 -35595
VT0.25_2 VT0.25 2 9300 47367 16418 -30949
VT0.25_2 VT0.25 2 9400 53843 16218 -37625
VT0.25_2 VT0.25 2 9500 48832 15531 -33301
VT0.25_2 VT0.25 2 9600 46500 16183 -30317
VT0.25_2 VT0.25 2 9700 50441 16555 -33886
VT0.25_2 VT0.25 2 9800 56588 17353 -39235
VT0.25_2 VT0.25 2 9900 50247 18775 -31472
VT0.25_2 VT0.25 2 10000 48482 18830 -29652
VT0.25_2 VT0.25 2 10100 47092 18951 -28141
VT0.25_2 VT0.25 2 10200 46770 19905 -26865
VT0.25_2 VT0.25 2 10300 43613 19967 -23646
VT0.25_2 VT0.25 2 10400 40886 19113 -21773
VT0.25_2 VT0.25 2 10500 43421 19268 -24153
VT0.25_2 VT0.25 2 10600 39335 19371 -19964
VT0.25_2 VT0.25 2 10700 32859 19821 -13038
VT0.25_2 VT0.25 2 10800 27018 18878 -8140
VT0.25_2 VT0.25 2 10900 23250 17846 -5404
VT0.25_2 VT0.25 2 11000 22735 17866 -4869
VT0.25_2 VT0.25 2 11100 22367 16931 -5436
VT0.25_2 VT0.25 2 11200 22085 17170 -4915
VT0.25_2 VT0.25 2 11300 21952 16734 -5218
VT0.25_2 VT0.25 2 11400 21747 17048 -4699
VT0.25_2 VT0.25 2 11500 20413 15723 -4690
VT0.25_2 VT0.25 2 11600 21093 15560 -5533
VT0.25_2 VT0.25 2 11700 21093 16603 -4490
VT0.25_2 VT0.25 2 11800 21120 16361 -4759
VT0.25_2 VT0.25 2 11900 20997 17152 -3845
VT0.25_2 VT0.25 2 12000 21500 16917 -4583
VT0.25_2 VT0.25 2 12100 22161 16683 -5478
VT0.25_2 VT0.25 2 12200 22170 16226 -5944
VT0.25_2 VT0.25 2 12300 23564 16340 -7224
VT0.25_2 VT0.25 2 12400 23344 15780 -7564
VT0.25_2 VT0.25 2 12500 21936 15965 -5971
VT0.25_2 VT0.25 2 12600 21164 15991 -5173
VT0.25_2 VT0.25 2 12700 19826 16627 -3199
VT0.25_2 VT0.25 2 12800 19304 16491 -2813
VT0.25_2 VT0.25 2 12900 20631 16853 -3778
VT0.25_2 VT0.25 2 13000 20991 16498 -4493
VT0.25_2 VT0.25 2 13100 21355 15253 -6102
VT0.25_2 VT0.25 2 13200 21414 14843 -6571
VT0.25_2 VT0.25 2 13300 20131 15388 -4743
VT0.25_2 VT0.25 2 13400 20384 14874 -5510
VT0.25_2 VT0.25 2 13500 20603 15325 -5278
VT0.25_2 VT0.25 2 13600 21722 15485 -6237
VT0.25_2 VT0.25 2 13700 20506 15092 -5414
VT0.25_2 VT0.25 2 13800 20953 16016 -4937
VT0.25_2 VT0.25 2 13900 20812 16276 -4536
VT0.25_2 VT0.25 2 14000 20075 15630 -4445
VT0.25_2 VT0.25 2 14100 20246 15400 -4846
VT0.25_2 VT0.25 2 14200 19569 16551 -3018
VT0.25_2 VT0.25 2 14300 20837 17003 -3834
VT0.25_2 VT0.25 2 14400 18795 15916 -2879
VT0.25_2 VT0.25 2 14500 19196 16106 -3090
VT0.25_2 VT0.25 2 14600 19863 15831 -4032
VT0.25_2 VT0.25 2 14700 20582 16065 -4517
VT0.25_2 VT0.25 2 14800 21271 16018 -5253
VT0.25_2 VT0.25 2 14900 21131 15840 -5291
VT0.25_2 VT0.25 2 15000 19543 15663 -3880
VT0.25_2 VT0.25 2 15100 21158 15636 -5522
VT0.25_2 VT0.25 2 15200 20143 16458 -3685
VT0.25_2 VT0.25 2 15300 20424 16738 -3686
VT0.25_2 VT0.25 2 15400 20701 15978 -4723
VT0.25_2 VT0.25 2 15500 20786 15719 -5067
VT0.25_2 VT0.25 2 15600 19389 15068 -4321
VT0.25_2 VT0.25 2 15700 18718 14948 -3770
VT0.25_2 VT0.25 2 15800 19428 14966 -4462
VT0.25_2 VT0.25 2 15900 20579 15694 -4885
VT0.25_2 VT0.25 2 16000 21761 16212 -5549
VT0.25_2 VT0.25 2 16100 21621 15315 -6306
VT0.25_2 VT0.25 2 16200 21131 15089 -6042
VT0.25_2 VT0.25 2 16300 19631 14679 -4952
VT0.25_2 VT0.25 2 16400 18532 15354 -3178
VT0.25_2 VT0.25 2 16500 19732 16385 -3347
VT0.25_2 VT0.25 2 16600 19164 16277 -2887
VT0.25_2 VT0.25 2 16700 19712 15559 -4153
VT0.25_2 VT0.25 2 16800 19979 15813 -4166
VT0.25_2 VT0.25 2 16900 20350 15175 -5175
VT0.25_2 VT0.25 2 17000 21617 14617 -7000
VT0.25_2 VT0.25 2 17100 22349 15023 -7326
VT0.25_2 VT0.25 2 17200 21597 15714 -5883
VT0.25_2 VT0.25 2 17300 21388 16663 -4725
VT0.25_2 VT0.25 2 17400 20856 15938 -4918
VT0.25_2 VT0.25 2 17500 21714 15376 -6338
VT0.25_2 VT0.25 2 17600 20463 15743 -4720
VT0.25_2 VT0.25 2 17700 20019 16594 -3425
VT0.25_2 VT0.25 2 17800 19522 15952 -3570
VT0.25_2 VT0.25 2 17900 20058 15365 -4693
VT0.25_2 VT0.25 2 18000 18928 14205 -4723
VT0.25_2 VT0.25 2 18100 19302 14286 -5016
VT0.25_2 VT0.25 2 18200 19481 14624 -4857
VT0.25_2 VT0.25 2 18300 19013 14835 -4178
VT0.25_2 VT0.25 2 18400 18901 15212 -3689
VT0.25_2 VT0.25 2 18500 19403 15096 -4307
VT0.25_2 VT0.25 2 18600 21563 15595 -5968
VT0.25_2 VT0.25 2 18700 20204 16159 -4045
VT0.25_2 VT0.25 2 18800 20055 16064 -3991
VT0.25_2 VT0.25 2 18900 20421 14972 -5449
VT0.25_2 VT0.25 2 19000 20205 14577 -5628
VT0.25_2 VT0.25 2 19100 20789 14233 -6556
VT0.25_2 VT0.25 2 19200 20046 14141 -5905
VT0.25_2 VT0.25 2 19300 20327 14536 -5791
VT0.25_2 VT0.25 2 19400 21639 15359 -6280
VT0.25_2 VT0.25 2 19500 20500 15668 -4832
VT0.25_2 VT0.25 2 19600 20446 15017 -5429
VT0.25_2 VT0.25 2 19700 20114 14950 -5164
VT0.25_2 VT0.25 2 19800 21489 15255 -6234
VT0.25_2 VT0.25 2 19900 21436 14612 -6824
VT0.25_2 VT0.25 2 20000 21559 14961 -6598
VT0.25_3 VT0.25 3 0 0 0 0
VT0.25_3 VT0.25 3 100 13 1156 1143
VT0.25_3 VT0.25 3 200 345 9228 8883
VT0.25_3 VT0.25 3 300 627 15924 15297
VT0.25_3 VT0.25 3 400 756 21063 20307
VT0.25_3 VT0.25 3 500 1003 26875 25872
VT0.25_3 VT0.25 3 600 751 22729 21978
VT0.25_3 VT0.25 3 700 5551 24594 19043
VT0.25_3 VT0.25 3 800 17945 33947 16002
VT0.25_3 VT0.25 3 900 80676 29281 -51395
VT0.25_3 VT0.25 3 1000 272627 32035 -240592
VT0.25_3 VT0.25 3 1100 324371 31978 -292393
VT0.25_3 VT0.25 3 1200 239565 26086 -213479
VT0.25_3 VT0.25 3 1300 118994 20505 -98489
VT0.25_3 VT0.25 3 1400 50799 17945 -32854
VT0.25_3 VT0.25 3 1500 44200 16538 -27662
VT0.25_3 VT0.25 3 1600 44410 15930 -28480
VT0.25_3 VT0.25 3 1700 45324 16820 -28504
VT0.25_3 VT0.25 3 1800 41154 17262 -23892
VT0.25_3 VT0.25 3 1900 47220 17089 -30131
VT0.25_3 VT0.25 3 2000 46871 17388 -29483
VT0.25_3 VT0.25 3 2100 48738 17311 -31427
VT0.25_3 VT0.25 3 2200 48940 18104 -30836
VT0.25_3 VT0.25 3 2300 47499 18626 -28873
VT0.25_3 VT0.25 3 2400 47104 19062 -28042
VT0.25_3 VT0.25 3 2500 56692 19228 -37464
VT0.25_3 VT0.25 3 2600 57933 20219 -37714
VT0.25_3 VT0.25 3 2700 55509 19505 -36004
VT0.25_3 VT0.25 3 2800 51983 20665 -31318
VT0.25_3 VT0.25 3 2900 51485 21697 -29788
VT0.25_3 VT0.25 3 3000 56292 20613 -35679
VT0.25_3 VT0.25 3 3100 53611 20531 -33080
VT0.25_3 VT0.25 3 3200 54758 20734 -34024
VT0.25_3 VT0.25 3 3300 50766 20747 -30019
VT0.25_3 VT0.25 3 3400 51102 19858 -31244
VT0.25_3 VT0.25 3 3500 58572 20399 -38173
VT0.25_3 VT0.25 3 3600 65610 22190 -43420
VT0.25_3 VT0.25 3 3700 58853 21710 -37143
VT0.25_3 VT0.25 3 3800 51854 20903 -30951
VT0.25_3 VT0.25 3 3900 54825 20905 -33920
VT0.25_3 VT0.25 3 4000 54468 21655 -32813
VT0.25_3 VT0.25 3 4100 52150 21757 -30393
VT0.25_3 VT0.25 3 4200 52908 21390 -31518
VT0.25_3 VT0.25 3 4300 53515 21867 -31648
VT0.25_3 VT0.25 3 4400 54922 23002 -31920
VT0.25_3 VT0.25 3 4500 51507 22290 -29217
VT0.25_3 VT0.25 3 4600 57955 22447 -35508
VT0.25_3 VT0.25 3 4700 57220 22596 -34624
VT0.25_3 VT0.25 3 4800 63699 22668 -41031
VT0.25_3 VT0.25 3 4900 58228 22504 -35724
VT0.25_3 VT0.25 3 5000 57478 23111 -34367
VT0.25_3 VT0.25 3 5100 54495 21957 -32538
VT0.25_3 VT0.25 3 5200 55356 21388 -33968
VT0.25_3 VT0.25 3 5300 48203 20395 -27808
VT0.25_3 VT0.25 3 5400 45598 21040 -24558
VT0.25_3 VT0.25 3 5500 45827 21140 -24687
VT0.25_3 VT0.25 3 5600 42639 21060 -21579
VT0.25_3 VT0.25 3 5700 39014 20642 -18372
VT0.25_3 VT0.25 3 5800 37017 20721 -16296
VT0.25_3 VT0.25 3 5900 38346 19912 -18434
VT0.25_3 VT0.25 3 6000 37022 20414 -16608
VT0.25_3 VT0.25 3 6100 35368 20034 -15334
VT0.25_3 VT0.25 3 6200 30966 19861 -11105
VT0.25_3 VT0.25 3 6300 30716 20098 -10618
VT0.25_3 VT0.25 3 6400 28042 20217 -7825
VT0.25_3 VT0.25 3 6500 25884 20919 -4965
VT0.25_3 VT0.25 3 6600 28783 21365 -7418
VT0.25_3 VT0.25 3 6700 29767 21405 -8362
VT0.25_3 VT0.25 3 6800 28599 21405 -7194
VT0.25_3 VT0.25 3 6900 29617 23120 -6497
VT0.25_3 VT0.25 3 7000 28446 23001 -5445
VT0.25_3 VT0.25 3 7100 30407 21595 -8812
VT0.25_3 VT0.25 3 7200 31338 21093 -10245
VT0.25_3 VT0.25 3 7300 29804 21527 -8277
VT0.25_3 VT0.25 3 7400 30978 21064 -9914
VT0.25_3 VT0.25 3 7500 27094 21526 -5568
VT0.25_3 VT0.25 3 7600 28553 21203 -7350
VT0.25_3 VT0.25 3 7700 28198 22265 -5933
VT0.25_3 VT0.25 3 7800 31937 21165 -10772
VT0.25_3 VT0.25 3 7900 30982 21054 -9928
VT0.25_3 VT0.25 3 8000 30659 21553 -9106
VT0.25_3 VT0.25 3 8100 30196 22811 -7385
VT0.25_3 VT0.25 3 8200 28361 21279 -7082
VT0.25_3 VT0.25 3 8300 26014 21379 -4635
VT0.25_3 VT0.25 3 8400 28761 20600 -8161
VT0.25_3 VT0.25 3 8500 28614 22070 -6544
VT0.25_3 VT0.25 3 8600 28653 24385 -4268
VT0.25_3 VT0.25 3 8700 30841 22037 -8804
VT0.25_3 VT0.25 3 8800 30628 21331 -9297
VT0.25_3 VT0.25 3 8900 27424 21338 -6086
VT0.25_3 VT0.25 3 9000 24786 21112 -3674
VT0.25_3 VT0.25 3 9100 25953 21101 -4852
VT0.25_3 VT0.25 3 9200 26905 21259 -5646
VT0.25_3 VT0.25 3 9300 27438 21022 -6416
VT0.25_3 VT0.25 3 9400 28350 22016 -6334
VT0.25_3 VT0.25 3 9500 27701 21856 -5845
VT0.25_3 VT0.25 3 9600 26540 21932 -4608
VT0.25_3 VT0.25 3 9700 26577 20625 -5952
VT0.25_3 VT0.25 3 9800 29269 20130 -9139
VT0.25_3 VT0.25 3 9900 26032 20219 -5813
VT0.25_3 VT0.25 3 10000 24198 19804 -4394
VT0.25_3 VT0.25 3 10100 24792 20298 -4494
VT0.25_3 VT0.25 3 10200 25916 19590 -6326
VT0.25_3 VT0.25 3 10300 26536 21213 -5323
VT0.25_3 VT0.25 3 10400 23779 22653 -1126
VT0.25_3 VT0.25 3 10500 25590 22681 -2909
VT0.25_3 VT0.25 3 10600 26523 22416 -4107
VT0.25_3 VT0.25 3 10700 26299 21086 -5213
VT0.25_3 VT0.25 3 10800 27449 21042 -6407
VT0.25_3 VT0.25 3 10900 26829 21310 -5519
VT0.25_3 VT0.25 3 11000 26630 19252 -7378
VT0.25_3 VT0.25 3 11100 26410 19463 -6947
VT0.25_3 VT0.25 3 11200 25801 19285 -6516
VT0.25_3 VT0.25 3 11300 25106 19537 -5569
VT0.25_3 VT0.25 3 11400 24834 20320 -4514
VT0.25_3 VT0.25 3 11500 23167 20510 -2657
VT0.25_3 VT0.25 3 11600 22035 20523 -1512
VT0.25_3 VT0.25 3 11700 22346 20779 -1567
VT0.25_3 VT0.25 3 11800 24124 21470 -2654
VT0.25_3 VT0.25 3 11900 25864 20576 -5288
VT0.25_3 VT0.25 3 12000 28368 21620 -6748
VT0.25_3 VT0.25 3 12100 27107 21425 -5682
VT0.25_3 VT0.25 3 12200 25865 20977 -4888
VT0.25_3 VT0.25 3 12300 24699 20679 -4020
VT0.25_3 VT0.25 3 12400 24465 20158 -4307
VT0.25_3 VT0.25 3 12500 25313 20435 -4878
VT0.25_3 VT0.25 3 12600 25580 20947 -4633
VT0.25_3 VT0.25 3 12700 25610 20998 -4612
VT0.25_3 VT0.25 3 12800 26819 21483 -5336
VT0.25_3 VT0.25 3 12900 24270 21836 -2434
VT0.25_3 VT0.25 3 13000 22924 20820 -2104
VT0.25_3 VT0.25 3 13100 22972 20925 -2047
VT0.25_3 VT0.25 3 13200 24521 20871 -3650
VT0.25_3 VT0.25 3 13300 25606 22511 -3095
VT0.25_3 VT0.25 3 13400 23715 21881 -1834
VT0.25_3 VT0.25 3 13500 25294 21931 -3363
VT0.25_3 VT0.25 3 13600 25284 23235 -2049
VT0.25_3 VT0.25 3 13700 31064 22093 -8971
VT0.25_3 VT0.25 3 13800 31274 21672 -9602
VT0.25_3 VT0.25 3 13900 31787 20782 -11005
VT0.25_3 VT0.25 3 14000 28254 20763 -7491
VT0.25_3 VT0.25 3 14100 28227 21832 -6395
VT0.25_3 VT0.25 3 14200 27720 20700 -7020
VT0.25_3 VT0.25 3 14300 27010 20685 -6325
VT0.25_3 VT0.25 3 14400 28803 21523 -7280
VT0.25_3 VT0.25 3 14500 29269 20901 -8368
VT0.25_3 VT0.25 3 14600 30637 20475 -10162
VT0.25_3 VT0.25 3 14700 31932 20880 -11052
VT0.25_3 VT0.25 3 14800 29766 20220 -9546
VT0.25_3 VT0.25 3 14900 27551 20768 -6783
VT0.25_3 VT0.25 3 15000 28852 20590 -8262
VT0.25_3 VT0.25 3 15100 29886 19566 -10320
VT0.25_3 VT0.25 3 15200 29385 19524 -9861
VT0.25_3 VT0.25 3 15300 32647 19446 -13201
VT0.25_3 VT0.25 3 15400 30635 18527 -12108
VT0.25_3 VT0.25 3 15500 30639 18628 -12011
VT0.25_3 VT0.25 3 15600 27971 18763 -9208
VT0.25_3 VT0.25 3 15700 26926 19233 -7693
VT0.25_3 VT0.25 3 15800 27975 20618 -7357
VT0.25_3 VT0.25 3 15900 27360 20536 -6824
VT0.25_3 VT0.25 3 16000 27378 20984 -6394
VT0.25_3 VT0.25 3 16100 25953 20165 -5788
VT0.25_3 VT0.25 3 16200 28811 20666 -8145
VT0.25_3 VT0.25 3 16300 29317 20529 -8788
VT0.25_3 VT0.25 3 16400 29805 20883 -8922
VT0.25_3 VT0.25 3 16500 28083 21247 -6836
VT0.25_3 VT0.25 3 16600 26595 22454 -4141
VT0.25_3 VT0.25 3 16700 27668 22081 -5587
VT0.25_3 VT0.25 3 16800 27976 22474 -5502
VT0.25_3 VT0.25 3 16900 26327 20852 -5475
VT0.25_3 VT0.25 3 17000 27501 20270 -7231
VT0.25_3 VT0.25 3 17100 29066 20336 -8730
VT0.25_3 VT0.25 3 17200 29375 21073 -8302
VT0.25_3 VT0.25 3 17300 28958 21684 -7274
VT0.25_3 VT0.25 3 17400 28672 20755 -7917
VT0.25_3 VT0.25 3 17500 27610 21730 -5880
VT0.25_3 VT0.25 3 17600 28845 22127 -6718
VT0.25_3 VT0.25 3 17700 28767 22935 -5832
VT0.25_3 VT0.25 3 17800 29679 23271 -6408
VT0.25_3 VT0.25 3 17900 30639 23765 -6874
VT0.25_3 VT0.25 3 18000 28532 22052 -6480
VT0.25_3 VT0.25 3 18100 30710 20389 -10321
VT0.25_3 VT0.25 3 18200 32238 21522 -10716
VT0.25_3 VT0.25 3 18300 29083 21601 -7482
VT0.25_3 VT0.25 3 18400 28329 22316 -6013
VT0.25_3 VT0.25 3 18500 32747 22810 -9937
VT0.25_3 VT0.25 3 18600 34467 22204 -12263
VT0.25_3 VT0.25 3 18700 31510 21212 -10298
VT0.25_3 VT0.25 3 18800 34269 22475 -11794
VT0.25_3 VT0.25 3 18900 39132 22886 -16246
VT0.25_3 VT0.25 3 19000 32533 21411 -11122
VT0.25_3 VT0.25 3 19100 32304 21020 -11284
VT0.25_3 VT0.25 3 19200 28802 21425 -7377
VT0.25_3 VT0.25 3 19300 28373 20606 -7767
VT0.25_3 VT0.25 3 19400 31105 21556 -9549
VT0.25_3 VT0.25 3 19500 27296 22345 -4951
VT0.25_3 VT0.25 3 19600 24816 22013 -2803
VT0.25_3 VT0.25 3 19700 25271 21182 -4089
VT0.25_3 VT0.25 3 19800 29493 22260 -7233
VT0.25_3 VT0.25 3 19900 31206 23008 -8198
VT0.25_3 VT0.25 3 20000 27198 23240 -3958
VT0.25_4 VT0.25 4 0 0 0 0
VT0.25_4 VT0.25 4 100 22 1219 1197
VT0.25_4 VT0.25 4 200 332 9276 8944
VT0.25_4 VT0.25 4 300 648 16272 15624
VT0.25_4 VT0.25 4 400 906 21549 20643
VT0.25_4 VT0.25 4 500 1065 27425 26360
VT0.25_4 VT0.25 4 600 923 26763 25840
VT0.25_4 VT0.25 4 700 309 5060 4751
VT0.25_4 VT0.25 4 800 13858 12756 -1102
VT0.25_4 VT0.25 4 900 138013 32587 -105426
VT0.25_4 VT0.25 4 1000 107562 30123 -77439
VT0.25_4 VT0.25 4 1100 58864 25857 -33007
VT0.25_4 VT0.25 4 1200 47986 23256 -24730
VT0.25_4 VT0.25 4 1300 47768 21083 -26685
VT0.25_4 VT0.25 4 1400 48729 19494 -29235
VT0.25_4 VT0.25 4 1500 48322 18046 -30276
VT0.25_4 VT0.25 4 1600 54893 16946 -37947
VT0.25_4 VT0.25 4 1700 53675 17482 -36193
VT0.25_4 VT0.25 4 1800 50500 17751 -32749
VT0.25_4 VT0.25 4 1900 51288 17074 -34214
VT0.25_4 VT0.25 4 2000 51424 17383 -34041
VT0.25_4 VT0.25 4 2100 49317 17659 -31658
VT0.25_4 VT0.25 4 2200 53426 18287 -35139
VT0.25_4 VT0.25 4 2300 55120 17727 -37393
VT0.25_4 VT0.25 4 2400 54877 17999 -36878
VT0.25_4 VT0.25 4 2500 54265 18049 -36216
VT0.25_4 VT0.25 4 2600 53614 18430 -35184
VT0.25_4 VT0.25 4 2700 46901 18256 -28645
VT0.25_4 VT0.25 4 2800 51664 19185 -32479
VT0.25_4 VT0.25 4 2900 53319 20446 -32873
VT0.25_4 VT0.25 4 3000 50744 21148 -29596
VT0.25_4 VT0.25 4 3100 48101 20808 -27293
VT0.25_4 VT0.25 4 3200 49380 19306 -30074
VT0.25_4 VT0.25 4 3300 52575 18531 -34044
VT0.25_4 VT0.25 4 3400 48217 18982 -29235
VT0.25_4 VT0.25 4 3500 50232 18161 -32071
VT0.25_4 VT0.25 4 3600 52856 18992 -33864
VT0.25_4 VT0.25 4 3700 63479 18948 -44531
VT0.25_4 VT0.25 4 3800 60354 18177 -42177
VT0.25_4 VT0.25 4 3900 59524 17555 -41969
VT0.25_4 VT0.25 4 4000 54191 17827 -36364
VT0.25_4 VT0.25 4 4100 48214 17563 -30651
VT0.25_4 VT0.25 4 4200 50964 16937 -34027
VT0.25_4 VT0.25 4 4300 55493 16926 -38567
VT0.25_4 VT0.25 4 4400 50724 17907 -32817
VT0.25_4 VT0.25 4 4500 51347 17693 -33654
VT0.25_4 VT0.25 4 4600 49960 17196 -32764
VT0.25_4 VT0.25 4 4700 54252 17020 -37232
VT0.25_4 VT0.25 4 4800 55120 17392 -37728
VT0.25_4 VT0.25 4 4900 52025 16953 -35072
VT0.25_4 VT0.25 4 5000 54769 17133 -37636
VT0.25_4 VT0.25 4 5100 55396 16404 -38992
VT0.25_4 VT0.25 4 5200 48892 17873 -31019
VT0.25_4 VT0.25 4 5300 49698 17484 -32214
VT0.25_4 VT0.25 4 5400 47819 17778 -30041
VT0.25_4 VT0.25 4 5500 53693 17356 -36337
VT0.25_4 VT0.25 4 5600 45544 18254 -27290
VT0.25_4 VT0.25 4 5700 46512 18440 -28072
VT0.25_4 VT0.25 4 5800 48285 18297 -29988
VT0.25_4 VT0.25 4 5900 55351 17882 -37469
VT0.25_4 VT0.25 4 6000 54632 18497 -36135
VT0.25_4 VT0.25 4 6100 49238 18770 -30468
VT0.25_4 VT0.25 4 6200 52000 18471 -33529
VT0.25_4 VT0.25 4 6300 57521 17653 -39868
VT0.25_4 VT0.25 4 6400 58949 18620 -40329
VT0.25_4 VT0.25 4 6500 57335 17923 -39412
VT0.25_4 VT0.25 4 6600 53619 17618 -36001
VT0.25_4 VT0.25 4 6700 57126 18341 -38785
VT0.25_4 VT0.25 4 6800 53577 18090 -35487
VT0.25_4 VT0.25 4 6900 48579 17474 -31105
VT0.25_4 VT0.25 4 7000 48462 17974 -30488
VT0.25_4 VT0.25 4 7100 48087 18113 -29974
VT0.25_4 VT0.25 4 7200 51383 18178 -33205
VT0.25_4 VT0.25 4 7300 52330 17764 -34566
VT0.25_4 VT0.25 4 7400 52311 17869 -34442
VT0.25_4 VT0.25 4 7500 54619 17752 -36867
VT0.25_4 VT0.25 4 7600 63348 19007 -44341
VT0.25_4 VT0.25 4 7700 58105 18950 -39155
VT0.25_4 VT0.25 4 7800 53207 17931 -35276
VT0.25_4 VT0.25 4 7900 52365 18630 -33735
VT0.25_4 VT0.25 4 8000 49679 19033 -30646
VT0.25_4 VT0.25 4 8100 48167 18104 -30063
VT0.25_4 VT0.25 4 8200 51131 17386 -33745
VT0.25_4 VT0.25 4 8300 44825 16464 -28361
VT0.25_4 VT0.25 4 8400 49179 17448 -31731
VT0.25_4 VT0.25 4 8500 53554 17630 -35924
VT0.25_4 VT0.25 4 8600 52313 18347 -33966
VT0.25_4 VT0.25 4 8700 52447 19884 -32563
VT0.25_4 VT0.25 4 8800 50581 19219 -31362
VT0.25_4 VT0.25 4 8900 46990 18508 -28482
VT0.25_4 VT0.25 4 9000 46258 17236 -29022
VT0.25_4 VT0.25 4 9100 48065 16877 -31188
VT0.25_4 VT0.25 4 9200 51980 17972 -34008
VT0.25_4 VT0.25 4 9300 50009 19713 -30296
VT0.25_4 VT0.25 4 9400 44518 19080 -25438
VT0.25_4 VT0.25 4 9500 47113 18385 -28728
VT0.25_4 VT0.25 4 9600 55935 18551 -37384
VT0.25_4 VT0.25 4 9700 52550 19068 -33482
VT0.25_4 VT0.25 4 9800 53049 18025 -35024
VT0.25_4 VT0.25 4 9900 46168 17748 -28420
VT0.25_4 VT0.25 4 10000 45807 18107 -27700
VT0.25_4 VT0.25 4 10100 52593 18448 -34145
VT0.25_4 VT0.25 4 10200 52451 18297 -34154
VT0.25_4 VT0.25 4 10300 48107 17439 -30668
VT0.25_4 VT0.25 4 10400 47001 17536 -29465
VT0.25_4 VT0.25 4 10500 48482 17365 -31117
VT0.25_4 VT0.25 4 10600 49126 17632 -31494
VT0.25_4 VT0.25 4 10700 49818 18089 -31729
VT0.25_4 VT0.25 4 10800 46026 18276 -27750
VT0.25_4 VT0.25 4 10900 46441 17960 -28481
VT0.25_4 VT0.25 4 11000 48098 17177 -30921
VT0.25_4 VT0.25 4 11100 48658 17105 -31553
VT0.25_4 VT0.25 4 11200 53949 18015 -35934
VT0.25_4 VT0.25 4 11300 46212 16978 -29234
VT0.25_4 VT0.25 4 11400 44861 17169 -27692
VT0.25_4 VT0.25 4 11500 41290 17002 -24288
VT0.25_4 VT0.25 4 11600 44035 17945 -26090
VT0.25_4 VT0.25 4 11700 42993 17610 -25383
VT0.25_4 VT0.25 4 11800 50471 17607 -32864
VT0.25_4 VT0.25 4 11900 50901 17811 -33090
VT0.25_4 VT0.25 4 12000 51973 17774 -34199
VT0.25_4 VT0.25 4 12100 57545 18111 -39434
VT0.25_4 VT0.25 4 12200 54997 19369 -35628
VT0.25_4 VT0.25 4 12300 53514 18960 -34554
VT0.25_4 VT0.25 4 12400 53720 19132 -34588
VT0.25_4 VT0.25 4 12500 52195 17968 -34227
VT0.25_4 VT0.25 4 12600 48380 17740 -30640
VT0.25_4 VT0.25 4 12700 45810 18440 -27370
VT0.25_4 VT0.25 4 12800 47105 18354 -28751
VT0.25_4 VT0.25 4 12900 47752 18282 -29470
VT0.25_4 VT0.25 4 13000 52639 20032 -32607
VT0.25_4 VT0.25 4 13100 56418 19060 -37358
VT0.25_4 VT0.25 4 13200 49201 18126 -31075
VT0.25_4 VT0.25 4 13300 49839 17781 -32058
VT0.25_4 VT0.25 4 13400 55543 17494 -38049
VT0.25_4 VT0.25 4 13500 46882 17739 -29143
VT0.25_4 VT0.25 4 13600 47232 17614 -29618
VT0.25_4 VT0.25 4 13700 47647 17668 -29979
VT0.25_4 VT0.25 4 13800 49730 17770 -31960
VT0.25_4 VT0.25 4 13900 50301 17862 -32439
VT0.25_4 VT0.25 4 14000 47758 18260 -29498
VT0.25_4 VT0.25 4 14100 51386 17548 -33838
VT0.25_4 VT0.25 4 14200 48560 17452 -31108
VT0.25_4 VT0.25 4 14300 50577 16874 -33703
VT0.25_4 VT0.25 4 14400 45115 16759 -28356
VT0.25_4 VT0.25 4 14500 47577 17068 -30509
VT0.25_4 VT0.25 4 14600 50950 17080 -33870
VT0.25_4 VT0.25 4 14700 48872 17141 -31731
VT0.25_4 VT0.25 4 14800 45799 17662 -28137
VT0.25_4 VT0.25 4 14900 47514 17272 -30242
VT0.25_4 VT0.25 4 15000 44557 18443 -26114
VT0.25_4 VT0.25 4 15100 46673 18318 -28355
VT0.25_4 VT0.25 4 15200 51041 18448 -32593
VT0.25_4 VT0.25 4 15300 45714 18058 -27656
VT0.25_4 VT0.25 4 15400 45354 18027 -27327
VT0.25_4 VT0.25 4 15500 43697 18220 -25477
VT0.25_4 VT0.25 4 15600 41894 18649 -23245
VT0.25_4 VT0.25 4 15700 51732 18455 -33277
VT0.25_4 VT0.25 4 15800 51432 18357 -33075
VT0.25_4 VT0.25 4 15900 48878 18297 -30581
VT0.25_4 VT0.25 4 16000 49922 18658 -31264
VT0.25_4 VT0.25 4 16100 52505 18802 -33703
VT0.25_4 VT0.25 4 16200 47817 18356 -29461
VT0.25_4 VT0.25 4 16300 50126 18571 -31555
VT0.25_4 VT0.25 4 16400 47489 18126 -29363
VT0.25_4 VT0.25 4 16500 46682 17452 -29230
VT0.25_4 VT0.25 4 16600 45517 18492 -27025
VT0.25_4 VT0.25 4 16700 50678 18116 -32562
VT0.25_4 VT0.25 4 16800 45257 19946 -25311
VT0.25_4 VT0.25 4 16900 48113 19070 -29043
VT0.25_4 VT0.25 4 17000 41392 17507 -23885
VT0.25_4 VT0.25 4 17100 46291 17898 -28393
VT0.25_4 VT0.25 4 17200 51090 18377 -32713
VT0.25_4 VT0.25 4 17300 46214 18492 -27722
VT0.25_4 VT0.25 4 17400 44726 19080 -25646
VT0.25_4 VT0.25 4 17500 45498 20127 -25371
VT0.25_4 VT0.25 4 17600 54988 19170 -35818
VT0.25_4 VT0.25 4 17700 54277 18770 -35507
VT0.25_4 VT0.25 4 17800 48603 19425 -29178
VT0.25_4 VT0.25 4 17900 52384 19324 -33060
VT0.25_4 VT0.25 4 18000 52409 18959 -33450
VT0.25_4 VT0.25 4 18100 51992 19162 -32830
VT0.25_4 VT0.25 4 18200 51412 19124 -32288
VT0.25_4 VT0.25 4 18300 57306 18967 -38339
VT0.25_4 VT0.25 4 18400 48481 18306 -30175
VT0.25_4 VT0.25 4 18500 44799 18671 -26128
VT0.25_4 VT0.25 4 18600 51639 18305 -33334
VT0.25_4 VT0.25 4 18700 51489 17752 -33737
VT0.25_4 VT0.25 4 18800 43576 17124 -26452
VT0.25_4 VT0.25 4 18900 42920 17642 -25278
VT0.25_4 VT0.25 4 19000 46869 18145 -28724
VT0.25_4 VT0.25 4 19100 44869 18438 -26431
VT0.25_4 VT0.25 4 19200 45111 18482 -26629
VT0.25_4 VT0.25 4 19300 49851 19457 -30394
VT0.25_4 VT0.25 4 19400 51218 18701 -32517
VT0.25_4 VT0.25 4 19500 51239 17515 -33724
VT0.25_4 VT0.25 4 19600 56611 18747 -37864
VT0.25_4 VT0.25 4 19700 50419 17903 -32516
VT0.25_4 VT0.25 4 19800 46103 18678 -27425
VT0.25_4 VT0.25 4 19900 48072 19122 -28950
VT0.25_4 VT0.25 4 20000 53450 18802 -34648
VT0.25_5 VT0.25 5 0 0 0 0
VT0.25_5 VT0.25 5 100 15 1142 1127
VT0.25_5 VT0.25 5 200 416 8946 8530
VT0.25_5 VT0.25 5 300 674 15359 14685
VT0.25_5 VT0.25 5 400 833 20855 20022
VT0.25_5 VT0.25 5 500 1129 26902 25773
VT0.25_5 VT0.25 5 600 631 13872 13241
VT0.25_5 VT0.25 5 700 49 834 785
VT0.25_5 VT0.25 5 800 3 31 28
VT0.25_5 VT0.25 5 900 0 0 0
VT0.25_5 VT0.25 5 1000 0 0 0
VT0.25_5 VT0.25 5 1100 0 0 0
VT0.25_5 VT0.25 5 1200 0 0 0
VT0.25_5 VT0.25 5 1300 0 0 0
VT0.25_5 VT0.25 5 1400 0 0 0
VT0.25_5 VT0.25 5 1500 0 0 0
VT0.25_5 VT0.25 5 1600 0 0 0
VT0.25_5 VT0.25 5 1700 0 0 0
VT0.25_5 VT0.25 5 1800 0 0 0
VT0.25_5 VT0.25 5 1900 0 0 0
VT0.25_5 VT0.25 5 2000 0 0 0
VT0.25_5 VT0.25 5 2100 0 0 0
VT0.25_5 VT0.25 5 2200 0 0 0
VT0.25_5 VT0.25 5 2300 0 0 0
VT0.25_5 VT0.25 5 2400 0 0 0
VT0.25_5 VT0.25 5 2500 0 0 0
VT0.25_5 VT0.25 5 2600 0 0 0
VT0.25_5 VT0.25 5 2700 0 0 0
VT0.25_5 VT0.25 5 2800 0 0 0
VT0.25_5 VT0.25 5 2900 0 0 0
VT0.25_5 VT0.25 5 3000 0 0 0
VT0.25_5 VT0.25 5 3100 0 0 0
VT0.25_5 VT0.25 5 3200 0 0 0
VT0.25_5 VT0.25 5 3300 0 0 0
VT0.25_5 VT0.25 5 3400 0 0 0
VT0.25_5 VT0.25 5 3500 0 0 0
VT0.25_5 VT0.25 5 3600 0 0 0
VT0.25_5 VT0.25 5 3700 0 0 0
VT0.25_5 VT0.25 5 3800 0 0 0
VT0.25_5 VT0.25 5 3900 0 0 0
VT0.25_5 VT0.25 5 4000 0 0 0
VT0.25_5 VT0.25 5 4100 0 0 0
VT0.25_5 VT0.25 5 4200 0 0 0
VT0.25_5 VT0.25 5 4300 0 0 0
VT0.25_5 VT0.25 5 4400 0 0 0
VT0.25_5 VT0.25 5 4500 0 0 0
VT0.25_5 VT0.25 5 4600 0 0 0
VT0.25_5 VT0.25 5 4700 0 0 0
VT0.25_5 VT0.25 5 4800 0 0 0
VT0.25_5 VT0.25 5 4900 0 0 0
VT0.25_5 VT0.25 5 5000 0 0 0
VT0.25_5 VT0.25 5 5100 0 0 0
VT0.25_5 VT0.25 5 5200 0 0 0
VT0.25_5 VT0.25 5 5300 0 0 0
VT0.25_5 VT0.25 5 5400 0 0 0
VT0.25_5 VT0.25 5 5500 0 0 0
VT0.25_5 VT0.25 5 5600 0 0 0
VT0.25_5 VT0.25 5 5700 0 0 0
VT0.25_5 VT0.25 5 5800 0 0 0
VT0.25_5 VT0.25 5 5900 0 0 0
VT0.25_5 VT0.25 5 6000 0 0 0
VT0.25_5 VT0.25 5 6100 0 0 0
VT0.25_5 VT0.25 5 6200 0 0 0
VT0.25_5 VT0.25 5 6300 0 0 0
VT0.25_5 VT0.25 5 6400 0 0 0
VT0.25_5 VT0.25 5 6500 0 0 0
VT0.25_5 VT0.25 5 6600 0 0 0
VT0.25_5 VT0.25 5 6700 0 0 0
VT0.25_5 VT0.25 5 6800 0 0 0
VT0.25_5 VT0.25 5 6900 0 0 0
VT0.25_5 VT0.25 5 7000 0 0 0
VT0.25_5 VT0.25 5 7100 0 0 0
VT0.25_5 VT0.25 5 7200 0 0 0
VT0.25_5 VT0.25 5 7300 0 0 0
VT0.25_5 VT0.25 5 7400 0 0 0
VT0.25_5 VT0.25 5 7500 0 0 0
VT0.25_5 VT0.25 5 7600 0 0 0
VT0.25_5 VT0.25 5 7700 0 0 0
VT0.25_5 VT0.25 5 7800 0 0 0
VT0.25_5 VT0.25 5 7900 0 0 0
VT0.25_5 VT0.25 5 8000 0 0 0
VT0.25_5 VT0.25 5 8100 0 0 0
VT0.25_5 VT0.25 5 8200 0 0 0
VT0.25_5 VT0.25 5 8300 0 0 0
VT0.25_5 VT0.25 5 8400 0 0 0
VT0.25_5 VT0.25 5 8500 0 0 0
VT0.25_5 VT0.25 5 8600 0 0 0
VT0.25_5 VT0.25 5 8700 0 0 0
VT0.25_5 VT0.25 5 8800 0 0 0
VT0.25_5 VT0.25 5 8900 0 0 0
VT0.25_5 VT0.25 5 9000 0 0 0
VT0.25_5 VT0.25 5 9100 0 0 0
VT0.25_5 VT0.25 5 9200 0 0 0
VT0.25_5 VT0.25 5 9300 0 0 0
VT0.25_5 VT0.25 5 9400 0 0 0
VT0.25_5 VT0.25 5 9500 0 0 0
VT0.25_5 VT0.25 5 9600 0 0 0
VT0.25_5 VT0.25 5 9700 0 0 0
VT0.25_5 VT0.25 5 9800 0 0 0
VT0.25_5 VT0.25 5 9900 0 0 0
VT0.25_5 VT0.25 5 10000 0 0 0
VT0.25_5 VT0.25 5 10100 0 0 0
VT0.25_5 VT0.25 5 10200 0 0 0
VT0.25_5 VT0.25 5 10300 0 0 0
VT0.25_5 VT0.25 5 10400 0 0 0
VT0.25_5 VT0.25 5 10500 0 0 0
VT0.25_5 VT0.25 5 10600 0 0 0
VT0.25_5 VT0.25 5 10700 0 0 0
VT0.25_5 VT0.25 5 10800 0 0 0
VT0.25_5 VT0.25 5 10900 0 0 0
VT0.25_5 VT0.25 5 11000 0 0 0
VT0.25_5 VT0.25 5 11100 0 0 0
VT0.25_5 VT0.25 5 11200 0 0 0
VT0.25_5 VT0.25 5 11300 0 0 0
VT0.25_5 VT0.25 5 11400 0 0 0
VT0.25_5 VT0.25 5 11500 0 0 0
VT0.25_5 VT0.25 5 11600 0 0 0
VT0.25_5 VT0.25 5 11700 0 0 0
VT0.25_5 VT0.25 5 11800 0 0 0
VT0.25_5 VT0.25 5 11900 0 0 0
VT0.25_5 VT0.25 5 12000 0 0 0
VT0.25_5 VT0.25 5 12100 0 0 0
VT0.25_5 VT0.25 5 12200 0 0 0
VT0.25_5 VT0.25 5 12300 0 0 0
VT0.25_5 VT0.25 5 12400 0 0 0
VT0.25_5 VT0.25 5 12500 0 0 0
VT0.25_5 VT0.25 5 12600 0 0 0
VT0.25_5 VT0.25 5 12700 0 0 0
VT0.25_5 VT0.25 5 12800 0 0 0
VT0.25_5 VT0.25 5 12900 0 0 0
VT0.25_5 VT0.25 5 13000 0 0 0
VT0.25_5 VT0.25 5 13100 0 0 0
VT0.25_5 VT0.25 5 13200 0 0 0
VT0.25_5 VT0.25 5 13300 0 0 0
VT0.25_5 VT0.25 5 13400 0 0 0
VT0.25_5 VT0.25 5 13500 0 0 0
VT0.25_5 VT0.25 5 13600 0 0 0
VT0.25_5 VT0.25 5 13700 0 0 0
VT0.25_5 VT0.25 5 13800 0 0 0
VT0.25_5 VT0.25 5 13900 0 0 0
VT0.25_5 VT0.25 5 14000 0 0 0
VT0.25_5 VT0.25 5 14100 0 0 0
VT0.25_5 VT0.25 5 14200 0 0 0
VT0.25_5 VT0.25 5 14300 0 0 0
VT0.25_5 VT0.25 5 14400 0 0 0
VT0.25_5 VT0.25 5 14500 0 0 0
VT0.25_5 VT0.25 5 14600 0 0 0
VT0.25_5 VT0.25 5 14700 0 0 0
VT0.25_5 VT0.25 5 14800 0 0 0
VT0.25_5 VT0.25 5 14900 0 0 0
VT0.25_5 VT0.25 5 15000 0 0 0
VT0.25_5 VT0.25 5 15100 0 0 0
VT0.25_5 VT0.25 5 15200 0 0 0
VT0.25_5 VT0.25 5 15300 0 0 0
VT0.25_5 VT0.25 5 15400 0 0 0
VT0.25_5 VT0.25 5 15500 0 0 0
VT0.25_5 VT0.25 5 15600 0 0 0
VT0.25_5 VT0.25 5 15700 0 0 0
VT0.25_5 VT0.25 5 15800 0 0 0
VT0.25_5 VT0.25 5 15900 0 0 0
VT0.25_5 VT0.25 5 16000 0 0 0
VT0.25_5 VT0.25 5 16100 0 0 0
VT0.25_5 VT0.25 5 16200 0 0 0
VT0.25_5 VT0.25 5 16300 0 0 0
VT0.25_5 VT0.25 5 16400 0 0 0
VT0.25_5 VT0.25 5 16500 0 0 0
VT0.25_5 VT0.25 5 16600 0 0 0
VT0.25_5 VT0.25 5 16700 0 0 0
VT0.25_5 VT0.25 5 16800 0 0 0
VT0.25_5 VT0.25 5 16900 0 0 0
VT0.25_5 VT0.25 5 17000 0 0 0
VT0.25_5 VT0.25 5 17100 0 0 0
VT0.25_5 VT0.25 5 17200 0 0 0
VT0.25_5 VT0.25 5 17300 0 0 0
VT0.25_5 VT0.25 5 17400 0 0 0
VT0.25_5 VT0.25 5 17500 0 0 0
VT0.25_5 VT0.25 5 17600 0 0 0
VT0.25_5 VT0.25 5 17700 0 0 0
VT0.25_5 VT0.25 5 17800 0 0 0
VT0.25_5 VT0.25 5 17900 0 0 0
VT0.25_5 VT0.25 5 18000 0 0 0
VT0.25_5 VT0.25 5 18100 0 0 0
VT0.25_5 VT0.25 5 18200 0 0 0
VT0.25_5 VT0.25 5 18300 0 0 0
VT0.25_5 VT0.25 5 18400 0 0 0
VT0.25_5 VT0.25 5 18500 0 0 0
VT0.25_5 VT0.25 5 18600 0 0 0
VT0.25_5 VT0.25 5 18700 0 0 0
VT0.25_5 VT0.25 5 18800 0 0 0
VT0.25_5 VT0.25 5 18900 0 0 0
VT0.25_5 VT0.25 5 19000 0 0 0
VT0.25_5 VT0.25 5 19100 0 0 0
VT0.25_5 VT0.25 5 19200 0 0 0
VT0.25_5 VT0.25 5 19300 0 0 0
VT0.25_5 VT0.25 5 19400 0 0 0
VT0.25_5 VT0.25 5 19500 0 0 0
VT0.25_5 VT0.25 5 19600 0 0 0
VT0.25_5 VT0.25 5 19700 0 0 0
VT0.25_5 VT0.25 5 19800 0 0 0
VT0.25_5 VT0.25 5 19900 0 0 0
VT0.25_5 VT0.25 5 20000 0 0 0
VT0.25_6 VT0.25 6 0 0 0 0
VT0.25_6 VT0.25 6 100 19 1199 1180
VT0.25_6 VT0.25 6 200 427 9143 8716
VT0.25_6 VT0.25 6 300 680 15866 15186
VT0.25_6 VT0.25 6 400 825 21135 20310
VT0.25_6 VT0.25 6 500 961 23598 22637
VT0.25_6 VT0.25 6 600 138764 23341 -115423
VT0.25_6 VT0.25 6 700 282248 36526 -245722
VT0.25_6 VT0.25 6 800 267283 35303 -231980
VT0.25_6 VT0.25 6 900 234208 31882 -202326
VT0.25_6 VT0.25 6 1000 250585 30272 -220313
VT0.25_6 VT0.25 6 1100 254251 28006 -226245
VT0.25_6 VT0.25 6 1200 233618 24311 -209307
VT0.25_6 VT0.25 6 1300 209613 23558 -186055
VT0.25_6 VT0.25 6 1400 170649 20795 -149854
VT0.25_6 VT0.25 6 1500 130813 18542 -112271
VT0.25_6 VT0.25 6 1600 115627 18353 -97274
VT0.25_6 VT0.25 6 1700 91830 17891 -73939
VT0.25_6 VT0.25 6 1800 89020 17920 -71100
VT0.25_6 VT0.25 6 1900 90060 17724 -72336
VT0.25_6 VT0.25 6 2000 88944 17108 -71836
VT0.25_6 VT0.25 6 2100 88510 16700 -71810
VT0.25_6 VT0.25 6 2200 66126 15996 -50130
VT0.25_6 VT0.25 6 2300 52227 16855 -35372
VT0.25_6 VT0.25 6 2400 45838 17580 -28258
VT0.25_6 VT0.25 6 2500 47133 17078 -30055
VT0.25_6 VT0.25 6 2600 48628 16494 -32134
VT0.25_6 VT0.25 6 2700 54466 17135 -37331
VT0.25_6 VT0.25 6 2800 51812 17040 -34772
VT0.25_6 VT0.25 6 2900 52955 17544 -35411
VT0.25_6 VT0.25 6 3000 44849 18245 -26604
VT0.25_6 VT0.25 6 3100 43945 17963 -25982
VT0.25_6 VT0.25 6 3200 49315 18049 -31266
VT0.25_6 VT0.25 6 3300 45904 19270 -26634
VT0.25_6 VT0.25 6 3400 51518 18468 -33050
VT0.25_6 VT0.25 6 3500 52178 18640 -33538
VT0.25_6 VT0.25 6 3600 50788 17897 -32891
VT0.25_6 VT0.25 6 3700 47410 18761 -28649
VT0.25_6 VT0.25 6 3800 46722 17687 -29035
VT0.25_6 VT0.25 6 3900 44074 18495 -25579
VT0.25_6 VT0.25 6 4000 45214 18669 -26545
VT0.25_6 VT0.25 6 4100 43530 19125 -24405
VT0.25_6 VT0.25 6 4200 46232 17738 -28494
VT0.25_6 VT0.25 6 4300 48549 16618 -31931
VT0.25_6 VT0.25 6 4400 49018 16074 -32944
VT0.25_6 VT0.25 6 4500 49606 15860 -33746
VT0.25_6 VT0.25 6 4600 51273 16313 -34960
VT0.25_6 VT0.25 6 4700 47058 16121 -30937
VT0.25_6 VT0.25 6 4800 45735 17345 -28390
VT0.25_6 VT0.25 6 4900 46261 17149 -29112
VT0.25_6 VT0.25 6 5000 50076 17382 -32694
VT0.25_6 VT0.25 6 5100 56649 16621 -40028
VT0.25_6 VT0.25 6 5200 46737 17529 -29208
VT0.25_6 VT0.25 6 5300 48197 17668 -30529
VT0.25_6 VT0.25 6 5400 56115 17857 -38258
VT0.25_6 VT0.25 6 5500 48286 17776 -30510
VT0.25_6 VT0.25 6 5600 51188 18864 -32324
VT0.25_6 VT0.25 6 5700 50650 18013 -32637
VT0.25_6 VT0.25 6 5800 54245 17557 -36688
VT0.25_6 VT0.25 6 5900 53474 17803 -35671
VT0.25_6 VT0.25 6 6000 51733 19103 -32630
VT0.25_6 VT0.25 6 6100 53371 20334 -33037
VT0.25_6 VT0.25 6 6200 48841 20624 -28217
VT0.25_6 VT0.25 6 6300 45464 19359 -26105
VT0.25_6 VT0.25 6 6400 42770 18417 -24353
VT0.25_6 VT0.25 6 6500 50887 17830 -33057
VT0.25_6 VT0.25 6 6600 52580 18334 -34246
VT0.25_6 VT0.25 6 6700 53005 17085 -35920
VT0.25_6 VT0.25 6 6800 54539 16998 -37541
VT0.25_6 VT0.25 6 6900 48710 16867 -31843
VT0.25_6 VT0.25 6 7000 53328 17764 -35564
VT0.25_6 VT0.25 6 7100 57938 18290 -39648
VT0.25_6 VT0.25 6 7200 62760 18324 -44436
VT0.25_6 VT0.25 6 7300 61502 18412 -43090
VT0.25_6 VT0.25 6 7400 50920 16829 -34091
VT0.25_6 VT0.25 6 7500 46095 16781 -29314
VT0.25_6 VT0.25 6 7600 50318 16285 -34033
VT0.25_6 VT0.25 6 7700 48283 16942 -31341
VT0.25_6 VT0.25 6 7800 50791 18140 -32651
VT0.25_6 VT0.25 6 7900 50417 19631 -30786
VT0.25_6 VT0.25 6 8000 50111 19801 -30310
VT0.25_6 VT0.25 6 8100 47644 20221 -27423
VT0.25_6 VT0.25 6 8200 51542 20201 -31341
VT0.25_6 VT0.25 6 8300 45720 19375 -26345
VT0.25_6 VT0.25 6 8400 45401 19327 -26074
VT0.25_6 VT0.25 6 8500 46088 18761 -27327
VT0.25_6 VT0.25 6 8600 48057 17592 -30465
VT0.25_6 VT0.25 6 8700 51609 17464 -34145
VT0.25_6 VT0.25 6 8800 48169 18184 -29985
VT0.25_6 VT0.25 6 8900 46662 18756 -27906
VT0.25_6 VT0.25 6 9000 47963 18112 -29851
VT0.25_6 VT0.25 6 9100 45781 18218 -27563
VT0.25_6 VT0.25 6 9200 48869 17060 -31809
VT0.25_6 VT0.25 6 9300 46844 16959 -29885
VT0.25_6 VT0.25 6 9400 48387 18701 -29686
VT0.25_6 VT0.25 6 9500 53719 18237 -35482
VT0.25_6 VT0.25 6 9600 51839 17899 -33940
VT0.25_6 VT0.25 6 9700 50941 18233 -32708
VT0.25_6 VT0.25 6 9800 49710 17605 -32105
VT0.25_6 VT0.25 6 9900 47317 17295 -30022
VT0.25_6 VT0.25 6 10000 48676 17940 -30736
VT0.25_6 VT0.25 6 10100 52448 16693 -35755
VT0.25_6 VT0.25 6 10200 48383 15455 -32928
VT0.25_6 VT0.25 6 10300 53143 16109 -37034
VT0.25_6 VT0.25 6 10400 58486 16419 -42067
VT0.25_6 VT0.25 6 10500 55266 17762 -37504
VT0.25_6 VT0.25 6 10600 53244 17759 -35485
VT0.25_6 VT0.25 6 10700 49286 18109 -31177
VT0.25_6 VT0.25 6 10800 51926 17624 -34302
VT0.25_6 VT0.25 6 10900 50193 16579 -33614
VT0.25_6 VT0.25 6 11000 46511 16588 -29923
VT0.25_6 VT0.25 6 11100 44297 17935 -26362
VT0.25_6 VT0.25 6 11200 48881 18558 -30323
VT0.25_6 VT0.25 6 11300 46075 18391 -27684
VT0.25_6 VT0.25 6 11400 45549 18931 -26618
VT0.25_6 VT0.25 6 11500 46952 18376 -28576
VT0.25_6 VT0.25 6 11600 42563 18625 -23938
VT0.25_6 VT0.25 6 11700 51267 19196 -32071
VT0.25_6 VT0.25 6 11800 50642 20289 -30353
VT0.25_6 VT0.25 6 11900 53343 20579 -32764
VT0.25_6 VT0.25 6 12000 52198 20529 -31669
VT0.25_6 VT0.25 6 12100 42279 20025 -22254
VT0.25_6 VT0.25 6 12200 51365 18912 -32453
VT0.25_6 VT0.25 6 12300 45612 18805 -26807
VT0.25_6 VT0.25 6 12400 46301 19743 -26558
VT0.25_6 VT0.25 6 12500 49060 20080 -28980
VT0.25_6 VT0.25 6 12600 46148 20889 -25259
VT0.25_6 VT0.25 6 12700 45539 18806 -26733
VT0.25_6 VT0.25 6 12800 42246 19411 -22835
VT0.25_6 VT0.25 6 12900 42462 19177 -23285
VT0.25_6 VT0.25 6 13000 53600 19120 -34480
VT0.25_6 VT0.25 6 13100 49540 18715 -30825
VT0.25_6 VT0.25 6 13200 46126 17940 -28186
VT0.25_6 VT0.25 6 13300 50048 18560 -31488
VT0.25_6 VT0.25 6 13400 53390 17586 -35804
VT0.25_6 VT0.25 6 13500 52195 18373 -33822
VT0.25_6 VT0.25 6 13600 48242 17268 -30974
VT0.25_6 VT0.25 6 13700 46503 16262 -30241
VT0.25_6 VT0.25 6 13800 50299 16482 -33817
VT0.25_6 VT0.25 6 13900 49926 16554 -33372
VT0.25_6 VT0.25 6 14000 46651 16453 -30198
VT0.25_6 VT0.25 6 14100 47244 16650 -30594
VT0.25_6 VT0.25 6 14200 44126 18293 -25833
VT0.25_6 VT0.25 6 14300 41691 17893 -23798
VT0.25_6 VT0.25 6 14400 41579 18957 -22622
VT0.25_6 VT0.25 6 14500 46641 19095 -27546
VT0.25_6 VT0.25 6 14600 47456 18245 -29211
VT0.25_6 VT0.25 6 14700 46719 19862 -26857
VT0.25_6 VT0.25 6 14800 47224 19535 -27689
VT0.25_6 VT0.25 6 14900 45911 19314 -26597
VT0.25_6 VT0.25 6 15000 46251 18175 -28076
VT0.25_6 VT0.25 6 15100 47719 17694 -30025
VT0.25_6 VT0.25 6 15200 45054 18096 -26958
VT0.25_6 VT0.25 6 15300 45383 18966 -26417
VT0.25_6 VT0.25 6 15400 43883 19091 -24792
VT0.25_6 VT0.25 6 15500 36876 18808 -18068
VT0.25_6 VT0.25 6 15600 37392 18854 -18538
VT0.25_6 VT0.25 6 15700 39677 19598 -20079
VT0.25_6 VT0.25 6 15800 40427 16759 -23668
VT0.25_6 VT0.25 6 15900 40350 17657 -22693
VT0.25_6 VT0.25 6 16000 42079 17884 -24195
VT0.25_6 VT0.25 6 16100 43802 16675 -27127
VT0.25_6 VT0.25 6 16200 44381 17961 -26420
VT0.25_6 VT0.25 6 16300 42054 17303 -24751
VT0.25_6 VT0.25 6 16400 45349 17964 -27385
VT0.25_6 VT0.25 6 16500 38125 18521 -19604
VT0.25_6 VT0.25 6 16600 37395 17672 -19723
VT0.25_6 VT0.25 6 16700 38448 17641 -20807
VT0.25_6 VT0.25 6 16800 37950 17159 -20791
VT0.25_6 VT0.25 6 16900 30006 17778 -12228
VT0.25_6 VT0.25 6 17000 30851 17428 -13423
VT0.25_6 VT0.25 6 17100 30366 16898 -13468
VT0.25_6 VT0.25 6 17200 25489 16691 -8798
VT0.25_6 VT0.25 6 17300 24903 17230 -7673
VT0.25_6 VT0.25 6 17400 25352 17487 -7865
VT0.25_6 VT0.25 6 17500 23907 16473 -7434
VT0.25_6 VT0.25 6 17600 25198 16741 -8457
VT0.25_6 VT0.25 6 17700 25330 16248 -9082
VT0.25_6 VT0.25 6 17800 25074 17063 -8011
VT0.25_6 VT0.25 6 17900 23117 17287 -5830
VT0.25_6 VT0.25 6 18000 24601 16279 -8322
VT0.25_6 VT0.25 6 18100 25016 17849 -7167
VT0.25_6 VT0.25 6 18200 25458 19763 -5695
VT0.25_6 VT0.25 6 18300 24724 18380 -6344
VT0.25_6 VT0.25 6 18400 24138 18707 -5431
VT0.25_6 VT0.25 6 18500 23628 17657 -5971
VT0.25_6 VT0.25 6 18600 22814 17776 -5038
VT0.25_6 VT0.25 6 18700 23278 18407 -4871
VT0.25_6 VT0.25 6 18800 21490 17118 -4372
VT0.25_6 VT0.25 6 18900 20548 16638 -3910
VT0.25_6 VT0.25 6 19000 18504 16998 -1506
VT0.25_6 VT0.25 6 19100 19052 16979 -2073
VT0.25_6 VT0.25 6 19200 23926 18559 -5367
VT0.25_6 VT0.25 6 19300 27425 19221 -8204
VT0.25_6 VT0.25 6 19400 23901 17766 -6135
VT0.25_6 VT0.25 6 19500 25079 16602 -8477
VT0.25_6 VT0.25 6 19600 23399 17218 -6181
VT0.25_6 VT0.25 6 19700 22565 18981 -3584
VT0.25_6 VT0.25 6 19800 25880 18455 -7425
VT0.25_6 VT0.25 6 19900 23417 18392 -5025
VT0.25_6 VT0.25 6 20000 25720 17331 -8389
VT0.25_7 VT0.25 7 0 0 0 0
VT0.25_7 VT0.25 7 100 18 1155 1137
VT0.25_7 VT0.25 7 200 373 9388 9015
VT0.25_7 VT0.25 7 300 641 15982 15341
VT0.25_7 VT0.25 7 400 800 20598 19798
VT0.25_7 VT0.25 7 500 923 26951 26028
VT0.25_7 VT0.25 7 600 1166 29356 28190
VT0.25_7 VT0.25 7 700 4376 29345 24969
VT0.25_7 VT0.25 7 800 17027 32613 15586
VT0.25_7 VT0.25 7 900 48497 31592 -16905
VT0.25_7 VT0.25 7 1000 64579 25277 -39302
VT0.25_7 VT0.25 7 1100 84683 21703 -62980
VT0.25_7 VT0.25 7 1200 117387 20268 -97119
VT0.25_7 VT0.25 7 1300 157969 19919 -138050
VT0.25_7 VT0.25 7 1400 176838 18623 -158215
VT0.25_7 VT0.25 7 1500 180057 18052 -162005
VT0.25_7 VT0.25 7 1600 198886 19535 -179351
VT0.25_7 VT0.25 7 1700 196586 18313 -178273
VT0.25_7 VT0.25 7 1800 200706 17403 -183303
VT0.25_7 VT0.25 7 1900 185687 17902 -167785
VT0.25_7 VT0.25 7 2000 186000 18761 -167239
VT0.25_7 VT0.25 7 2100 189818 18388 -171430
VT0.25_7 VT0.25 7 2200 212522 19136 -193386
VT0.25_7 VT0.25 7 2300 214608 19038 -195570
VT0.25_7 VT0.25 7 2400 196592 19451 -177141
VT0.25_7 VT0.25 7 2500 190900 22426 -168474
VT0.25_7 VT0.25 7 2600 204250 24338 -179912
VT0.25_7 VT0.25 7 2700 221739 25681 -196058
VT0.25_7 VT0.25 7 2800 227193 24498 -202695
VT0.25_7 VT0.25 7 2900 203263 23482 -179781
VT0.25_7 VT0.25 7 3000 201514 22636 -178878
VT0.25_7 VT0.25 7 3100 192447 21968 -170479
VT0.25_7 VT0.25 7 3200 199007 23030 -175977
VT0.25_7 VT0.25 7 3300 207004 23732 -183272
VT0.25_7 VT0.25 7 3400 194290 24378 -169912
VT0.25_7 VT0.25 7 3500 202826 22982 -179844
VT0.25_7 VT0.25 7 3600 209704 23172 -186532
VT0.25_7 VT0.25 7 3700 211753 22470 -189283
VT0.25_7 VT0.25 7 3800 222524 20696 -201828
VT0.25_7 VT0.25 7 3900 217962 21346 -196616
VT0.25_7 VT0.25 7 4000 199496 22159 -177337
VT0.25_7 VT0.25 7 4100 158053 19451 -138602
VT0.25_7 VT0.25 7 4200 129778 20411 -109367
VT0.25_7 VT0.25 7 4300 96122 20516 -75606
VT0.25_7 VT0.25 7 4400 77735 19681 -58054
VT0.25_7 VT0.25 7 4500 65039 20170 -44869
VT0.25_7 VT0.25 7 4600 64391 20004 -44387
VT0.25_7 VT0.25 7 4700 58092 19035 -39057
VT0.25_7 VT0.25 7 4800 60010 19848 -40162
VT0.25_7 VT0.25 7 4900 55724 18560 -37164
VT0.25_7 VT0.25 7 5000 55454 18465 -36989
VT0.25_7 VT0.25 7 5100 59860 18478 -41382
VT0.25_7 VT0.25 7 5200 61881 18328 -43553
VT0.25_7 VT0.25 7 5300 65685 18461 -47224
VT0.25_7 VT0.25 7 5400 57623 19450 -38173
VT0.25_7 VT0.25 7 5500 56248 19309 -36939
VT0.25_7 VT0.25 7 5600 58450 19555 -38895
VT0.25_7 VT0.25 7 5700 61383 19263 -42120
VT0.25_7 VT0.25 7 5800 64029 20017 -44012
VT0.25_7 VT0.25 7 5900 57697 20047 -37650
VT0.25_7 VT0.25 7 6000 64710 20163 -44547
VT0.25_7 VT0.25 7 6100 58706 20496 -38210
VT0.25_7 VT0.25 7 6200 53486 21239 -32247
VT0.25_7 VT0.25 7 6300 61008 20400 -40608
VT0.25_7 VT0.25 7 6400 55118 21737 -33381
VT0.25_7 VT0.25 7 6500 49231 20991 -28240
VT0.25_7 VT0.25 7 6600 47065 21187 -25878
VT0.25_7 VT0.25 7 6700 46604 20748 -25856
VT0.25_7 VT0.25 7 6800 48286 19932 -28354
VT0.25_7 VT0.25 7 6900 51475 19268 -32207
VT0.25_7 VT0.25 7 7000 57317 18470 -38847
VT0.25_7 VT0.25 7 7100 60223 18279 -41944
VT0.25_7 VT0.25 7 7200 59023 17484 -41539
VT0.25_7 VT0.25 7 7300 55912 16661 -39251
VT0.25_7 VT0.25 7 7400 51745 16499 -35246
VT0.25_7 VT0.25 7 7500 49625 17469 -32156
VT0.25_7 VT0.25 7 7600 45562 18526 -27036
VT0.25_7 VT0.25 7 7700 45778 16858 -28920
VT0.25_7 VT0.25 7 7800 47659 16207 -31452
VT0.25_7 VT0.25 7 7900 41279 18280 -22999
VT0.25_7 VT0.25 7 8000 46209 18885 -27324
VT0.25_7 VT0.25 7 8100 51377 19506 -31871
VT0.25_7 VT0.25 7 8200 55147 17549 -37598
VT0.25_7 VT0.25 7 8300 53149 15341 -37808
VT0.25_7 VT0.25 7 8400 47302 14219 -33083
VT0.25_7 VT0.25 7 8500 49695 16533 -33162
VT0.25_7 VT0.25 7 8600 54914 18482 -36432
VT0.25_7 VT0.25 7 8700 49242 18204 -31038
VT0.25_7 VT0.25 7 8800 48327 18758 -29569
VT0.25_7 VT0.25 7 8900 49642 18579 -31063
VT0.25_7 VT0.25 7 9000 54232 18540 -35692
VT0.25_7 VT0.25 7 9100 54350 18354 -35996
VT0.25_7 VT0.25 7 9200 45602 16503 -29099
VT0.25_7 VT0.25 7 9300 46062 16263 -29799
VT0.25_7 VT0.25 7 9400 47464 18096 -29368
VT0.25_7 VT0.25 7 9500 46543 17895 -28648
VT0.25_7 VT0.25 7 9600 49284 18055 -31229
VT0.25_7 VT0.25 7 9700 48754 17607 -31147
VT0.25_7 VT0.25 7 9800 53841 19269 -34572
VT0.25_7 VT0.25 7 9900 51975 19729 -32246
VT0.25_7 VT0.25 7 10000 45945 20249 -25696
VT0.25_7 VT0.25 7 10100 48716 20162 -28554
VT0.25_7 VT0.25 7 10200 48051 20444 -27607
VT0.25_7 VT0.25 7 10300 50013 20199 -29814
VT0.25_7 VT0.25 7 10400 60014 20076 -39938
VT0.25_7 VT0.25 7 10500 50303 20090 -30213
VT0.25_7 VT0.25 7 10600 50085 20473 -29612
VT0.25_7 VT0.25 7 10700 51071 19636 -31435
VT0.25_7 VT0.25 7 10800 51085 19798 -31287
VT0.25_7 VT0.25 7 10900 51043 20227 -30816
VT0.25_7 VT0.25 7 11000 57611 19829 -37782
VT0.25_7 VT0.25 7 11100 48912 19731 -29181
VT0.25_7 VT0.25 7 11200 52599 20557 -32042
VT0.25_7 VT0.25 7 11300 56669 21429 -35240
VT0.25_7 VT0.25 7 11400 57731 18815 -38916
VT0.25_7 VT0.25 7 11500 58597 19590 -39007
VT0.25_7 VT0.25 7 11600 51490 18393 -33097
VT0.25_7 VT0.25 7 11700 51372 19245 -32127
VT0.25_7 VT0.25 7 11800 51385 20247 -31138
VT0.25_7 VT0.25 7 11900 52576 19958 -32618
VT0.25_7 VT0.25 7 12000 47249 19633 -27616
VT0.25_7 VT0.25 7 12100 48001 21609 -26392
VT0.25_7 VT0.25 7 12200 47079 19590 -27489
VT0.25_7 VT0.25 7 12300 48739 19730 -29009
VT0.25_7 VT0.25 7 12400 53213 18938 -34275
VT0.25_7 VT0.25 7 12500 56524 18429 -38095
VT0.25_7 VT0.25 7 12600 44132 17874 -26258
VT0.25_7 VT0.25 7 12700 47012 17467 -29545
VT0.25_7 VT0.25 7 12800 52640 17585 -35055
VT0.25_7 VT0.25 7 12900 48939 17861 -31078
VT0.25_7 VT0.25 7 13000 45884 17335 -28549
VT0.25_7 VT0.25 7 13100 47872 17623 -30249
VT0.25_7 VT0.25 7 13200 48286 18025 -30261
VT0.25_7 VT0.25 7 13300 50103 17948 -32155
VT0.25_7 VT0.25 7 13400 49010 18114 -30896
VT0.25_7 VT0.25 7 13500 51704 17888 -33816
VT0.25_7 VT0.25 7 13600 51805 17416 -34389
VT0.25_7 VT0.25 7 13700 54284 18189 -36095
VT0.25_7 VT0.25 7 13800 54839 19909 -34930
VT0.25_7 VT0.25 7 13900 44874 18315 -26559
VT0.25_7 VT0.25 7 14000 41568 17744 -23824
VT0.25_7 VT0.25 7 14100 47931 17496 -30435
VT0.25_7 VT0.25 7 14200 50460 16991 -33469
VT0.25_7 VT0.25 7 14300 50053 17515 -32538
VT0.25_7 VT0.25 7 14400 48737 18278 -30459
VT0.25_7 VT0.25 7 14500 51737 19253 -32484
VT0.25_7 VT0.25 7 14600 53915 20143 -33772
VT0.25_7 VT0.25 7 14700 57417 20801 -36616
VT0.25_7 VT0.25 7 14800 54298 20849 -33449
VT0.25_7 VT0.25 7 14900 48863 18990 -29873
VT0.25_7 VT0.25 7 15000 48282 17776 -30506
VT0.25_7 VT0.25 7 15100 52305 18287 -34018
VT0.25_7 VT0.25 7 15200 52254 19002 -33252
VT0.25_7 VT0.25 7 15300 49748 20040 -29708
VT0.25_7 VT0.25 7 15400 48185 18129 -30056
VT0.25_7 VT0.25 7 15500 46268 18400 -27868
VT0.25_7 VT0.25 7 15600 52121 17569 -34552
VT0.25_7 VT0.25 7 15700 59626 18039 -41587
VT0.25_7 VT0.25 7 15800 63930 17648 -46282
VT0.25_7 VT0.25 7 15900 61069 18616 -42453
VT0.25_7 VT0.25 7 16000 61645 18790 -42855
VT0.25_7 VT0.25 7 16100 59275 19800 -39475
VT0.25_7 VT0.25 7 16200 63588 19120 -44468
VT0.25_7 VT0.25 7 16300 64648 20237 -44411
VT0.25_7 VT0.25 7 16400 57848 18443 -39405
VT0.25_7 VT0.25 7 16500 55385 19920 -35465
VT0.25_7 VT0.25 7 16600 53228 20033 -33195
VT0.25_7 VT0.25 7 16700 51619 19368 -32251
VT0.25_7 VT0.25 7 16800 50847 20295 -30552
VT0.25_7 VT0.25 7 16900 45858 19790 -26068
VT0.25_7 VT0.25 7 17000 44508 19956 -24552
VT0.25_7 VT0.25 7 17100 48287 19413 -28874
VT0.25_7 VT0.25 7 17200 54110 19016 -35094
VT0.25_7 VT0.25 7 17300 59965 19038 -40927
VT0.25_7 VT0.25 7 17400 62686 19318 -43368
VT0.25_7 VT0.25 7 17500 62887 17248 -45639
VT0.25_7 VT0.25 7 17600 62230 16431 -45799
VT0.25_7 VT0.25 7 17700 57514 16804 -40710
VT0.25_7 VT0.25 7 17800 56977 18948 -38029
VT0.25_7 VT0.25 7 17900 52213 18262 -33951
VT0.25_7 VT0.25 7 18000 49546 19141 -30405
VT0.25_7 VT0.25 7 18100 52815 19216 -33599
VT0.25_7 VT0.25 7 18200 51258 19650 -31608
VT0.25_7 VT0.25 7 18300 52413 18008 -34405
VT0.25_7 VT0.25 7 18400 50457 17698 -32759
VT0.25_7 VT0.25 7 18500 51551 17010 -34541
VT0.25_7 VT0.25 7 18600 43197 17708 -25489
VT0.25_7 VT0.25 7 18700 44562 18998 -25564
VT0.25_7 VT0.25 7 18800 54207 18500 -35707
VT0.25_7 VT0.25 7 18900 54432 17904 -36528
VT0.25_7 VT0.25 7 19000 55079 18277 -36802
VT0.25_7 VT0.25 7 19100 60281 18115 -42166
VT0.25_7 VT0.25 7 19200 56614 17644 -38970
VT0.25_7 VT0.25 7 19300 62452 18199 -44253
VT0.25_7 VT0.25 7 19400 55058 17848 -37210
VT0.25_7 VT0.25 7 19500 46447 17972 -28475
VT0.25_7 VT0.25 7 19600 43658 17907 -25751
VT0.25_7 VT0.25 7 19700 49010 18441 -30569
VT0.25_7 VT0.25 7 19800 52013 18062 -33951
VT0.25_7 VT0.25 7 19900 53878 18142 -35736
VT0.25_7 VT0.25 7 20000 51341 18114 -33227
VT0.25_8 VT0.25 8 0 0 0 0
VT0.25_8 VT0.25 8 100 32 1193 1161
VT0.25_8 VT0.25 8 200 414 9491 9077
VT0.25_8 VT0.25 8 300 689 16264 15575
VT0.25_8 VT0.25 8 400 813 20696 19883
VT0.25_8 VT0.25 8 500 1129 26051 24922
VT0.25_8 VT0.25 8 600 1458 31450 29992
VT0.25_8 VT0.25 8 700 3419 39615 36196
VT0.25_8 VT0.25 8 800 7144 44350 37206
VT0.25_8 VT0.25 8 900 11025 41368 30343
VT0.25_8 VT0.25 8 1000 33539 38007 4468
VT0.25_8 VT0.25 8 1100 88691 39518 -49173
VT0.25_8 VT0.25 8 1200 79825 34877 -44948
VT0.25_8 VT0.25 8 1300 60036 29323 -30713
VT0.25_8 VT0.25 8 1400 50273 25991 -24282
VT0.25_8 VT0.25 8 1500 49108 22241 -26867
VT0.25_8 VT0.25 8 1600 51121 20374 -30747
VT0.25_8 VT0.25 8 1700 52600 19378 -33222
VT0.25_8 VT0.25 8 1800 49606 18047 -31559
VT0.25_8 VT0.25 8 1900 55412 16232 -39180
VT0.25_8 VT0.25 8 2000 58903 16647 -42256
VT0.25_8 VT0.25 8 2100 54639 18761 -35878
VT0.25_8 VT0.25 8 2200 48100 19041 -29059
VT0.25_8 VT0.25 8 2300 54083 19072 -35011
VT0.25_8 VT0.25 8 2400 58481 20087 -38394
VT0.25_8 VT0.25 8 2500 55696 19981 -35715
VT0.25_8 VT0.25 8 2600 62010 20139 -41871
VT0.25_8 VT0.25 8 2700 59013 20102 -38911
VT0.25_8 VT0.25 8 2800 52781 20056 -32725
VT0.25_8 VT0.25 8 2900 54271 21678 -32593
VT0.25_8 VT0.25 8 3000 51907 22881 -29026
VT0.25_8 VT0.25 8 3100 56863 21275 -35588
VT0.25_8 VT0.25 8 3200 54766 21259 -33507
VT0.25_8 VT0.25 8 3300 62398 21220 -41178
VT0.25_8 VT0.25 8 3400 59282 21548 -37734
VT0.25_8 VT0.25 8 3500 60641 20566 -40075
VT0.25_8 VT0.25 8 3600 56809 20468 -36341
VT0.25_8 VT0.25 8 3700 51639 19075 -32564
VT0.25_8 VT0.25 8 3800 47984 17291 -30693
VT0.25_8 VT0.25 8 3900 51500 17801 -33699
VT0.25_8 VT0.25 8 4000 50372 17930 -32442
VT0.25_8 VT0.25 8 4100 46135 18208 -27927
VT0.25_8 VT0.25 8 4200 50875 18827 -32048
VT0.25_8 VT0.25 8 4300 49406 18448 -30958
VT0.25_8 VT0.25 8 4400 51005 17986 -33019
VT0.25_8 VT0.25 8 4500 45830 17661 -28169
VT0.25_8 VT0.25 8 4600 45138 17915 -27223
VT0.25_8 VT0.25 8 4700 50831 18764 -32067
VT0.25_8 VT0.25 8 4800 47590 19557 -28033
VT0.25_8 VT0.25 8 4900 53790 19197 -34593
VT0.25_8 VT0.25 8 5000 55138 18448 -36690
VT0.25_8 VT0.25 8 5100 51441 18127 -33314
VT0.25_8 VT0.25 8 5200 48209 17822 -30387
VT0.25_8 VT0.25 8 5300 41735 17181 -24554
VT0.25_8 VT0.25 8 5400 42587 16723 -25864
VT0.25_8 VT0.25 8 5500 44544 16386 -28158
VT0.25_8 VT0.25 8 5600 44884 16958 -27926
VT0.25_8 VT0.25 8 5700 42544 16384 -26160
VT0.25_8 VT0.25 8 5800 45319 16460 -28859
VT0.25_8 VT0.25 8 5900 43254 16083 -27171
VT0.25_8 VT0.25 8 6000 47342 16288 -31054
VT0.25_8 VT0.25 8 6100 44475 16092 -28383
VT0.25_8 VT0.25 8 6200 45428 17093 -28335
VT0.25_8 VT0.25 8 6300 45551 16862 -28689
VT0.25_8 VT0.25 8 6400 51878 16336 -35542
VT0.25_8 VT0.25 8 6500 47479 15806 -31673
VT0.25_8 VT0.25 8 6600 45097 16862 -28235
VT0.25_8 VT0.25 8 6700 42282 16361 -25921
VT0.25_8 VT0.25 8 6800 48371 16093 -32278
VT0.25_8 VT0.25 8 6900 48710 16516 -32194
VT0.25_8 VT0.25 8 7000 44557 15784 -28773
VT0.25_8 VT0.25 8 7100 49260 16399 -32861
VT0.25_8 VT0.25 8 7200 41429 14797 -26632
VT0.25_8 VT0.25 8 7300 41682 15280 -26402
VT0.25_8 VT0.25 8 7400 44139 15667 -28472
VT0.25_8 VT0.25 8 7500 42317 16755 -25562
VT0.25_8 VT0.25 8 7600 42549 16896 -25653
VT0.25_8 VT0.25 8 7700 42175 16046 -26129
VT0.25_8 VT0.25 8 7800 45818 16692 -29126
VT0.25_8 VT0.25 8 7900 42048 16878 -25170
VT0.25_8 VT0.25 8 8000 41820 17461 -24359
VT0.25_8 VT0.25 8 8100 41308 17566 -23742
VT0.25_8 VT0.25 8 8200 44548 17083 -27465
VT0.25_8 VT0.25 8 8300 47915 18016 -29899
VT0.25_8 VT0.25 8 8400 46114 18593 -27521
VT0.25_8 VT0.25 8 8500 49238 17893 -31345
VT0.25_8 VT0.25 8 8600 50596 18146 -32450
VT0.25_8 VT0.25 8 8700 52071 19020 -33051
VT0.25_8 VT0.25 8 8800 47924 18232 -29692
VT0.25_8 VT0.25 8 8900 43177 18761 -24416
VT0.25_8 VT0.25 8 9000 47338 18557 -28781
VT0.25_8 VT0.25 8 9100 42150 18079 -24071
VT0.25_8 VT0.25 8 9200 44898 18068 -26830
VT0.25_8 VT0.25 8 9300 46972 17712 -29260
VT0.25_8 VT0.25 8 9400 41094 16199 -24895
VT0.25_8 VT0.25 8 9500 39654 16958 -22696
VT0.25_8 VT0.25 8 9600 42720 18307 -24413
VT0.25_8 VT0.25 8 9700 41063 17407 -23656
VT0.25_8 VT0.25 8 9800 46482 17929 -28553
VT0.25_8 VT0.25 8 9900 45437 18094 -27343
VT0.25_8 VT0.25 8 10000 45794 18604 -27190
VT0.25_8 VT0.25 8 10100 42142 17445 -24697
VT0.25_8 VT0.25 8 10200 42810 16432 -26378
VT0.25_8 VT0.25 8 10300 42895 17384 -25511
VT0.25_8 VT0.25 8 10400 39843 18423 -21420
VT0.25_8 VT0.25 8 10500 41789 18589 -23200
VT0.25_8 VT0.25 8 10600 40026 18324 -21702
VT0.25_8 VT0.25 8 10700 42862 18638 -24224
VT0.25_8 VT0.25 8 10800 41057 18013 -23044
VT0.25_8 VT0.25 8 10900 39721 17551 -22170
VT0.25_8 VT0.25 8 11000 41970 17877 -24093
VT0.25_8 VT0.25 8 11100 45357 18475 -26882
VT0.25_8 VT0.25 8 11200 46886 17804 -29082
VT0.25_8 VT0.25 8 11300 43614 17619 -25995
VT0.25_8 VT0.25 8 11400 40090 17085 -23005
VT0.25_8 VT0.25 8 11500 41427 18154 -23273
VT0.25_8 VT0.25 8 11600 39571 17495 -22076
VT0.25_8 VT0.25 8 11700 41241 16994 -24247
VT0.25_8 VT0.25 8 11800 39604 16898 -22706
VT0.25_8 VT0.25 8 11900 43874 17044 -26830
VT0.25_8 VT0.25 8 12000 45363 17233 -28130
VT0.25_8 VT0.25 8 12100 47627 17121 -30506
VT0.25_8 VT0.25 8 12200 47850 17171 -30679
VT0.25_8 VT0.25 8 12300 39206 17965 -21241
VT0.25_8 VT0.25 8 12400 40188 18122 -22066
VT0.25_8 VT0.25 8 12500 45681 18613 -27068
VT0.25_8 VT0.25 8 12600 42979 18322 -24657
VT0.25_8 VT0.25 8 12700 42349 18493 -23856
VT0.25_8 VT0.25 8 12800 42315 19084 -23231
VT0.25_8 VT0.25 8 12900 49125 19101 -30024
VT0.25_8 VT0.25 8 13000 45986 18454 -27532
VT0.25_8 VT0.25 8 13100 43247 17511 -25736
VT0.25_8 VT0.25 8 13200 45227 17948 -27279
VT0.25_8 VT0.25 8 13300 44556 18322 -26234
VT0.25_8 VT0.25 8 13400 45566 18091 -27475
VT0.25_8 VT0.25 8 13500 44972 17446 -27526
VT0.25_8 VT0.25 8 13600 46667 17473 -29194
VT0.25_8 VT0.25 8 13700 46039 18642 -27397
VT0.25_8 VT0.25 8 13800 46544 18357 -28187
VT0.25_8 VT0.25 8 13900 38017 17403 -20614
VT0.25_8 VT0.25 8 14000 38923 17117 -21806
VT0.25_8 VT0.25 8 14100 44918 17467 -27451
VT0.25_8 VT0.25 8 14200 42081 17876 -24205
VT0.25_8 VT0.25 8 14300 43278 18892 -24386
VT0.25_8 VT0.25 8 14400 46040 17363 -28677
VT0.25_8 VT0.25 8 14500 46855 17050 -29805
VT0.25_8 VT0.25 8 14600 40545 16243 -24302
VT0.25_8 VT0.25 8 14700 43125 17541 -25584
VT0.25_8 VT0.25 8 14800 42369 17808 -24561
VT0.25_8 VT0.25 8 14900 41043 17413 -23630
VT0.25_8 VT0.25 8 15000 40967 17955 -23012
VT0.25_8 VT0.25 8 15100 40052 19201 -20851
VT0.25_8 VT0.25 8 15200 38360 19998 -18362
VT0.25_8 VT0.25 8 15300 41795 18749 -23046
VT0.25_8 VT0.25 8 15400 45281 17527 -27754
VT0.25_8 VT0.25 8 15500 46508 17563 -28945
VT0.25_8 VT0.25 8 15600 50773 17679 -33094
VT0.25_8 VT0.25 8 15700 47400 18104 -29296
VT0.25_8 VT0.25 8 15800 44295 17899 -26396
VT0.25_8 VT0.25 8 15900 40111 17503 -22608
VT0.25_8 VT0.25 8 16000 38588 16896 -21692
VT0.25_8 VT0.25 8 16100 38894 16362 -22532
VT0.25_8 VT0.25 8 16200 38693 16458 -22235
VT0.25_8 VT0.25 8 16300 38698 16785 -21913
VT0.25_8 VT0.25 8 16400 44344 17457 -26887
VT0.25_8 VT0.25 8 16500 43700 18481 -25219
VT0.25_8 VT0.25 8 16600 37487 18821 -18666
VT0.25_8 VT0.25 8 16700 38692 18800 -19892
VT0.25_8 VT0.25 8 16800 37419 19066 -18353
VT0.25_8 VT0.25 8 16900 38993 18531 -20462
VT0.25_8 VT0.25 8 17000 42096 19705 -22391
VT0.25_8 VT0.25 8 17100 40869 18881 -21988
VT0.25_8 VT0.25 8 17200 38918 18116 -20802
VT0.25_8 VT0.25 8 17300 44584 18267 -26317
VT0.25_8 VT0.25 8 17400 45379 17261 -28118
VT0.25_8 VT0.25 8 17500 45756 16712 -29044
VT0.25_8 VT0.25 8 17600 43582 17456 -26126
VT0.25_8 VT0.25 8 17700 42089 17312 -24777
VT0.25_8 VT0.25 8 17800 40616 16117 -24499
VT0.25_8 VT0.25 8 17900 38757 16869 -21888
VT0.25_8 VT0.25 8 18000 43913 16605 -27308
VT0.25_8 VT0.25 8 18100 40811 16312 -24499
VT0.25_8 VT0.25 8 18200 42223 16717 -25506
VT0.25_8 VT0.25 8 18300 41803 16132 -25671
VT0.25_8 VT0.25 8 18400 39134 16446 -22688
VT0.25_8 VT0.25 8 18500 41706 16131 -25575
VT0.25_8 VT0.25 8 18600 44120 16208 -27912
VT0.25_8 VT0.25 8 18700 47711 16534 -31177
VT0.25_8 VT0.25 8 18800 42110 16744 -25366
VT0.25_8 VT0.25 8 18900 41747 17109 -24638
VT0.25_8 VT0.25 8 19000 40186 17064 -23122
VT0.25_8 VT0.25 8 19100 40103 16570 -23533
VT0.25_8 VT0.25 8 19200 43209 17292 -25917
VT0.25_8 VT0.25 8 19300 55083 17706 -37377
VT0.25_8 VT0.25 8 19400 52706 16495 -36211
VT0.25_8 VT0.25 8 19500 45317 17842 -27475
VT0.25_8 VT0.25 8 19600 39678 17839 -21839
VT0.25_8 VT0.25 8 19700 45396 17450 -27946
VT0.25_8 VT0.25 8 19800 46335 17730 -28605
VT0.25_8 VT0.25 8 19900 42773 16395 -26378
VT0.25_8 VT0.25 8 20000 43445 16418 -27027
VT0.25_9 VT0.25 9 0 0 0 0
VT0.25_9 VT0.25 9 100 26 1109 1083
VT0.25_9 VT0.25 9 200 399 9166 8767
VT0.25_9 VT0.25 9 300 616 16416 15800
VT0.25_9 VT0.25 9 400 806 22151 21345
VT0.25_9 VT0.25 9 500 1101 28815 27714
VT0.25_9 VT0.25 9 600 1603 34763 33160
VT0.25_9 VT0.25 9 700 8242 39775 31533
VT0.25_9 VT0.25 9 800 44492 57426 12934
VT0.25_9 VT0.25 9 900 71907 54171 -17736
VT0.25_9 VT0.25 9 1000 57942 43363 -14579
VT0.25_9 VT0.25 9 1100 46131 36204 -9927
VT0.25_9 VT0.25 9 1200 43552 30350 -13202
VT0.25_9 VT0.25 9 1300 40703 26292 -14411
VT0.25_9 VT0.25 9 1400 44083 21856 -22227
VT0.25_9 VT0.25 9 1500 44270 20388 -23882
VT0.25_9 VT0.25 9 1600 48991 19043 -29948
VT0.25_9 VT0.25 9 1700 47500 18291 -29209
VT0.25_9 VT0.25 9 1800 43904 16864 -27040
VT0.25_9 VT0.25 9 1900 45732 15993 -29739
VT0.25_9 VT0.25 9 2000 42952 14051 -28901
VT0.25_9 VT0.25 9 2100 51819 14343 -37476
VT0.25_9 VT0.25 9 2200 55009 15163 -39846
VT0.25_9 VT0.25 9 2300 46156 15388 -30768
VT0.25_9 VT0.25 9 2400 48073 17176 -30897
VT0.25_9 VT0.25 9 2500 49810 16803 -33007
VT0.25_9 VT0.25 9 2600 44474 17733 -26741
VT0.25_9 VT0.25 9 2700 44005 18347 -25658
VT0.25_9 VT0.25 9 2800 47930 18441 -29489
VT0.25_9 VT0.25 9 2900 43659 18426 -25233
VT0.25_9 VT0.25 9 3000 51232 19048 -32184
VT0.25_9 VT0.25 9 3100 53237 20065 -33172
VT0.25_9 VT0.25 9 3200 52278 20480 -31798
VT0.25_9 VT0.25 9 3300 57490 20012 -37478
VT0.25_9 VT0.25 9 3400 57345 19562 -37783
VT0.25_9 VT0.25 9 3500 57193 18919 -38274
VT0.25_9 VT0.25 9 3600 54422 18618 -35804
VT0.25_9 VT0.25 9 3700 53057 18256 -34801
VT0.25_9 VT0.25 9 3800 46992 18313 -28679
VT0.25_9 VT0.25 9 3900 53076 19453 -33623
VT0.25_9 VT0.25 9 4000 51480 20585 -30895
VT0.25_9 VT0.25 9 4100 54604 20875 -33729
VT0.25_9 VT0.25 9 4200 52549 20080 -32469
VT0.25_9 VT0.25 9 4300 54056 19892 -34164
VT0.25_9 VT0.25 9 4400 54948 19762 -35186
VT0.25_9 VT0.25 9 4500 52311 19606 -32705
VT0.25_9 VT0.25 9 4600 45464 19614 -25850
VT0.25_9 VT0.25 9 4700 46260 21378 -24882
VT0.25_9 VT0.25 9 4800 51434 21474 -29960
VT0.25_9 VT0.25 9 4900 51226 22100 -29126
VT0.25_9 VT0.25 9 5000 50269 20349 -29920
VT0.25_9 VT0.25 9 5100 54549 20398 -34151
VT0.25_9 VT0.25 9 5200 51288 19995 -31293
VT0.25_9 VT0.25 9 5300 48245 19470 -28775
VT0.25_9 VT0.25 9 5400 46555 18958 -27597
VT0.25_9 VT0.25 9 5500 46786 18978 -27808
VT0.25_9 VT0.25 9 5600 44484 19057 -25427
VT0.25_9 VT0.25 9 5700 49830 19915 -29915
VT0.25_9 VT0.25 9 5800 51511 18965 -32546
VT0.25_9 VT0.25 9 5900 49967 19922 -30045
VT0.25_9 VT0.25 9 6000 50852 19010 -31842
VT0.25_9 VT0.25 9 6100 52624 19229 -33395
VT0.25_9 VT0.25 9 6200 51724 18632 -33092
VT0.25_9 VT0.25 9 6300 58900 19414 -39486
VT0.25_9 VT0.25 9 6400 52948 19008 -33940
VT0.25_9 VT0.25 9 6500 47708 18774 -28934
VT0.25_9 VT0.25 9 6600 47650 18684 -28966
VT0.25_9 VT0.25 9 6700 49908 18759 -31149
VT0.25_9 VT0.25 9 6800 50622 17653 -32969
VT0.25_9 VT0.25 9 6900 50297 17436 -32861
VT0.25_9 VT0.25 9 7000 50226 17538 -32688
VT0.25_9 VT0.25 9 7100 48727 16185 -32542
VT0.25_9 VT0.25 9 7200 54109 16245 -37864
VT0.25_9 VT0.25 9 7300 51475 16914 -34561
VT0.25_9 VT0.25 9 7400 44284 16885 -27399
VT0.25_9 VT0.25 9 7500 47478 17107 -30371
VT0.25_9 VT0.25 9 7600 46453 17714 -28739
VT0.25_9 VT0.25 9 7700 45711 18092 -27619
VT0.25_9 VT0.25 9 7800 42348 18731 -23617
VT0.25_9 VT0.25 9 7900 47672 17469 -30203
VT0.25_9 VT0.25 9 8000 44352 17286 -27066
VT0.25_9 VT0.25 9 8100 43595 17686 -25909
VT0.25_9 VT0.25 9 8200 49623 18447 -31176
VT0.25_9 VT0.25 9 8300 59065 17639 -41426
VT0.25_9 VT0.25 9 8400 51235 17577 -33658
VT0.25_9 VT0.25 9 8500 49771 16560 -33211
VT0.25_9 VT0.25 9 8600 48838 16954 -31884
VT0.25_9 VT0.25 9 8700 50585 16699 -33886
VT0.25_9 VT0.25 9 8800 53533 17666 -35867
VT0.25_9 VT0.25 9 8900 48506 17938 -30568
VT0.25_9 VT0.25 9 9000 49489 17920 -31569
VT0.25_9 VT0.25 9 9100 41217 17224 -23993
VT0.25_9 VT0.25 9 9200 42479 17499 -24980
VT0.25_9 VT0.25 9 9300 45811 17595 -28216
VT0.25_9 VT0.25 9 9400 49038 17156 -31882
VT0.25_9 VT0.25 9 9500 50467 17790 -32677
VT0.25_9 VT0.25 9 9600 42751 16836 -25915
VT0.25_9 VT0.25 9 9700 44657 17110 -27547
VT0.25_9 VT0.25 9 9800 52683 18006 -34677
VT0.25_9 VT0.25 9 9900 42481 17632 -24849
VT0.25_9 VT0.25 9 10000 44201 18497 -25704
VT0.25_9 VT0.25 9 10100 45092 19362 -25730
VT0.25_9 VT0.25 9 10200 44446 18632 -25814
VT0.25_9 VT0.25 9 10300 46211 20430 -25781
VT0.25_9 VT0.25 9 10400 44607 19263 -25344
VT0.25_9 VT0.25 9 10500 43177 19128 -24049
VT0.25_9 VT0.25 9 10600 45317 18742 -26575
VT0.25_9 VT0.25 9 10700 45734 19922 -25812
VT0.25_9 VT0.25 9 10800 46532 20158 -26374
VT0.25_9 VT0.25 9 10900 42344 17976 -24368
VT0.25_9 VT0.25 9 11000 43992 18148 -25844
VT0.25_9 VT0.25 9 11100 45093 18106 -26987
VT0.25_9 VT0.25 9 11200 45943 18322 -27621
VT0.25_9 VT0.25 9 11300 45076 16766 -28310
VT0.25_9 VT0.25 9 11400 38300 16524 -21776
VT0.25_9 VT0.25 9 11500 44131 15960 -28171
VT0.25_9 VT0.25 9 11600 44369 16300 -28069
VT0.25_9 VT0.25 9 11700 45522 16841 -28681
VT0.25_9 VT0.25 9 11800 48367 17406 -30961
VT0.25_9 VT0.25 9 11900 45754 16998 -28756
VT0.25_9 VT0.25 9 12000 43531 16328 -27203
VT0.25_9 VT0.25 9 12100 44740 16234 -28506
VT0.25_9 VT0.25 9 12200 46192 16567 -29625
VT0.25_9 VT0.25 9 12300 48207 16600 -31607
VT0.25_9 VT0.25 9 12400 51621 16547 -35074
VT0.25_9 VT0.25 9 12500 43911 17002 -26909
VT0.25_9 VT0.25 9 12600 46403 18702 -27701
VT0.25_9 VT0.25 9 12700 46540 18682 -27858
VT0.25_9 VT0.25 9 12800 47189 17467 -29722
VT0.25_9 VT0.25 9 12900 47747 18063 -29684
VT0.25_9 VT0.25 9 13000 41725 17649 -24076
VT0.25_9 VT0.25 9 13100 39038 17358 -21680
VT0.25_9 VT0.25 9 13200 41408 17574 -23834
VT0.25_9 VT0.25 9 13300 47420 19666 -27754
VT0.25_9 VT0.25 9 13400 49015 18929 -30086
VT0.25_9 VT0.25 9 13500 49503 19643 -29860
VT0.25_9 VT0.25 9 13600 42949 20475 -22474
VT0.25_9 VT0.25 9 13700 45964 20838 -25126
VT0.25_9 VT0.25 9 13800 45189 20374 -24815
VT0.25_9 VT0.25 9 13900 45157 20505 -24652
VT0.25_9 VT0.25 9 14000 40776 19580 -21196
VT0.25_9 VT0.25 9 14100 42772 19371 -23401
VT0.25_9 VT0.25 9 14200 47091 18692 -28399
VT0.25_9 VT0.25 9 14300 47845 18386 -29459
VT0.25_9 VT0.25 9 14400 45381 18257 -27124
VT0.25_9 VT0.25 9 14500 47487 18864 -28623
VT0.25_9 VT0.25 9 14600 45733 18795 -26938
VT0.25_9 VT0.25 9 14700 47301 19514 -27787
VT0.25_9 VT0.25 9 14800 46328 18412 -27916
VT0.25_9 VT0.25 9 14900 47229 18351 -28878
VT0.25_9 VT0.25 9 15000 46354 17868 -28486
VT0.25_9 VT0.25 9 15100 47074 17253 -29821
VT0.25_9 VT0.25 9 15200 42984 16405 -26579
VT0.25_9 VT0.25 9 15300 44193 17602 -26591
VT0.25_9 VT0.25 9 15400 42319 18179 -24140
VT0.25_9 VT0.25 9 15500 43453 17432 -26021
VT0.25_9 VT0.25 9 15600 48517 17940 -30577
VT0.25_9 VT0.25 9 15700 48053 18672 -29381
VT0.25_9 VT0.25 9 15800 50653 18028 -32625
VT0.25_9 VT0.25 9 15900 46529 16406 -30123
VT0.25_9 VT0.25 9 16000 48698 16439 -32259
VT0.25_9 VT0.25 9 16100 48164 16792 -31372
VT0.25_9 VT0.25 9 16200 43047 17483 -25564
VT0.25_9 VT0.25 9 16300 42196 17762 -24434
VT0.25_9 VT0.25 9 16400 42684 18064 -24620
VT0.25_9 VT0.25 9 16500 43680 18507 -25173
VT0.25_9 VT0.25 9 16600 44828 18192 -26636
VT0.25_9 VT0.25 9 16700 43285 18266 -25019
VT0.25_9 VT0.25 9 16800 42090 17512 -24578
VT0.25_9 VT0.25 9 16900 42785 16767 -26018
VT0.25_9 VT0.25 9 17000 39441 16130 -23311
VT0.25_9 VT0.25 9 17100 42443 16388 -26055
VT0.25_9 VT0.25 9 17200 44026 16731 -27295
VT0.25_9 VT0.25 9 17300 39486 16730 -22756
VT0.25_9 VT0.25 9 17400 41364 18012 -23352
VT0.25_9 VT0.25 9 17500 45345 18832 -26513
VT0.25_9 VT0.25 9 17600 47578 17898 -29680
VT0.25_9 VT0.25 9 17700 47501 17937 -29564
VT0.25_9 VT0.25 9 17800 39721 16448 -23273
VT0.25_9 VT0.25 9 17900 47453 17007 -30446
VT0.25_9 VT0.25 9 18000 46681 16399 -30282
VT0.25_9 VT0.25 9 18100 42161 16901 -25260
VT0.25_9 VT0.25 9 18200 41901 17614 -24287
VT0.25_9 VT0.25 9 18300 47725 17775 -29950
VT0.25_9 VT0.25 9 18400 44231 16944 -27287
VT0.25_9 VT0.25 9 18500 47083 17417 -29666
VT0.25_9 VT0.25 9 18600 51275 17449 -33826
VT0.25_9 VT0.25 9 18700 45585 16188 -29397
VT0.25_9 VT0.25 9 18800 44844 16090 -28754
VT0.25_9 VT0.25 9 18900 42429 16201 -26228
VT0.25_9 VT0.25 9 19000 43290 16806 -26484
VT0.25_9 VT0.25 9 19100 42581 17872 -24709
VT0.25_9 VT0.25 9 19200 42122 18329 -23793
VT0.25_9 VT0.25 9 19300 52996 18495 -34501
VT0.25_9 VT0.25 9 19400 46490 18433 -28057
VT0.25_9 VT0.25 9 19500 44469 17993 -26476
VT0.25_9 VT0.25 9 19600 46280 18826 -27454
VT0.25_9 VT0.25 9 19700 48851 19008 -29843
VT0.25_9 VT0.25 9 19800 43544 20423 -23121
VT0.25_9 VT0.25 9 19900 42890 19075 -23815
VT0.25_9 VT0.25 9 20000 45297 18252 -27045
VT0.25_10 VT0.25 10 0 0 0 0
VT0.25_10 VT0.25 10 100 18 1160 1142
VT0.25_10 VT0.25 10 200 398 9472 9074
VT0.25_10 VT0.25 10 300 660 16597 15937
VT0.25_10 VT0.25 10 400 858 22220 21362
VT0.25_10 VT0.25 10 500 1879 29375 27496
VT0.25_10 VT0.25 10 600 14691 41770 27079
VT0.25_10 VT0.25 10 700 147883 67878 -80005
VT0.25_10 VT0.25 10 800 234984 69743 -165241
VT0.25_10 VT0.25 10 900 234960 64196 -170764
VT0.25_10 VT0.25 10 1000 189857 56097 -133760
VT0.25_10 VT0.25 10 1100 136899 42449 -94450
VT0.25_10 VT0.25 10 1200 117479 33632 -83847
VT0.25_10 VT0.25 10 1300 87267 24798 -62469
VT0.25_10 VT0.25 10 1400 94553 22865 -71688
VT0.25_10 VT0.25 10 1500 106982 21664 -85318
VT0.25_10 VT0.25 10 1600 102916 19875 -83041
VT0.25_10 VT0.25 10 1700 93684 18074 -75610
VT0.25_10 VT0.25 10 1800 96945 17721 -79224
VT0.25_10 VT0.25 10 1900 100123 18465 -81658
VT0.25_10 VT0.25 10 2000 124461 18632 -105829
VT0.25_10 VT0.25 10 2100 139181 18839 -120342
VT0.25_10 VT0.25 10 2200 140382 19520 -120862
VT0.25_10 VT0.25 10 2300 144450 21188 -123262
VT0.25_10 VT0.25 10 2400 137033 21006 -116027
VT0.25_10 VT0.25 10 2500 107202 21019 -86183
VT0.25_10 VT0.25 10 2600 81126 20177 -60949
VT0.25_10 VT0.25 10 2700 61929 19653 -42276
VT0.25_10 VT0.25 10 2800 65255 20759 -44496
VT0.25_10 VT0.25 10 2900 60362 20582 -39780
VT0.25_10 VT0.25 10 3000 49693 19697 -29996
VT0.25_10 VT0.25 10 3100 52892 18874 -34018
VT0.25_10 VT0.25 10 3200 54451 19088 -35363
VT0.25_10 VT0.25 10 3300 53670 19896 -33774
VT0.25_10 VT0.25 10 3400 49080 19267 -29813
VT0.25_10 VT0.25 10 3500 49986 17869 -32117
VT0.25_10 VT0.25 10 3600 47464 18445 -29019
VT0.25_10 VT0.25 10 3700 54408 19081 -35327
VT0.25_10 VT0.25 10 3800 51897 19557 -32340
VT0.25_10 VT0.25 10 3900 51538 19644 -31894
VT0.25_10 VT0.25 10 4000 56728 19877 -36851
VT0.25_10 VT0.25 10 4100 52034 18693 -33341
VT0.25_10 VT0.25 10 4200 52965 18076 -34889
VT0.25_10 VT0.25 10 4300 55977 18354 -37623
VT0.25_10 VT0.25 10 4400 60935 18001 -42934
VT0.25_10 VT0.25 10 4500 61378 17938 -43440
VT0.25_10 VT0.25 10 4600 56515 17396 -39119
VT0.25_10 VT0.25 10 4700 51144 17630 -33514
VT0.25_10 VT0.25 10 4800 55449 18402 -37047
VT0.25_10 VT0.25 10 4900 50124 17458 -32666
VT0.25_10 VT0.25 10 5000 49409 16401 -33008
VT0.25_10 VT0.25 10 5100 41236 14348 -26888
VT0.25_10 VT0.25 10 5200 30841 12751 -18090
VT0.25_10 VT0.25 10 5300 25875 13214 -12661
VT0.25_10 VT0.25 10 5400 23158 13682 -9476
VT0.25_10 VT0.25 10 5500 23519 13511 -10008
VT0.25_10 VT0.25 10 5600 23359 14667 -8692
VT0.25_10 VT0.25 10 5700 22552 15444 -7108
VT0.25_10 VT0.25 10 5800 20910 15150 -5760
VT0.25_10 VT0.25 10 5900 21327 15679 -5648
VT0.25_10 VT0.25 10 6000 21075 15285 -5790
VT0.25_10 VT0.25 10 6100 20871 16018 -4853
VT0.25_10 VT0.25 10 6200 21041 16194 -4847
VT0.25_10 VT0.25 10 6300 22092 15403 -6689
VT0.25_10 VT0.25 10 6400 21315 15001 -6314
VT0.25_10 VT0.25 10 6500 21612 14511 -7101
VT0.25_10 VT0.25 10 6600 21060 14000 -7060
VT0.25_10 VT0.25 10 6700 20657 14198 -6459
VT0.25_10 VT0.25 10 6800 19902 13904 -5998
VT0.25_10 VT0.25 10 6900 19610 13810 -5800
VT0.25_10 VT0.25 10 7000 18641 14346 -4295
VT0.25_10 VT0.25 10 7100 20017 15079 -4938
VT0.25_10 VT0.25 10 7200 19584 16249 -3335
VT0.25_10 VT0.25 10 7300 21827 15620 -6207
VT0.25_10 VT0.25 10 7400 21148 15621 -5527
VT0.25_10 VT0.25 10 7500 20703 16121 -4582
VT0.25_10 VT0.25 10 7600 21077 15282 -5795
VT0.25_10 VT0.25 10 7700 22031 15225 -6806
VT0.25_10 VT0.25 10 7800 20878 14793 -6085
VT0.25_10 VT0.25 10 7900 20681 15633 -5048
VT0.25_10 VT0.25 10 8000 20535 15955 -4580
VT0.25_10 VT0.25 10 8100 21688 17007 -4681
VT0.25_10 VT0.25 10 8200 21217 17233 -3984
VT0.25_10 VT0.25 10 8300 22083 16449 -5634
VT0.25_10 VT0.25 10 8400 22340 16357 -5983
VT0.25_10 VT0.25 10 8500 20708 15595 -5113
VT0.25_10 VT0.25 10 8600 21176 15122 -6054
VT0.25_10 VT0.25 10 8700 20733 15938 -4795
VT0.25_10 VT0.25 10 8800 21437 15320 -6117
VT0.25_10 VT0.25 10 8900 20809 15255 -5554
VT0.25_10 VT0.25 10 9000 22237 15298 -6939
VT0.25_10 VT0.25 10 9100 20491 15580 -4911
VT0.25_10 VT0.25 10 9200 19822 15178 -4644
VT0.25_10 VT0.25 10 9300 20235 15836 -4399
VT0.25_10 VT0.25 10 9400 20929 16382 -4547
VT0.25_10 VT0.25 10 9500 21879 16112 -5767
VT0.25_10 VT0.25 10 9600 21211 15993 -5218
VT0.25_10 VT0.25 10 9700 21637 15886 -5751
VT0.25_10 VT0.25 10 9800 22119 16963 -5156
VT0.25_10 VT0.25 10 9900 23435 16534 -6901
VT0.25_10 VT0.25 10 10000 23383 15637 -7746
VT0.25_10 VT0.25 10 10100 22710 14639 -8071
VT0.25_10 VT0.25 10 10200 23160 14597 -8563
VT0.25_10 VT0.25 10 10300 23720 15608 -8112
VT0.25_10 VT0.25 10 10400 21156 15648 -5508
VT0.25_10 VT0.25 10 10500 20975 15107 -5868
VT0.25_10 VT0.25 10 10600 21413 16084 -5329
VT0.25_10 VT0.25 10 10700 21272 15953 -5319
VT0.25_10 VT0.25 10 10800 21267 16214 -5053
VT0.25_10 VT0.25 10 10900 21593 16227 -5366
VT0.25_10 VT0.25 10 11000 20357 15750 -4607
VT0.25_10 VT0.25 10 11100 21470 15164 -6306
VT0.25_10 VT0.25 10 11200 21513 14855 -6658
VT0.25_10 VT0.25 10 11300 21410 15481 -5929
VT0.25_10 VT0.25 10 11400 21645 15737 -5908
VT0.25_10 VT0.25 10 11500 20303 15916 -4387
VT0.25_10 VT0.25 10 11600 20799 15982 -4817
VT0.25_10 VT0.25 10 11700 21316 15472 -5844
VT0.25_10 VT0.25 10 11800 21564 16067 -5497
VT0.25_10 VT0.25 10 11900 22669 16695 -5974
VT0.25_10 VT0.25 10 12000 22312 17245 -5067
VT0.25_10 VT0.25 10 12100 21838 15601 -6237
VT0.25_10 VT0.25 10 12200 21600 15545 -6055
VT0.25_10 VT0.25 10 12300 20690 15629 -5061
VT0.25_10 VT0.25 10 12400 21803 15882 -5921
VT0.25_10 VT0.25 10 12500 20576 15880 -4696
VT0.25_10 VT0.25 10 12600 20381 16882 -3499
VT0.25_10 VT0.25 10 12700 19977 16671 -3306
VT0.25_10 VT0.25 10 12800 20497 17150 -3347
VT0.25_10 VT0.25 10 12900 20293 16421 -3872
VT0.25_10 VT0.25 10 13000 20010 15951 -4059
VT0.25_10 VT0.25 10 13100 20563 16396 -4167
VT0.25_10 VT0.25 10 13200 20653 16285 -4368
VT0.25_10 VT0.25 10 13300 20272 15700 -4572
VT0.25_10 VT0.25 10 13400 21131 16033 -5098
VT0.25_10 VT0.25 10 13500 22265 16790 -5475
VT0.25_10 VT0.25 10 13600 23738 15360 -8378
VT0.25_10 VT0.25 10 13700 21835 14880 -6955
VT0.25_10 VT0.25 10 13800 20693 15353 -5340
VT0.25_10 VT0.25 10 13900 20183 15786 -4397
VT0.25_10 VT0.25 10 14000 20622 15180 -5442
VT0.25_10 VT0.25 10 14100 20808 15492 -5316
VT0.25_10 VT0.25 10 14200 22420 16268 -6152
VT0.25_10 VT0.25 10 14300 21854 16636 -5218
VT0.25_10 VT0.25 10 14400 22254 16891 -5363
VT0.25_10 VT0.25 10 14500 20962 15765 -5197
VT0.25_10 VT0.25 10 14600 21964 15769 -6195
VT0.25_10 VT0.25 10 14700 22392 16366 -6026
VT0.25_10 VT0.25 10 14800 21737 15890 -5847
VT0.25_10 VT0.25 10 14900 22232 15937 -6295
VT0.25_10 VT0.25 10 15000 22141 16404 -5737
VT0.25_10 VT0.25 10 15100 20648 17152 -3496
VT0.25_10 VT0.25 10 15200 22034 16707 -5327
VT0.25_10 VT0.25 10 15300 21993 16734 -5259
VT0.25_10 VT0.25 10 15400 22668 16667 -6001
VT0.25_10 VT0.25 10 15500 22312 16813 -5499
VT0.25_10 VT0.25 10 15600 21560 16114 -5446
VT0.25_10 VT0.25 10 15700 21122 15832 -5290
VT0.25_10 VT0.25 10 15800 21408 16010 -5398
VT0.25_10 VT0.25 10 15900 21361 16208 -5153
VT0.25_10 VT0.25 10 16000 22341 15095 -7246
VT0.25_10 VT0.25 10 16100 20284 14435 -5849
VT0.25_10 VT0.25 10 16200 20347 14341 -6006
VT0.25_10 VT0.25 10 16300 20309 14618 -5691
VT0.25_10 VT0.25 10 16400 20781 15137 -5644
VT0.25_10 VT0.25 10 16500 20923 15435 -5488
VT0.25_10 VT0.25 10 16600 21512 15613 -5899
VT0.25_10 VT0.25 10 16700 21459 15181 -6278
VT0.25_10 VT0.25 10 16800 23144 15613 -7531
VT0.25_10 VT0.25 10 16900 21901 15869 -6032
VT0.25_10 VT0.25 10 17000 20631 14990 -5641
VT0.25_10 VT0.25 10 17100 19857 14534 -5323
VT0.25_10 VT0.25 10 17200 21201 14906 -6295
VT0.25_10 VT0.25 10 17300 20867 14807 -6060
VT0.25_10 VT0.25 10 17400 19971 15592 -4379
VT0.25_10 VT0.25 10 17500 20457 16171 -4286
VT0.25_10 VT0.25 10 17600 21764 16287 -5477
VT0.25_10 VT0.25 10 17700 22398 15660 -6738
VT0.25_10 VT0.25 10 17800 21315 15072 -6243
VT0.25_10 VT0.25 10 17900 21732 14988 -6744
VT0.25_10 VT0.25 10 18000 21203 14948 -6255
VT0.25_10 VT0.25 10 18100 20749 15030 -5719
VT0.25_10 VT0.25 10 18200 20448 14843 -5605
VT0.25_10 VT0.25 10 18300 21206 15990 -5216
VT0.25_10 VT0.25 10 18400 20486 16151 -4335
VT0.25_10 VT0.25 10 18500 21496 15900 -5596
VT0.25_10 VT0.25 10 18600 19981 15327 -4654
VT0.25_10 VT0.25 10 18700 21358 14934 -6424
VT0.25_10 VT0.25 10 18800 20653 15251 -5402
VT0.25_10 VT0.25 10 18900 20557 16105 -4452
VT0.25_10 VT0.25 10 19000 20778 17453 -3325
VT0.25_10 VT0.25 10 19100 21669 17351 -4318
VT0.25_10 VT0.25 10 19200 22450 16969 -5481
VT0.25_10 VT0.25 10 19300 22470 17701 -4769
VT0.25_10 VT0.25 10 19400 21623 16385 -5238
VT0.25_10 VT0.25 10 19500 22571 16186 -6385
VT0.25_10 VT0.25 10 19600 22822 16755 -6067
VT0.25_10 VT0.25 10 19700 23770 15303 -8467
VT0.25_10 VT0.25 10 19800 23651 15939 -7712
VT0.25_10 VT0.25 10 19900 22343 15659 -6684
VT0.25_10 VT0.25 10 20000 23569 16238 -7331
VT0.5_1 VT0.5 1 0 0 0 0
VT0.5_1 VT0.5 1 100 44 1487 1443
VT0.5_1 VT0.5 1 200 470 10101 9631
VT0.5_1 VT0.5 1 300 783 17165 16382
VT0.5_1 VT0.5 1 400 1021 22905 21884
VT0.5_1 VT0.5 1 500 1263 28754 27491
VT0.5_1 VT0.5 1 600 969 27324 26355
VT0.5_1 VT0.5 1 700 643 14821 14178
VT0.5_1 VT0.5 1 800 12948 36914 23966
VT0.5_1 VT0.5 1 900 19324 41105 21781
VT0.5_1 VT0.5 1 1000 23826 36933 13107
VT0.5_1 VT0.5 1 1100 30528 31493 965
VT0.5_1 VT0.5 1 1200 28912 30665 1753
VT0.5_1 VT0.5 1 1300 30431 29207 -1224
VT0.5_1 VT0.5 1 1400 32855 27108 -5747
VT0.5_1 VT0.5 1 1500 34474 25397 -9077
VT0.5_1 VT0.5 1 1600 36897 22799 -14098
VT0.5_1 VT0.5 1 1700 38799 22736 -16063
VT0.5_1 VT0.5 1 1800 35037 20174 -14863
VT0.5_1 VT0.5 1 1900 35956 18307 -17649
VT0.5_1 VT0.5 1 2000 34075 17515 -16560
VT0.5_1 VT0.5 1 2100 33094 17723 -15371
VT0.5_1 VT0.5 1 2200 34010 18142 -15868
VT0.5_1 VT0.5 1 2300 37123 18146 -18977
VT0.5_1 VT0.5 1 2400 33788 18480 -15308
VT0.5_1 VT0.5 1 2500 35064 18608 -16456
VT0.5_1 VT0.5 1 2600 37205 18372 -18833
VT0.5_1 VT0.5 1 2700 35989 19145 -16844
VT0.5_1 VT0.5 1 2800 37938 20078 -17860
VT0.5_1 VT0.5 1 2900 39299 19777 -19522
VT0.5_1 VT0.5 1 3000 38272 20669 -17603
VT0.5_1 VT0.5 1 3100 41183 21094 -20089
VT0.5_1 VT0.5 1 3200 39155 20871 -18284
VT0.5_1 VT0.5 1 3300 39058 22593 -16465
VT0.5_1 VT0.5 1 3400 40226 23047 -17179
VT0.5_1 VT0.5 1 3500 37987 21875 -16112
VT0.5_1 VT0.5 1 3600 40195 22472 -17723
VT0.5_1 VT0.5 1 3700 40337 20563 -19774
VT0.5_1 VT0.5 1 3800 41590 18743 -22847
VT0.5_1 VT0.5 1 3900 37574 20346 -17228
VT0.5_1 VT0.5 1 4000 38361 21097 -17264
VT0.5_1 VT0.5 1 4100 39521 21830 -17691
VT0.5_1 VT0.5 1 4200 37055 22344 -14711
VT0.5_1 VT0.5 1 4300 38330 23462 -14868
VT0.5_1 VT0.5 1 4400 37562 21993 -15569
VT0.5_1 VT0.5 1 4500 37630 21213 -16417
VT0.5_1 VT0.5 1 4600 34743 22895 -11848
VT0.5_1 VT0.5 1 4700 35478 23504 -11974
VT0.5_1 VT0.5 1 4800 36955 23405 -13550
VT0.5_1 VT0.5 1 4900 37305 21981 -15324
VT0.5_1 VT0.5 1 5000 35288 21454 -13834
VT0.5_1 VT0.5 1 5100 34373 20753 -13620
VT0.5_1 VT0.5 1 5200 37032 21732 -15300
VT0.5_1 VT0.5 1 5300 35259 22869 -12390
VT0.5_1 VT0.5 1 5400 36390 22874 -13516
VT0.5_1 VT0.5 1 5500 36691 22833 -13858
VT0.5_1 VT0.5 1 5600 36410 23694 -12716
VT0.5_1 VT0.5 1 5700 34846 20913 -13933
VT0.5_1 VT0.5 1 5800 36341 20995 -15346
VT0.5_1 VT0.5 1 5900 36096 21018 -15078
VT0.5_1 VT0.5 1 6000 34161 21426 -12735
VT0.5_1 VT0.5 1 6100 34312 20280 -14032
VT0.5_1 VT0.5 1 6200 32488 20711 -11777
VT0.5_1 VT0.5 1 6300 34435 22172 -12263
VT0.5_1 VT0.5 1 6400 33660 20832 -12828
VT0.5_1 VT0.5 1 6500 35907 20056 -15851
VT0.5_1 VT0.5 1 6600 33940 19305 -14635
VT0.5_1 VT0.5 1 6700 34189 21253 -12936
VT0.5_1 VT0.5 1 6800 36491 21345 -15146
VT0.5_1 VT0.5 1 6900 34629 21527 -13102
VT0.5_1 VT0.5 1 7000 36147 20817 -15330
VT0.5_1 VT0.5 1 7100 35876 21081 -14795
VT0.5_1 VT0.5 1 7200 40754 20049 -20705
VT0.5_1 VT0.5 1 7300 40783 20447 -20336
VT0.5_1 VT0.5 1 7400 39303 20630 -18673
VT0.5_1 VT0.5 1 7500 36947 20338 -16609
VT0.5_1 VT0.5 1 7600 38757 20422 -18335
VT0.5_1 VT0.5 1 7700 38272 21188 -17084
VT0.5_1 VT0.5 1 7800 37811 20962 -16849
VT0.5_1 VT0.5 1 7900 39398 22998 -16400
VT0.5_1 VT0.5 1 8000 42422 24507 -17915
VT0.5_1 VT0.5 1 8100 40127 24150 -15977
VT0.5_1 VT0.5 1 8200 39779 22797 -16982
VT0.5_1 VT0.5 1 8300 39169 21529 -17640
VT0.5_1 VT0.5 1 8400 37589 21321 -16268
VT0.5_1 VT0.5 1 8500 35248 20687 -14561
VT0.5_1 VT0.5 1 8600 35336 21175 -14161
VT0.5_1 VT0.5 1 8700 35827 22619 -13208
VT0.5_1 VT0.5 1 8800 36879 23238 -13641
VT0.5_1 VT0.5 1 8900 43613 22848 -20765
VT0.5_1 VT0.5 1 9000 40431 21386 -19045
VT0.5_1 VT0.5 1 9100 38800 22823 -15977
VT0.5_1 VT0.5 1 9200 38852 23666 -15186
VT0.5_1 VT0.5 1 9300 37292 22251 -15041
VT0.5_1 VT0.5 1 9400 36914 22682 -14232
VT0.5_1 VT0.5 1 9500 36454 22540 -13914
VT0.5_1 VT0.5 1 9600 37872 22204 -15668
VT0.5_1 VT0.5 1 9700 38754 22949 -15805
VT0.5_1 VT0.5 1 9800 40635 23339 -17296
VT0.5_1 VT0.5 1 9900 36802 23721 -13081
VT0.5_1 VT0.5 1 10000 35811 23205 -12606
VT0.5_1 VT0.5 1 10100 36726 22792 -13934
VT0.5_1 VT0.5 1 10200 41005 23137 -17868
VT0.5_1 VT0.5 1 10300 38442 21794 -16648
VT0.5_1 VT0.5 1 10400 38874 20631 -18243
VT0.5_1 VT0.5 1 10500 39689 20639 -19050
VT0.5_1 VT0.5 1 10600 41892 19909 -21983
VT0.5_1 VT0.5 1 10700 37654 20377 -17277
VT0.5_1 VT0.5 1 10800 36360 20347 -16013
VT0.5_1 VT0.5 1 10900 37729 21493 -16236
VT0.5_1 VT0.5 1 11000 39165 20788 -18377
VT0.5_1 VT0.5 1 11100 39855 21552 -18303
VT0.5_1 VT0.5 1 11200 38295 22600 -15695
VT0.5_1 VT0.5 1 11300 35109 21873 -13236
VT0.5_1 VT0.5 1 11400 36898 21515 -15383
VT0.5_1 VT0.5 1 11500 36586 19886 -16700
VT0.5_1 VT0.5 1 11600 38890 19214 -19676
VT0.5_1 VT0.5 1 11700 38505 18737 -19768
VT0.5_1 VT0.5 1 11800 37814 18852 -18962
VT0.5_1 VT0.5 1 11900 37360 19888 -17472
VT0.5_1 VT0.5 1 12000 36277 19145 -17132
VT0.5_1 VT0.5 1 12100 36085 20999 -15086
VT0.5_1 VT0.5 1 12200 35429 21388 -14041
VT0.5_1 VT0.5 1 12300 34720 20963 -13757
VT0.5_1 VT0.5 1 12400 36520 21386 -15134
VT0.5_1 VT0.5 1 12500 36322 21641 -14681
VT0.5_1 VT0.5 1 12600 35611 22177 -13434
VT0.5_1 VT0.5 1 12700 34772 20917 -13855
VT0.5_1 VT0.5 1 12800 32130 20040 -12090
VT0.5_1 VT0.5 1 12900 35318 20285 -15033
VT0.5_1 VT0.5 1 13000 39475 20579 -18896
VT0.5_1 VT0.5 1 13100 35125 22530 -12595
VT0.5_1 VT0.5 1 13200 34551 23628 -10923
VT0.5_1 VT0.5 1 13300 36747 24010 -12737
VT0.5_1 VT0.5 1 13400 34909 23712 -11197
VT0.5_1 VT0.5 1 13500 36858 22691 -14167
VT0.5_1 VT0.5 1 13600 36541 22753 -13788
VT0.5_1 VT0.5 1 13700 36118 23072 -13046
VT0.5_1 VT0.5 1 13800 36241 21711 -14530
VT0.5_1 VT0.5 1 13900 34850 22620 -12230
VT0.5_1 VT0.5 1 14000 36664 24049 -12615
VT0.5_1 VT0.5 1 14100 34991 22902 -12089
VT0.5_1 VT0.5 1 14200 36006 23291 -12715
VT0.5_1 VT0.5 1 14300 36529 23689 -12840
VT0.5_1 VT0.5 1 14400 36431 24071 -12360
VT0.5_1 VT0.5 1 14500 33451 24218 -9233
VT0.5_1 VT0.5 1 14600 36496 24845 -11651
VT0.5_1 VT0.5 1 14700 37173 23629 -13544
VT0.5_1 VT0.5 1 14800 38322 25043 -13279
VT0.5_1 VT0.5 1 14900 36669 24537 -12132
VT0.5_1 VT0.5 1 15000 38671 24441 -14230
VT0.5_1 VT0.5 1 15100 38367 23282 -15085
VT0.5_1 VT0.5 1 15200 38672 24371 -14301
VT0.5_1 VT0.5 1 15300 40052 23399 -16653
VT0.5_1 VT0.5 1 15400 39849 23790 -16059
VT0.5_1 VT0.5 1 15500 36686 23799 -12887
VT0.5_1 VT0.5 1 15600 38099 21751 -16348
VT0.5_1 VT0.5 1 15700 36969 22826 -14143
VT0.5_1 VT0.5 1 15800 37246 22795 -14451
VT0.5_1 VT0.5 1 15900 38899 21790 -17109
VT0.5_1 VT0.5 1 16000 39077 21521 -17556
VT0.5_1 VT0.5 1 16100 37217 21157 -16060
VT0.5_1 VT0.5 1 16200 39740 20111 -19629
VT0.5_1 VT0.5 1 16300 40422 20280 -20142
VT0.5_1 VT0.5 1 16400 39368 19505 -19863
VT0.5_1 VT0.5 1 16500 38666 20767 -17899
VT0.5_1 VT0.5 1 16600 39182 21624 -17558
VT0.5_1 VT0.5 1 16700 33661 20889 -12772
VT0.5_1 VT0.5 1 16800 28860 20378 -8482
VT0.5_1 VT0.5 1 16900 24178 19927 -4251
VT0.5_1 VT0.5 1 17000 24800 20067 -4733
VT0.5_1 VT0.5 1 17100 23365 21355 -2010
VT0.5_1 VT0.5 1 17200 25165 21527 -3638
VT0.5_1 VT0.5 1 17300 24980 19963 -5017
VT0.5_1 VT0.5 1 17400 23969 19684 -4285
VT0.5_1 VT0.5 1 17500 23866 19669 -4197
VT0.5_1 VT0.5 1 17600 23594 19759 -3835
VT0.5_1 VT0.5 1 17700 25425 20909 -4516
VT0.5_1 VT0.5 1 17800 23791 20868 -2923
VT0.5_1 VT0.5 1 17900 22907 19428 -3479
VT0.5_1 VT0.5 1 18000 24917 19671 -5246
VT0.5_1 VT0.5 1 18100 25313 20659 -4654
VT0.5_1 VT0.5 1 18200 24607 21762 -2845
VT0.5_1 VT0.5 1 18300 23323 20985 -2338
VT0.5_1 VT0.5 1 18400 24470 19661 -4809
VT0.5_1 VT0.5 1 18500 24333 18028 -6305
VT0.5_1 VT0.5 1 18600 23860 18485 -5375
VT0.5_1 VT0.5 1 18700 24819 19550 -5269
VT0.5_1 VT0.5 1 18800 23451 19792 -3659
VT0.5_1 VT0.5 1 18900 24051 20059 -3992
VT0.5_1 VT0.5 1 19000 25218 20527 -4691
VT0.5_1 VT0.5 1 19100 23808 19922 -3886
VT0.5_1 VT0.5 1 19200 24192 19621 -4571
VT0.5_1 VT0.5 1 19300 23274 19457 -3817
VT0.5_1 VT0.5 1 19400 23063 19538 -3525
VT0.5_1 VT0.5 1 19500 23779 19648 -4131
VT0.5_1 VT0.5 1 19600 24398 18954 -5444
VT0.5_1 VT0.5 1 19700 24762 18900 -5862
VT0.5_1 VT0.5 1 19800 25401 19044 -6357
VT0.5_1 VT0.5 1 19900 24695 19357 -5338
VT0.5_1 VT0.5 1 20000 24280 18268 -6012
VT0.5_2 VT0.5 2 0 0 0 0
VT0.5_2 VT0.5 2 100 30 1454 1424
VT0.5_2 VT0.5 2 200 376 10076 9700
VT0.5_2 VT0.5 2 300 733 17892 17159
VT0.5_2 VT0.5 2 400 943 24236 23293
VT0.5_2 VT0.5 2 500 1214 31176 29962
VT0.5_2 VT0.5 2 600 1410 37346 35936
VT0.5_2 VT0.5 2 700 33606 36002 2396
VT0.5_2 VT0.5 2 800 154439 32090 -122349
VT0.5_2 VT0.5 2 900 122924 32909 -90015
VT0.5_2 VT0.5 2 1000 79069 30912 -48157
VT0.5_2 VT0.5 2 1100 57018 25005 -32013
VT0.5_2 VT0.5 2 1200 45013 23764 -21249
VT0.5_2 VT0.5 2 1300 47069 23378 -23691
VT0.5_2 VT0.5 2 1400 46567 21142 -25425
VT0.5_2 VT0.5 2 1500 46609 20013 -26596
VT0.5_2 VT0.5 2 1600 46317 18507 -27810
VT0.5_2 VT0.5 2 1700 49060 18092 -30968
VT0.5_2 VT0.5 2 1800 50023 18773 -31250
VT0.5_2 VT0.5 2 1900 46198 16436 -29762
VT0.5_2 VT0.5 2 2000 44838 15916 -28922
VT0.5_2 VT0.5 2 2100 42531 15967 -26564
VT0.5_2 VT0.5 2 2200 40784 16519 -24265
VT0.5_2 VT0.5 2 2300 40637 17893 -22744
VT0.5_2 VT0.5 2 2400 40281 19474 -20807
VT0.5_2 VT0.5 2 2500 42062 19954 -22108
VT0.5_2 VT0.5 2 2600 44607 20524 -24083
VT0.5_2 VT0.5 2 2700 45495 20877 -24618
VT0.5_2 VT0.5 2 2800 43390 21911 -21479
VT0.5_2 VT0.5 2 2900 45750 21654 -24096
VT0.5_2 VT0.5 2 3000 46627 21581 -25046
VT0.5_2 VT0.5 2 3100 45139 20528 -24611
VT0.5_2 VT0.5 2 3200 43774 21284 -22490
VT0.5_2 VT0.5 2 3300 44927 21774 -23153
VT0.5_2 VT0.5 2 3400 42650 21676 -20974
VT0.5_2 VT0.5 2 3500 42856 22440 -20416
VT0.5_2 VT0.5 2 3600 46605 23105 -23500
VT0.5_2 VT0.5 2 3700 46698 23123 -23575
VT0.5_2 VT0.5 2 3800 44362 22499 -21863
VT0.5_2 VT0.5 2 3900 42364 22199 -20165
VT0.5_2 VT0.5 2 4000 41302 22749 -18553
VT0.5_2 VT0.5 2 4100 42446 23285 -19161
VT0.5_2 VT0.5 2 4200 42996 21847 -21149
VT0.5_2 VT0.5 2 4300 41779 21859 -19920
VT0.5_2 VT0.5 2 4400 43933 21656 -22277
VT0.5_2 VT0.5 2 4500 42920 22629 -20291
VT0.5_2 VT0.5 2 4600 46393 23847 -22546
VT0.5_2 VT0.5 2 4700 46587 22231 -24356
VT0.5_2 VT0.5 2 4800 47603 21870 -25733
VT0.5_2 VT0.5 2 4900 44510 21880 -22630
VT0.5_2 VT0.5 2 5000 47034 21831 -25203
VT0.5_2 VT0.5 2 5100 42947 22668 -20279
VT0.5_2 VT0.5 2 5200 46646 21988 -24658
VT0.5_2 VT0.5 2 5300 46664 20571 -26093
VT0.5_2 VT0.5 2 5400 48001 20980 -27021
VT0.5_2 VT0.5 2 5500 44653 21101 -23552
VT0.5_2 VT0.5 2 5600 43704 20663 -23041
VT0.5_2 VT0.5 2 5700 44392 20283 -24109
VT0.5_2 VT0.5 2 5800 46131 20516 -25615
VT0.5_2 VT0.5 2 5900 40195 20097 -20098
VT0.5_2 VT0.5 2 6000 46817 20893 -25924
VT0.5_2 VT0.5 2 6100 42711 20956 -21755
VT0.5_2 VT0.5 2 6200 44739 21709 -23030
VT0.5_2 VT0.5 2 6300 43552 22805 -20747
VT0.5_2 VT0.5 2 6400 44968 21622 -23346
VT0.5_2 VT0.5 2 6500 45750 20792 -24958
VT0.5_2 VT0.5 2 6600 35011 21350 -13661
VT0.5_2 VT0.5 2 6700 31920 21014 -10906
VT0.5_2 VT0.5 2 6800 29328 20712 -8616
VT0.5_2 VT0.5 2 6900 28629 20973 -7656
VT0.5_2 VT0.5 2 7000 26257 20434 -5823
VT0.5_2 VT0.5 2 7100 26091 19059 -7032
VT0.5_2 VT0.5 2 7200 25275 18153 -7122
VT0.5_2 VT0.5 2 7300 25154 19768 -5386
VT0.5_2 VT0.5 2 7400 25799 19533 -6266
VT0.5_2 VT0.5 2 7500 25954 19856 -6098
VT0.5_2 VT0.5 2 7600 26032 19693 -6339
VT0.5_2 VT0.5 2 7700 25375 19184 -6191
VT0.5_2 VT0.5 2 7800 25715 19078 -6637
VT0.5_2 VT0.5 2 7900 24711 18187 -6524
VT0.5_2 VT0.5 2 8000 24959 18741 -6218
VT0.5_2 VT0.5 2 8100 27781 19533 -8248
VT0.5_2 VT0.5 2 8200 26825 19989 -6836
VT0.5_2 VT0.5 2 8300 27586 20287 -7299
VT0.5_2 VT0.5 2 8400 26613 21239 -5374
VT0.5_2 VT0.5 2 8500 27001 21218 -5783
VT0.5_2 VT0.5 2 8600 28695 20943 -7752
VT0.5_2 VT0.5 2 8700 26551 20233 -6318
VT0.5_2 VT0.5 2 8800 27106 19875 -7231
VT0.5_2 VT0.5 2 8900 26161 18803 -7358
VT0.5_2 VT0.5 2 9000 24829 18791 -6038
VT0.5_2 VT0.5 2 9100 23819 18867 -4952
VT0.5_2 VT0.5 2 9200 25075 19610 -5465
VT0.5_2 VT0.5 2 9300 24485 20228 -4257
VT0.5_2 VT0.5 2 9400 24671 19240 -5431
VT0.5_2 VT0.5 2 9500 24893 19309 -5584
VT0.5_2 VT0.5 2 9600 24752 19262 -5490
VT0.5_2 VT0.5 2 9700 24701 18719 -5982
VT0.5_2 VT0.5 2 9800 24963 19200 -5763
VT0.5_2 VT0.5 2 9900 25683 18817 -6866
VT0.5_2 VT0.5 2 10000 26033 18748 -7285
VT0.5_2 VT0.5 2 10100 25544 18639 -6905
VT0.5_2 VT0.5 2 10200 24075 19125 -4950
VT0.5_2 VT0.5 2 10300 23404 18870 -4534
VT0.5_2 VT0.5 2 10400 23582 18412 -5170
VT0.5_2 VT0.5 2 10500 25020 17997 -7023
VT0.5_2 VT0.5 2 10600 24989 18773 -6216
VT0.5_2 VT0.5 2 10700 23766 18482 -5284
VT0.5_2 VT0.5 2 10800 23469 18362 -5107
VT0.5_2 VT0.5 2 10900 23797 18608 -5189
VT0.5_2 VT0.5 2 11000 24109 18934 -5175
VT0.5_2 VT0.5 2 11100 24841 19384 -5457
VT0.5_2 VT0.5 2 11200 23427 18397 -5030
VT0.5_2 VT0.5 2 11300 24310 17778 -6532
VT0.5_2 VT0.5 2 11400 23802 18036 -5766
VT0.5_2 VT0.5 2 11500 24863 18531 -6332
VT0.5_2 VT0.5 2 11600 25615 18546 -7069
VT0.5_2 VT0.5 2 11700 27754 19552 -8202
VT0.5_2 VT0.5 2 11800 26606 18715 -7891
VT0.5_2 VT0.5 2 11900 25455 18726 -6729
VT0.5_2 VT0.5 2 12000 25623 18345 -7278
VT0.5_2 VT0.5 2 12100 26441 18525 -7916
VT0.5_2 VT0.5 2 12200 25139 18201 -6938
VT0.5_2 VT0.5 2 12300 23856 19366 -4490
VT0.5_2 VT0.5 2 12400 23733 19620 -4113
VT0.5_2 VT0.5 2 12500 25989 20568 -5421
VT0.5_2 VT0.5 2 12600 25821 20607 -5214
VT0.5_2 VT0.5 2 12700 24168 18888 -5280
VT0.5_2 VT0.5 2 12800 23220 18747 -4473
VT0.5_2 VT0.5 2 12900 24333 18155 -6178
VT0.5_2 VT0.5 2 13000 24389 19067 -5322
VT0.5_2 VT0.5 2 13100 24299 19541 -4758
VT0.5_2 VT0.5 2 13200 24685 20162 -4523
VT0.5_2 VT0.5 2 13300 25240 21054 -4186
VT0.5_2 VT0.5 2 13400 25197 21267 -3930
VT0.5_2 VT0.5 2 13500 25094 19655 -5439
VT0.5_2 VT0.5 2 13600 23660 19322 -4338
VT0.5_2 VT0.5 2 13700 25088 19693 -5395
VT0.5_2 VT0.5 2 13800 24219 19665 -4554
VT0.5_2 VT0.5 2 13900 24671 19133 -5538
VT0.5_2 VT0.5 2 14000 23353 20704 -2649
VT0.5_2 VT0.5 2 14100 25771 21912 -3859
VT0.5_2 VT0.5 2 14200 25899 22089 -3810
VT0.5_2 VT0.5 2 14300 25878 20807 -5071
VT0.5_2 VT0.5 2 14400 24228 20752 -3476
VT0.5_2 VT0.5 2 14500 24389 19580 -4809
VT0.5_2 VT0.5 2 14600 26389 20019 -6370
VT0.5_2 VT0.5 2 14700 27061 19219 -7842
VT0.5_2 VT0.5 2 14800 25138 18869 -6269
VT0.5_2 VT0.5 2 14900 25468 18497 -6971
VT0.5_2 VT0.5 2 15000 25253 19307 -5946
VT0.5_2 VT0.5 2 15100 24340 18605 -5735
VT0.5_2 VT0.5 2 15200 25952 19209 -6743
VT0.5_2 VT0.5 2 15300 24319 18640 -5679
VT0.5_2 VT0.5 2 15400 24774 18610 -6164
VT0.5_2 VT0.5 2 15500 24869 18995 -5874
VT0.5_2 VT0.5 2 15600 22970 18758 -4212
VT0.5_2 VT0.5 2 15700 24324 19771 -4553
VT0.5_2 VT0.5 2 15800 23742 18565 -5177
VT0.5_2 VT0.5 2 15900 23256 18701 -4555
VT0.5_2 VT0.5 2 16000 22012 19104 -2908
VT0.5_2 VT0.5 2 16100 22429 18424 -4005
VT0.5_2 VT0.5 2 16200 24239 18030 -6209
VT0.5_2 VT0.5 2 16300 24367 19311 -5056
VT0.5_2 VT0.5 2 16400 24510 18936 -5574
VT0.5_2 VT0.5 2 16500 25475 19810 -5665
VT0.5_2 VT0.5 2 16600 24554 19894 -4660
VT0.5_2 VT0.5 2 16700 25273 20427 -4846
VT0.5_2 VT0.5 2 16800 24528 19421 -5107
VT0.5_2 VT0.5 2 16900 24505 19426 -5079
VT0.5_2 VT0.5 2 17000 23653 18884 -4769
VT0.5_2 VT0.5 2 17100 23087 19192 -3895
VT0.5_2 VT0.5 2 17200 23511 19266 -4245
VT0.5_2 VT0.5 2 17300 24332 18827 -5505
VT0.5_2 VT0.5 2 17400 24665 18676 -5989
VT0.5_2 VT0.5 2 17500 24372 19893 -4479
VT0.5_2 VT0.5 2 17600 23659 19198 -4461
VT0.5_2 VT0.5 2 17700 23572 19665 -3907
VT0.5_2 VT0.5 2 17800 24462 19595 -4867
VT0.5_2 VT0.5 2 17900 23662 20212 -3450
VT0.5_2 VT0.5 2 18000 23715 19980 -3735
VT0.5_2 VT0.5 2 18100 22956 19490 -3466
VT0.5_2 VT0.5 2 18200 23650 19325 -4325
VT0.5_2 VT0.5 2 18300 24535 19800 -4735
VT0.5_2 VT0.5 2 18400 24358 19598 -4760
VT0.5_2 VT0.5 2 18500 24739 19554 -5185
VT0.5_2 VT0.5 2 18600 23125 18841 -4284
VT0.5_2 VT0.5 2 18700 24239 19233 -5006
VT0.5_2 VT0.5 2 18800 25262 19554 -5708
VT0.5_2 VT0.5 2 18900 25884 19422 -6462
VT0.5_2 VT0.5 2 19000 25256 19399 -5857
VT0.5_2 VT0.5 2 19100 25663 18965 -6698
VT0.5_2 VT0.5 2 19200 25064 17818 -7246
VT0.5_2 VT0.5 2 19300 26040 18410 -7630
VT0.5_2 VT0.5 2 19400 24824 18649 -6175
VT0.5_2 VT0.5 2 19500 25178 18272 -6906
VT0.5_2 VT0.5 2 19600 24837 18033 -6804
VT0.5_2 VT0.5 2 19700 23399 19237 -4162
VT0.5_2 VT0.5 2 19800 23972 19773 -4199
VT0.5_2 VT0.5 2 19900 23869 19369 -4500
VT0.5_2 VT0.5 2 20000 23304 19357 -3947
VT0.5_3 VT0.5 3 0 0 0 0
VT0.5_3 VT0.5 3 100 30 1451 1421
VT0.5_3 VT0.5 3 200 382 10262 9880
VT0.5_3 VT0.5 3 300 739 18254 17515
VT0.5_3 VT0.5 3 400 999 24170 23171
VT0.5_3 VT0.5 3 500 1232 30650 29418
VT0.5_3 VT0.5 3 600 1257 33180 31923
VT0.5_3 VT0.5 3 700 1427 25887 24460
VT0.5_3 VT0.5 3 800 14184 41722 27538
VT0.5_3 VT0.5 3 900 17778 42015 24237
VT0.5_3 VT0.5 3 1000 19591 33307 13716
VT0.5_3 VT0.5 3 1100 23826 30255 6429
VT0.5_3 VT0.5 3 1200 27488 27910 422
VT0.5_3 VT0.5 3 1300 27205 25209 -1996
VT0.5_3 VT0.5 3 1400 30857 23354 -7503
VT0.5_3 VT0.5 3 1500 34696 21243 -13453
VT0.5_3 VT0.5 3 1600 34267 19738 -14529
VT0.5_3 VT0.5 3 1700 34661 19318 -15343
VT0.5_3 VT0.5 3 1800 38686 19465 -19221
VT0.5_3 VT0.5 3 1900 35524 19789 -15735
VT0.5_3 VT0.5 3 2000 34608 18794 -15814
VT0.5_3 VT0.5 3 2100 38060 19860 -18200
VT0.5_3 VT0.5 3 2200 37343 20687 -16656
VT0.5_3 VT0.5 3 2300 39855 19540 -20315
VT0.5_3 VT0.5 3 2400 39779 19078 -20701
VT0.5_3 VT0.5 3 2500 41744 20935 -20809
VT0.5_3 VT0.5 3 2600 40877 22470 -18407
VT0.5_3 VT0.5 3 2700 40535 21925 -18610
VT0.5_3 VT0.5 3 2800 42436 21530 -20906
VT0.5_3 VT0.5 3 2900 39346 21508 -17838
VT0.5_3 VT0.5 3 3000 44912 23057 -21855
VT0.5_3 VT0.5 3 3100 47064 20884 -26180
VT0.5_3 VT0.5 3 3200 44321 20792 -23529
VT0.5_3 VT0.5 3 3300 41711 21498 -20213
VT0.5_3 VT0.5 3 3400 42871 22518 -20353
VT0.5_3 VT0.5 3 3500 41948 22801 -19147
VT0.5_3 VT0.5 3 3600 41427 24085 -17342
VT0.5_3 VT0.5 3 3700 41565 24608 -16957
VT0.5_3 VT0.5 3 3800 42648 24646 -18002
VT0.5_3 VT0.5 3 3900 46587 24565 -22022
VT0.5_3 VT0.5 3 4000 45309 23350 -21959
VT0.5_3 VT0.5 3 4100 42020 22994 -19026
VT0.5_3 VT0.5 3 4200 42318 22319 -19999
VT0.5_3 VT0.5 3 4300 42859 21260 -21599
VT0.5_3 VT0.5 3 4400 45377 23333 -22044
VT0.5_3 VT0.5 3 4500 44982 22692 -22290
VT0.5_3 VT0.5 3 4600 41836 21977 -19859
VT0.5_3 VT0.5 3 4700 45133 21329 -23804
VT0.5_3 VT0.5 3 4800 42544 22608 -19936
VT0.5_3 VT0.5 3 4900 44952 23742 -21210
VT0.5_3 VT0.5 3 5000 44130 23008 -21122
VT0.5_3 VT0.5 3 5100 46194 23428 -22766
VT0.5_3 VT0.5 3 5200 43349 23661 -19688
VT0.5_3 VT0.5 3 5300 46822 22744 -24078
VT0.5_3 VT0.5 3 5400 40453 22223 -18230
VT0.5_3 VT0.5 3 5500 39485 24050 -15435
VT0.5_3 VT0.5 3 5600 42895 24220 -18675
VT0.5_3 VT0.5 3 5700 39966 24848 -15118
VT0.5_3 VT0.5 3 5800 39591 25598 -13993
VT0.5_3 VT0.5 3 5900 41606 25633 -15973
VT0.5_3 VT0.5 3 6000 39356 26071 -13285
VT0.5_3 VT0.5 3 6100 42054 26025 -16029
VT0.5_3 VT0.5 3 6200 44603 24956 -19647
VT0.5_3 VT0.5 3 6300 41493 24307 -17186
VT0.5_3 VT0.5 3 6400 38434 23535 -14899
VT0.5_3 VT0.5 3 6500 42615 22920 -19695
VT0.5_3 VT0.5 3 6600 41637 23076 -18561
VT0.5_3 VT0.5 3 6700 42626 23039 -19587
VT0.5_3 VT0.5 3 6800 45209 24751 -20458
VT0.5_3 VT0.5 3 6900 44778 23989 -20789
VT0.5_3 VT0.5 3 7000 40598 23293 -17305
VT0.5_3 VT0.5 3 7100 40642 22047 -18595
VT0.5_3 VT0.5 3 7200 42383 21270 -21113
VT0.5_3 VT0.5 3 7300 40854 21565 -19289
VT0.5_3 VT0.5 3 7400 44018 22301 -21717
VT0.5_3 VT0.5 3 7500 43610 22506 -21104
VT0.5_3 VT0.5 3 7600 44596 22202 -22394
VT0.5_3 VT0.5 3 7700 42575 23692 -18883
VT0.5_3 VT0.5 3 7800 48482 23498 -24984
VT0.5_3 VT0.5 3 7900 44494 22967 -21527
VT0.5_3 VT0.5 3 8000 45591 22811 -22780
VT0.5_3 VT0.5 3 8100 43272 22839 -20433
VT0.5_3 VT0.5 3 8200 44490 22816 -21674
VT0.5_3 VT0.5 3 8300 41487 21971 -19516
VT0.5_3 VT0.5 3 8400 42223 21701 -20522
VT0.5_3 VT0.5 3 8500 44253 21070 -23183
VT0.5_3 VT0.5 3 8600 43149 20583 -22566
VT0.5_3 VT0.5 3 8700 44469 20403 -24066
VT0.5_3 VT0.5 3 8800 41756 20822 -20934
VT0.5_3 VT0.5 3 8900 43493 20810 -22683
VT0.5_3 VT0.5 3 9000 42719 20500 -22219
VT0.5_3 VT0.5 3 9100 42489 20174 -22315
VT0.5_3 VT0.5 3 9200 43128 20796 -22332
VT0.5_3 VT0.5 3 9300 38798 21256 -17542
VT0.5_3 VT0.5 3 9400 43368 21190 -22178
VT0.5_3 VT0.5 3 9500 44288 21030 -23258
VT0.5_3 VT0.5 3 9600 43412 20504 -22908
VT0.5_3 VT0.5 3 9700 42723 21233 -21490
VT0.5_3 VT0.5 3 9800 42964 22423 -20541
VT0.5_3 VT0.5 3 9900 44909 23311 -21598
VT0.5_3 VT0.5 3 10000 41937 23349 -18588
VT0.5_3 VT0.5 3 10100 39816 23749 -16067
VT0.5_3 VT0.5 3 10200 41225 24292 -16933
VT0.5_3 VT0.5 3 10300 42548 23535 -19013
VT0.5_3 VT0.5 3 10400 43124 23761 -19363
VT0.5_3 VT0.5 3 10500 43173 24562 -18611
VT0.5_3 VT0.5 3 10600 44352 24704 -19648
VT0.5_3 VT0.5 3 10700 43371 24756 -18615
VT0.5_3 VT0.5 3 10800 45467 24021 -21446
VT0.5_3 VT0.5 3 10900 45625 25838 -19787
VT0.5_3 VT0.5 3 11000 47184 25840 -21344
VT0.5_3 VT0.5 3 11100 49251 26881 -22370
VT0.5_3 VT0.5 3 11200 47535 26224 -21311
VT0.5_3 VT0.5 3 11300 42665 24771 -17894
VT0.5_3 VT0.5 3 11400 44066 23609 -20457
VT0.5_3 VT0.5 3 11500 45465 23021 -22444
VT0.5_3 VT0.5 3 11600 41621 22693 -18928
VT0.5_3 VT0.5 3 11700 40379 21735 -18644
VT0.5_3 VT0.5 3 11800 40257 21653 -18604
VT0.5_3 VT0.5 3 11900 44786 21078 -23708
VT0.5_3 VT0.5 3 12000 44409 20476 -23933
VT0.5_3 VT0.5 3 12100 43339 20307 -23032
VT0.5_3 VT0.5 3 12200 45435 21817 -23618
VT0.5_3 VT0.5 3 12300 45648 21399 -24249
VT0.5_3 VT0.5 3 12400 40989 21406 -19583
VT0.5_3 VT0.5 3 12500 41762 21055 -20707
VT0.5_3 VT0.5 3 12600 44984 21802 -23182
VT0.5_3 VT0.5 3 12700 41697 20878 -20819
VT0.5_3 VT0.5 3 12800 42436 20355 -22081
VT0.5_3 VT0.5 3 12900 39315 20443 -18872
VT0.5_3 VT0.5 3 13000 44162 20341 -23821
VT0.5_3 VT0.5 3 13100 42513 20502 -22011
VT0.5_3 VT0.5 3 13200 45583 22351 -23232
VT0.5_3 VT0.5 3 13300 40182 23720 -16462
VT0.5_3 VT0.5 3 13400 38233 23663 -14570
VT0.5_3 VT0.5 3 13500 38525 22547 -15978
VT0.5_3 VT0.5 3 13600 41705 22945 -18760
VT0.5_3 VT0.5 3 13700 43653 22689 -20964
VT0.5_3 VT0.5 3 13800 38389 23481 -14908
VT0.5_3 VT0.5 3 13900 40335 23354 -16981
VT0.5_3 VT0.5 3 14000 40275 22846 -17429
VT0.5_3 VT0.5 3 14100 39467 23158 -16309
VT0.5_3 VT0.5 3 14200 41922 21842 -20080
VT0.5_3 VT0.5 3 14300 42265 22243 -20022
VT0.5_3 VT0.5 3 14400 45163 22255 -22908
VT0.5_3 VT0.5 3 14500 42198 21596 -20602
VT0.5_3 VT0.5 3 14600 40893 22067 -18826
VT0.5_3 VT0.5 3 14700 41373 21206 -20167
VT0.5_3 VT0.5 3 14800 39994 21380 -18614
VT0.5_3 VT0.5 3 14900 38486 22247 -16239
VT0.5_3 VT0.5 3 15000 39189 21930 -17259
VT0.5_3 VT0.5 3 15100 37596 21192 -16404
VT0.5_3 VT0.5 3 15200 38969 21193 -17776
VT0.5_3 VT0.5 3 15300 38722 22906 -15816
VT0.5_3 VT0.5 3 15400 38750 22939 -15811
VT0.5_3 VT0.5 3 15500 36499 22593 -13906
VT0.5_3 VT0.5 3 15600 39338 22892 -16446
VT0.5_3 VT0.5 3 15700 40546 22261 -18285
VT0.5_3 VT0.5 3 15800 37097 20410 -16687
VT0.5_3 VT0.5 3 15900 39516 20047 -19469
VT0.5_3 VT0.5 3 16000 40242 20450 -19792
VT0.5_3 VT0.5 3 16100 41052 20287 -20765
VT0.5_3 VT0.5 3 16200 38645 19687 -18958
VT0.5_3 VT0.5 3 16300 40939 19198 -21741
VT0.5_3 VT0.5 3 16400 39757 20220 -19537
VT0.5_3 VT0.5 3 16500 39602 21530 -18072
VT0.5_3 VT0.5 3 16600 38153 20785 -17368
VT0.5_3 VT0.5 3 16700 42343 21384 -20959
VT0.5_3 VT0.5 3 16800 37906 21317 -16589
VT0.5_3 VT0.5 3 16900 41642 20531 -21111
VT0.5_3 VT0.5 3 17000 40987 20329 -20658
VT0.5_3 VT0.5 3 17100 38626 19217 -19409
VT0.5_3 VT0.5 3 17200 36773 19680 -17093
VT0.5_3 VT0.5 3 17300 37822 19963 -17859
VT0.5_3 VT0.5 3 17400 38266 18777 -19489
VT0.5_3 VT0.5 3 17500 38764 18331 -20433
VT0.5_3 VT0.5 3 17600 39814 17693 -22121
VT0.5_3 VT0.5 3 17700 39651 17892 -21759
VT0.5_3 VT0.5 3 17800 36468 19015 -17453
VT0.5_3 VT0.5 3 17900 37927 19105 -18822
VT0.5_3 VT0.5 3 18000 36967 20037 -16930
VT0.5_3 VT0.5 3 18100 38957 19920 -19037
VT0.5_3 VT0.5 3 18200 37274 21034 -16240
VT0.5_3 VT0.5 3 18300 40202 21667 -18535
VT0.5_3 VT0.5 3 18400 36863 21996 -14867
VT0.5_3 VT0.5 3 18500 35838 22733 -13105
VT0.5_3 VT0.5 3 18600 36070 21522 -14548
VT0.5_3 VT0.5 3 18700 34835 21890 -12945
VT0.5_3 VT0.5 3 18800 34976 21082 -13894
VT0.5_3 VT0.5 3 18900 36811 19792 -17019
VT0.5_3 VT0.5 3 19000 34121 20709 -13412
VT0.5_3 VT0.5 3 19100 33293 20070 -13223
VT0.5_3 VT0.5 3 19200 36412 22326 -14086
VT0.5_3 VT0.5 3 19300 36570 21746 -14824
VT0.5_3 VT0.5 3 19400 39218 19799 -19419
VT0.5_3 VT0.5 3 19500 39169 19795 -19374
VT0.5_3 VT0.5 3 19600 39306 20272 -19034
VT0.5_3 VT0.5 3 19700 40404 22291 -18113
VT0.5_3 VT0.5 3 19800 36474 23056 -13418
VT0.5_3 VT0.5 3 19900 35502 23238 -12264
VT0.5_3 VT0.5 3 20000 37114 23111 -14003
VT0.5_4 VT0.5 4 0 0 0 0
VT0.5_4 VT0.5 4 100 38 1515 1477
VT0.5_4 VT0.5 4 200 406 10114 9708
VT0.5_4 VT0.5 4 300 686 17688 17002
VT0.5_4 VT0.5 4 400 1034 24555 23521
VT0.5_4 VT0.5 4 500 1216 30534 29318
VT0.5_4 VT0.5 4 600 1425 36318 34893
VT0.5_4 VT0.5 4 700 2586 40210 37624
VT0.5_4 VT0.5 4 800 24108 47632 23524
VT0.5_4 VT0.5 4 900 35255 47147 11892
VT0.5_4 VT0.5 4 1000 31915 45482 13567
VT0.5_4 VT0.5 4 1100 41332 35922 -5410
VT0.5_4 VT0.5 4 1200 42500 28784 -13716
VT0.5_4 VT0.5 4 1300 34335 24809 -9526
VT0.5_4 VT0.5 4 1400 36678 22406 -14272
VT0.5_4 VT0.5 4 1500 40874 21718 -19156
VT0.5_4 VT0.5 4 1600 42203 19153 -23050
VT0.5_4 VT0.5 4 1700 41098 17839 -23259
VT0.5_4 VT0.5 4 1800 35240 17550 -17690
VT0.5_4 VT0.5 4 1900 41044 17718 -23326
VT0.5_4 VT0.5 4 2000 36081 17556 -18525
VT0.5_4 VT0.5 4 2100 40196 19639 -20557
VT0.5_4 VT0.5 4 2200 41597 22181 -19416
VT0.5_4 VT0.5 4 2300 43246 21464 -21782
VT0.5_4 VT0.5 4 2400 43987 22532 -21455
VT0.5_4 VT0.5 4 2500 44300 22115 -22185
VT0.5_4 VT0.5 4 2600 44992 22321 -22671
VT0.5_4 VT0.5 4 2700 43213 23019 -20194
VT0.5_4 VT0.5 4 2800 40952 21697 -19255
VT0.5_4 VT0.5 4 2900 42653 23147 -19506
VT0.5_4 VT0.5 4 3000 43558 22554 -21004
VT0.5_4 VT0.5 4 3100 39986 23428 -16558
VT0.5_4 VT0.5 4 3200 40367 22524 -17843
VT0.5_4 VT0.5 4 3300 41817 22717 -19100
VT0.5_4 VT0.5 4 3400 43773 23244 -20529
VT0.5_4 VT0.5 4 3500 45702 25004 -20698
VT0.5_4 VT0.5 4 3600 42036 24378 -17658
VT0.5_4 VT0.5 4 3700 44033 24503 -19530
VT0.5_4 VT0.5 4 3800 41773 25576 -16197
VT0.5_4 VT0.5 4 3900 48543 26070 -22473
VT0.5_4 VT0.5 4 4000 41970 24997 -16973
VT0.5_4 VT0.5 4 4100 46492 25071 -21421
VT0.5_4 VT0.5 4 4200 49392 25805 -23587
VT0.5_4 VT0.5 4 4300 49576 25000 -24576
VT0.5_4 VT0.5 4 4400 46941 23249 -23692
VT0.5_4 VT0.5 4 4500 47421 21256 -26165
VT0.5_4 VT0.5 4 4600 43356 22298 -21058
VT0.5_4 VT0.5 4 4700 44552 21942 -22610
VT0.5_4 VT0.5 4 4800 46543 22254 -24289
VT0.5_4 VT0.5 4 4900 47284 21938 -25346
VT0.5_4 VT0.5 4 5000 47348 22557 -24791
VT0.5_4 VT0.5 4 5100 47618 22171 -25447
VT0.5_4 VT0.5 4 5200 44953 22973 -21980
VT0.5_4 VT0.5 4 5300 46079 22800 -23279
VT0.5_4 VT0.5 4 5400 46952 23407 -23545
VT0.5_4 VT0.5 4 5500 48693 23623 -25070
VT0.5_4 VT0.5 4 5600 45263 23366 -21897
VT0.5_4 VT0.5 4 5700 47336 23642 -23694
VT0.5_4 VT0.5 4 5800 47485 23568 -23917
VT0.5_4 VT0.5 4 5900 48018 23757 -24261
VT0.5_4 VT0.5 4 6000 49454 23967 -25487
VT0.5_4 VT0.5 4 6100 42003 23908 -18095
VT0.5_4 VT0.5 4 6200 42928 21959 -20969
VT0.5_4 VT0.5 4 6300 43748 24045 -19703
VT0.5_4 VT0.5 4 6400 42238 23731 -18507
VT0.5_4 VT0.5 4 6500 42463 23552 -18911
VT0.5_4 VT0.5 4 6600 43763 22620 -21143
VT0.5_4 VT0.5 4 6700 43118 23301 -19817
VT0.5_4 VT0.5 4 6800 44143 23403 -20740
VT0.5_4 VT0.5 4 6900 42898 23784 -19114
VT0.5_4 VT0.5 4 7000 41815 24544 -17271
VT0.5_4 VT0.5 4 7100 40266 24595 -15671
VT0.5_4 VT0.5 4 7200 43218 23001 -20217
VT0.5_4 VT0.5 4 7300 45122 24053 -21069
VT0.5_4 VT0.5 4 7400 44067 24454 -19613
VT0.5_4 VT0.5 4 7500 46304 26517 -19787
VT0.5_4 VT0.5 4 7600 44306 26417 -17889
VT0.5_4 VT0.5 4 7700 43971 24488 -19483
VT0.5_4 VT0.5 4 7800 49154 24894 -24260
VT0.5_4 VT0.5 4 7900 45583 23744 -21839
VT0.5_4 VT0.5 4 8000 45335 21640 -23695
VT0.5_4 VT0.5 4 8100 47922 21156 -26766
VT0.5_4 VT0.5 4 8200 45005 20768 -24237
VT0.5_4 VT0.5 4 8300 44830 21096 -23734
VT0.5_4 VT0.5 4 8400 46466 19907 -26559
VT0.5_4 VT0.5 4 8500 43755 20538 -23217
VT0.5_4 VT0.5 4 8600 41570 21386 -20184
VT0.5_4 VT0.5 4 8700 41192 20563 -20629
VT0.5_4 VT0.5 4 8800 42725 20177 -22548
VT0.5_4 VT0.5 4 8900 41736 21108 -20628
VT0.5_4 VT0.5 4 9000 43017 21325 -21692
VT0.5_4 VT0.5 4 9100 44575 21738 -22837
VT0.5_4 VT0.5 4 9200 42508 21914 -20594
VT0.5_4 VT0.5 4 9300 43191 23045 -20146
VT0.5_4 VT0.5 4 9400 46222 23713 -22509
VT0.5_4 VT0.5 4 9500 46458 23760 -22698
VT0.5_4 VT0.5 4 9600 44210 24191 -20019
VT0.5_4 VT0.5 4 9700 43060 23847 -19213
VT0.5_4 VT0.5 4 9800 44889 25432 -19457
VT0.5_4 VT0.5 4 9900 47207 25206 -22001
VT0.5_4 VT0.5 4 10000 45593 24438 -21155
VT0.5_4 VT0.5 4 10100 46673 23431 -23242
VT0.5_4 VT0.5 4 10200 45052 24026 -21026
VT0.5_4 VT0.5 4 10300 46374 24714 -21660
VT0.5_4 VT0.5 4 10400 41576 23827 -17749
VT0.5_4 VT0.5 4 10500 43788 23420 -20368
VT0.5_4 VT0.5 4 10600 40285 23389 -16896
VT0.5_4 VT0.5 4 10700 41467 24133 -17334
VT0.5_4 VT0.5 4 10800 45553 22305 -23248
VT0.5_4 VT0.5 4 10900 43804 22286 -21518
VT0.5_4 VT0.5 4 11000 42605 23345 -19260
VT0.5_4 VT0.5 4 11100 44057 22974 -21083
VT0.5_4 VT0.5 4 11200 43615 21022 -22593
VT0.5_4 VT0.5 4 11300 44233 23767 -20466
VT0.5_4 VT0.5 4 11400 40937 23510 -17427
VT0.5_4 VT0.5 4 11500 45019 23186 -21833
VT0.5_4 VT0.5 4 11600 43178 24019 -19159
VT0.5_4 VT0.5 4 11700 44866 23759 -21107
VT0.5_4 VT0.5 4 11800 43887 23168 -20719
VT0.5_4 VT0.5 4 11900 46190 22282 -23908
VT0.5_4 VT0.5 4 12000 41925 23590 -18335
VT0.5_4 VT0.5 4 12100 42690 24563 -18127
VT0.5_4 VT0.5 4 12200 39332 25494 -13838
VT0.5_4 VT0.5 4 12300 42008 25183 -16825
VT0.5_4 VT0.5 4 12400 45895 23780 -22115
VT0.5_4 VT0.5 4 12500 45446 23143 -22303
VT0.5_4 VT0.5 4 12600 43493 23017 -20476
VT0.5_4 VT0.5 4 12700 41671 23667 -18004
VT0.5_4 VT0.5 4 12800 40926 23313 -17613
VT0.5_4 VT0.5 4 12900 43102 23005 -20097
VT0.5_4 VT0.5 4 13000 43553 21686 -21867
VT0.5_4 VT0.5 4 13100 44158 22288 -21870
VT0.5_4 VT0.5 4 13200 44762 21529 -23233
VT0.5_4 VT0.5 4 13300 44286 23467 -20819
VT0.5_4 VT0.5 4 13400 47287 25620 -21667
VT0.5_4 VT0.5 4 13500 44855 24629 -20226
VT0.5_4 VT0.5 4 13600 45720 24250 -21470
VT0.5_4 VT0.5 4 13700 44766 24034 -20732
VT0.5_4 VT0.5 4 13800 41478 22824 -18654
VT0.5_4 VT0.5 4 13900 42180 23354 -18826
VT0.5_4 VT0.5 4 14000 39612 23373 -16239
VT0.5_4 VT0.5 4 14100 43581 24387 -19194
VT0.5_4 VT0.5 4 14200 41345 22932 -18413
VT0.5_4 VT0.5 4 14300 40855 22549 -18306
VT0.5_4 VT0.5 4 14400 42443 22112 -20331
VT0.5_4 VT0.5 4 14500 43133 21438 -21695
VT0.5_4 VT0.5 4 14600 44535 20430 -24105
VT0.5_4 VT0.5 4 14700 43241 20406 -22835
VT0.5_4 VT0.5 4 14800 40840 22533 -18307
VT0.5_4 VT0.5 4 14900 39475 21865 -17610
VT0.5_4 VT0.5 4 15000 41612 20610 -21002
VT0.5_4 VT0.5 4 15100 43974 19853 -24121
VT0.5_4 VT0.5 4 15200 44609 20371 -24238
VT0.5_4 VT0.5 4 15300 43506 21978 -21528
VT0.5_4 VT0.5 4 15400 43801 22628 -21173
VT0.5_4 VT0.5 4 15500 43259 23394 -19865
VT0.5_4 VT0.5 4 15600 46646 22771 -23875
VT0.5_4 VT0.5 4 15700 46214 23029 -23185
VT0.5_4 VT0.5 4 15800 43108 22538 -20570
VT0.5_4 VT0.5 4 15900 44677 21844 -22833
VT0.5_4 VT0.5 4 16000 44534 23474 -21060
VT0.5_4 VT0.5 4 16100 40232 24768 -15464
VT0.5_4 VT0.5 4 16200 41484 24539 -16945
VT0.5_4 VT0.5 4 16300 44246 25461 -18785
VT0.5_4 VT0.5 4 16400 46304 23848 -22456
VT0.5_4 VT0.5 4 16500 48355 24196 -24159
VT0.5_4 VT0.5 4 16600 45858 23646 -22212
VT0.5_4 VT0.5 4 16700 48319 25370 -22949
VT0.5_4 VT0.5 4 16800 50191 24451 -25740
VT0.5_4 VT0.5 4 16900 47180 21797 -25383
VT0.5_4 VT0.5 4 17000 47823 22067 -25756
VT0.5_4 VT0.5 4 17100 46302 21088 -25214
VT0.5_4 VT0.5 4 17200 45501 21490 -24011
VT0.5_4 VT0.5 4 17300 44733 20702 -24031
VT0.5_4 VT0.5 4 17400 42746 20653 -22093
VT0.5_4 VT0.5 4 17500 44333 20759 -23574
VT0.5_4 VT0.5 4 17600 41105 20587 -20518
VT0.5_4 VT0.5 4 17700 46524 21390 -25134
VT0.5_4 VT0.5 4 17800 45626 23411 -22215
VT0.5_4 VT0.5 4 17900 44060 24175 -19885
VT0.5_4 VT0.5 4 18000 38955 23395 -15560
VT0.5_4 VT0.5 4 18100 38880 23747 -15133
VT0.5_4 VT0.5 4 18200 37826 23455 -14371
VT0.5_4 VT0.5 4 18300 39510 22382 -17128
VT0.5_4 VT0.5 4 18400 40380 19797 -20583
VT0.5_4 VT0.5 4 18500 38133 21194 -16939
VT0.5_4 VT0.5 4 18600 36472 20443 -16029
VT0.5_4 VT0.5 4 18700 37789 20986 -16803
VT0.5_4 VT0.5 4 18800 38694 22496 -16198
VT0.5_4 VT0.5 4 18900 43617 22981 -20636
VT0.5_4 VT0.5 4 19000 45565 22295 -23270
VT0.5_4 VT0.5 4 19100 41707 21855 -19852
VT0.5_4 VT0.5 4 19200 39422 22390 -17032
VT0.5_4 VT0.5 4 19300 40732 23126 -17606
VT0.5_4 VT0.5 4 19400 41998 21925 -20073
VT0.5_4 VT0.5 4 19500 44989 21968 -23021
VT0.5_4 VT0.5 4 19600 41473 22621 -18852
VT0.5_4 VT0.5 4 19700 44697 22837 -21860
VT0.5_4 VT0.5 4 19800 44484 22272 -22212
VT0.5_4 VT0.5 4 19900 40568 21401 -19167
VT0.5_4 VT0.5 4 20000 41273 20176 -21097
VT0.5_5 VT0.5 5 0 0 0 0
VT0.5_5 VT0.5 5 100 34 1519 1485
VT0.5_5 VT0.5 5 200 412 10217 9805
VT0.5_5 VT0.5 5 300 697 17659 16962
VT0.5_5 VT0.5 5 400 976 23445 22469
VT0.5_5 VT0.5 5 500 1142 29473 28331
VT0.5_5 VT0.5 5 600 1271 33723 32452
VT0.5_5 VT0.5 5 700 3765 38474 34709
VT0.5_5 VT0.5 5 800 15525 46821 31296
VT0.5_5 VT0.5 5 900 24270 42657 18387
VT0.5_5 VT0.5 5 1000 33184 33181 -3
VT0.5_5 VT0.5 5 1100 60549 23724 -36825
VT0.5_5 VT0.5 5 1200 117121 22256 -94865
VT0.5_5 VT0.5 5 1300 153445 21294 -132151
VT0.5_5 VT0.5 5 1400 142768 21316 -121452
VT0.5_5 VT0.5 5 1500 143213 20597 -122616
VT0.5_5 VT0.5 5 1600 118488 21235 -97253
VT0.5_5 VT0.5 5 1700 109012 22453 -86559
VT0.5_5 VT0.5 5 1800 104212 21337 -82875
VT0.5_5 VT0.5 5 1900 97643 20645 -76998
VT0.5_5 VT0.5 5 2000 83669 21579 -62090
VT0.5_5 VT0.5 5 2100 76654 21633 -55021
VT0.5_5 VT0.5 5 2200 73281 21432 -51849
VT0.5_5 VT0.5 5 2300 71544 21318 -50226
VT0.5_5 VT0.5 5 2400 64216 20577 -43639
VT0.5_5 VT0.5 5 2500 60068 21948 -38120
VT0.5_5 VT0.5 5 2600 60031 23075 -36956
VT0.5_5 VT0.5 5 2700 51297 24422 -26875
VT0.5_5 VT0.5 5 2800 47943 25934 -22009
VT0.5_5 VT0.5 5 2900 44209 29011 -15198
VT0.5_5 VT0.5 5 3000 43617 31439 -12178
VT0.5_5 VT0.5 5 3100 44204 31638 -12566
VT0.5_5 VT0.5 5 3200 46836 32607 -14229
VT0.5_5 VT0.5 5 3300 42872 30547 -12325
VT0.5_5 VT0.5 5 3400 39940 30066 -9874
VT0.5_5 VT0.5 5 3500 41879 30940 -10939
VT0.5_5 VT0.5 5 3600 42986 31796 -11190
VT0.5_5 VT0.5 5 3700 47417 31149 -16268
VT0.5_5 VT0.5 5 3800 51618 29162 -22456
VT0.5_5 VT0.5 5 3900 50036 29940 -20096
VT0.5_5 VT0.5 5 4000 52640 28380 -24260
VT0.5_5 VT0.5 5 4100 49103 28477 -20626
VT0.5_5 VT0.5 5 4200 52619 27623 -24996
VT0.5_5 VT0.5 5 4300 52292 27144 -25148
VT0.5_5 VT0.5 5 4400 53903 25763 -28140
VT0.5_5 VT0.5 5 4500 52158 24140 -28018
VT0.5_5 VT0.5 5 4600 49582 25420 -24162
VT0.5_5 VT0.5 5 4700 47195 23638 -23557
VT0.5_5 VT0.5 5 4800 48270 24286 -23984
VT0.5_5 VT0.5 5 4900 52154 25579 -26575
VT0.5_5 VT0.5 5 5000 57098 24223 -32875
VT0.5_5 VT0.5 5 5100 52757 25176 -27581
VT0.5_5 VT0.5 5 5200 45975 26284 -19691
VT0.5_5 VT0.5 5 5300 46041 26014 -20027
VT0.5_5 VT0.5 5 5400 52184 25653 -26531
VT0.5_5 VT0.5 5 5500 51422 23640 -27782
VT0.5_5 VT0.5 5 5600 49465 23624 -25841
VT0.5_5 VT0.5 5 5700 46842 23285 -23557
VT0.5_5 VT0.5 5 5800 44969 23408 -21561
VT0.5_5 VT0.5 5 5900 44504 22622 -21882
VT0.5_5 VT0.5 5 6000 47860 22393 -25467
VT0.5_5 VT0.5 5 6100 46397 23320 -23077
VT0.5_5 VT0.5 5 6200 50869 22798 -28071
VT0.5_5 VT0.5 5 6300 51239 26663 -24576
VT0.5_5 VT0.5 5 6400 48514 25258 -23256
VT0.5_5 VT0.5 5 6500 45669 25648 -20021
VT0.5_5 VT0.5 5 6600 46003 24186 -21817
VT0.5_5 VT0.5 5 6700 46362 23439 -22923
VT0.5_5 VT0.5 5 6800 42487 22278 -20209
VT0.5_5 VT0.5 5 6900 38623 21620 -17003
VT0.5_5 VT0.5 5 7000 36853 20859 -15994
VT0.5_5 VT0.5 5 7100 33750 21907 -11843
VT0.5_5 VT0.5 5 7200 30746 20511 -10235
VT0.5_5 VT0.5 5 7300 26341 19585 -6756
VT0.5_5 VT0.5 5 7400 25569 18348 -7221
VT0.5_5 VT0.5 5 7500 24497 18465 -6032
VT0.5_5 VT0.5 5 7600 24416 18099 -6317
VT0.5_5 VT0.5 5 7700 23759 18709 -5050
VT0.5_5 VT0.5 5 7800 24233 19033 -5200
VT0.5_5 VT0.5 5 7900 24682 19300 -5382
VT0.5_5 VT0.5 5 8000 25849 18782 -7067
VT0.5_5 VT0.5 5 8100 25653 18368 -7285
VT0.5_5 VT0.5 5 8200 24681 19040 -5641
VT0.5_5 VT0.5 5 8300 24902 17914 -6988
VT0.5_5 VT0.5 5 8400 24118 18414 -5704
VT0.5_5 VT0.5 5 8500 24389 18779 -5610
VT0.5_5 VT0.5 5 8600 23334 18546 -4788
VT0.5_5 VT0.5 5 8700 23089 18778 -4311
VT0.5_5 VT0.5 5 8800 24769 19749 -5020
VT0.5_5 VT0.5 5 8900 24815 18942 -5873
VT0.5_5 VT0.5 5 9000 26141 18777 -7364
VT0.5_5 VT0.5 5 9100 26362 19300 -7062
VT0.5_5 VT0.5 5 9200 24968 19734 -5234
VT0.5_5 VT0.5 5 9300 25190 18769 -6421
VT0.5_5 VT0.5 5 9400 25621 18753 -6868
VT0.5_5 VT0.5 5 9500 24940 18541 -6399
VT0.5_5 VT0.5 5 9600 24548 18826 -5722
VT0.5_5 VT0.5 5 9700 25272 18364 -6908
VT0.5_5 VT0.5 5 9800 25444 19464 -5980
VT0.5_5 VT0.5 5 9900 24620 19968 -4652
VT0.5_5 VT0.5 5 10000 24794 20799 -3995
VT0.5_5 VT0.5 5 10100 25487 20886 -4601
VT0.5_5 VT0.5 5 10200 25931 21038 -4893
VT0.5_5 VT0.5 5 10300 25678 21119 -4559
VT0.5_5 VT0.5 5 10400 25621 20738 -4883
VT0.5_5 VT0.5 5 10500 25055 20142 -4913
VT0.5_5 VT0.5 5 10600 24601 20951 -3650
VT0.5_5 VT0.5 5 10700 24096 20435 -3661
VT0.5_5 VT0.5 5 10800 23926 19598 -4328
VT0.5_5 VT0.5 5 10900 23303 19378 -3925
VT0.5_5 VT0.5 5 11000 24636 19806 -4830
VT0.5_5 VT0.5 5 11100 25440 20343 -5097
VT0.5_5 VT0.5 5 11200 25944 19450 -6494
VT0.5_5 VT0.5 5 11300 23781 18794 -4987
VT0.5_5 VT0.5 5 11400 24424 19229 -5195
VT0.5_5 VT0.5 5 11500 25120 19671 -5449
VT0.5_5 VT0.5 5 11600 25986 19010 -6976
VT0.5_5 VT0.5 5 11700 25739 19737 -6002
VT0.5_5 VT0.5 5 11800 24107 19592 -4515
VT0.5_5 VT0.5 5 11900 25407 19746 -5661
VT0.5_5 VT0.5 5 12000 25207 19325 -5882
VT0.5_5 VT0.5 5 12100 24352 19757 -4595
VT0.5_5 VT0.5 5 12200 23670 20147 -3523
VT0.5_5 VT0.5 5 12300 24978 20231 -4747
VT0.5_5 VT0.5 5 12400 24829 19774 -5055
VT0.5_5 VT0.5 5 12500 24341 18508 -5833
VT0.5_5 VT0.5 5 12600 26715 19058 -7657
VT0.5_5 VT0.5 5 12700 27239 20704 -6535
VT0.5_5 VT0.5 5 12800 25775 19361 -6414
VT0.5_5 VT0.5 5 12900 25898 18256 -7642
VT0.5_5 VT0.5 5 13000 25490 18533 -6957
VT0.5_5 VT0.5 5 13100 24403 18765 -5638
VT0.5_5 VT0.5 5 13200 25821 18118 -7703
VT0.5_5 VT0.5 5 13300 25240 18318 -6922
VT0.5_5 VT0.5 5 13400 25556 19206 -6350
VT0.5_5 VT0.5 5 13500 26286 18628 -7658
VT0.5_5 VT0.5 5 13600 27687 18393 -9294
VT0.5_5 VT0.5 5 13700 25043 18046 -6997
VT0.5_5 VT0.5 5 13800 26292 18488 -7804
VT0.5_5 VT0.5 5 13900 25513 18188 -7325
VT0.5_5 VT0.5 5 14000 25314 18952 -6362
VT0.5_5 VT0.5 5 14100 24461 19219 -5242
VT0.5_5 VT0.5 5 14200 25860 18733 -7127
VT0.5_5 VT0.5 5 14300 24547 19086 -5461
VT0.5_5 VT0.5 5 14400 25090 18998 -6092
VT0.5_5 VT0.5 5 14500 24846 18924 -5922
VT0.5_5 VT0.5 5 14600 25504 18269 -7235
VT0.5_5 VT0.5 5 14700 24558 18579 -5979
VT0.5_5 VT0.5 5 14800 24819 18367 -6452
VT0.5_5 VT0.5 5 14900 23944 19703 -4241
VT0.5_5 VT0.5 5 15000 24241 19871 -4370
VT0.5_5 VT0.5 5 15100 22946 20038 -2908
VT0.5_5 VT0.5 5 15200 22286 19080 -3206
VT0.5_5 VT0.5 5 15300 22167 18925 -3242
VT0.5_5 VT0.5 5 15400 22908 18389 -4519
VT0.5_5 VT0.5 5 15500 23773 19684 -4089
VT0.5_5 VT0.5 5 15600 21894 19423 -2471
VT0.5_5 VT0.5 5 15700 21893 18493 -3400
VT0.5_5 VT0.5 5 15800 23316 18897 -4419
VT0.5_5 VT0.5 5 15900 23621 18965 -4656
VT0.5_5 VT0.5 5 16000 22491 19483 -3008
VT0.5_5 VT0.5 5 16100 22736 19905 -2831
VT0.5_5 VT0.5 5 16200 23549 20347 -3202
VT0.5_5 VT0.5 5 16300 24113 19146 -4967
VT0.5_5 VT0.5 5 16400 23541 18961 -4580
VT0.5_5 VT0.5 5 16500 24235 19438 -4797
VT0.5_5 VT0.5 5 16600 25050 19135 -5915
VT0.5_5 VT0.5 5 16700 26305 17739 -8566
VT0.5_5 VT0.5 5 16800 26035 19687 -6348
VT0.5_5 VT0.5 5 16900 25102 19148 -5954
VT0.5_5 VT0.5 5 17000 23785 18398 -5387
VT0.5_5 VT0.5 5 17100 24737 19502 -5235
VT0.5_5 VT0.5 5 17200 24550 18896 -5654
VT0.5_5 VT0.5 5 17300 22686 19386 -3300
VT0.5_5 VT0.5 5 17400 22727 18846 -3881
VT0.5_5 VT0.5 5 17500 24064 18916 -5148
VT0.5_5 VT0.5 5 17600 23728 19582 -4146
VT0.5_5 VT0.5 5 17700 22858 19182 -3676
VT0.5_5 VT0.5 5 17800 22391 20430 -1961
VT0.5_5 VT0.5 5 17900 23983 20106 -3877
VT0.5_5 VT0.5 5 18000 25093 19562 -5531
VT0.5_5 VT0.5 5 18100 26385 18641 -7744
VT0.5_5 VT0.5 5 18200 25321 17966 -7355
VT0.5_5 VT0.5 5 18300 26488 18051 -8437
VT0.5_5 VT0.5 5 18400 26207 19348 -6859
VT0.5_5 VT0.5 5 18500 24303 20188 -4115
VT0.5_5 VT0.5 5 18600 23742 19915 -3827
VT0.5_5 VT0.5 5 18700 23154 19016 -4138
VT0.5_5 VT0.5 5 18800 24325 19912 -4413
VT0.5_5 VT0.5 5 18900 23689 20497 -3192
VT0.5_5 VT0.5 5 19000 23193 19332 -3861
VT0.5_5 VT0.5 5 19100 22311 19304 -3007
VT0.5_5 VT0.5 5 19200 23317 19194 -4123
VT0.5_5 VT0.5 5 19300 23032 18278 -4754
VT0.5_5 VT0.5 5 19400 24212 19187 -5025
VT0.5_5 VT0.5 5 19500 24358 18838 -5520
VT0.5_5 VT0.5 5 19600 24670 19064 -5606
VT0.5_5 VT0.5 5 19700 24040 18789 -5251
VT0.5_5 VT0.5 5 19800 24602 19450 -5152
VT0.5_5 VT0.5 5 19900 23096 19370 -3726
VT0.5_5 VT0.5 5 20000 24286 19339 -4947
VT0.5_6 VT0.5 6 0 0 0 0
VT0.5_6 VT0.5 6 100 36 1477 1441
VT0.5_6 VT0.5 6 200 448 10464 10016
VT0.5_6 VT0.5 6 300 775 18404 17629
VT0.5_6 VT0.5 6 400 917 24322 23405
VT0.5_6 VT0.5 6 500 733 20813 20080
VT0.5_6 VT0.5 6 600 804 7719 6915
VT0.5_6 VT0.5 6 700 6571 28292 21721
VT0.5_6 VT0.5 6 800 10717 26530 15813
VT0.5_6 VT0.5 6 900 54769 23895 -30874
VT0.5_6 VT0.5 6 1000 206136 24199 -181937
VT0.5_6 VT0.5 6 1100 264678 25168 -239510
VT0.5_6 VT0.5 6 1200 206967 22059 -184908
VT0.5_6 VT0.5 6 1300 84267 18250 -66017
VT0.5_6 VT0.5 6 1400 45423 17323 -28100
VT0.5_6 VT0.5 6 1500 42193 16457 -25736
VT0.5_6 VT0.5 6 1600 42405 17641 -24764
VT0.5_6 VT0.5 6 1700 44290 18279 -26011
VT0.5_6 VT0.5 6 1800 40117 19862 -20255
VT0.5_6 VT0.5 6 1900 39468 19890 -19578
VT0.5_6 VT0.5 6 2000 37815 19906 -17909
VT0.5_6 VT0.5 6 2100 42893 20207 -22686
VT0.5_6 VT0.5 6 2200 44008 20056 -23952
VT0.5_6 VT0.5 6 2300 44191 20282 -23909
VT0.5_6 VT0.5 6 2400 43204 21446 -21758
VT0.5_6 VT0.5 6 2500 43163 21436 -21727
VT0.5_6 VT0.5 6 2600 41177 20983 -20194
VT0.5_6 VT0.5 6 2700 42991 21853 -21138
VT0.5_6 VT0.5 6 2800 40926 21285 -19641
VT0.5_6 VT0.5 6 2900 45225 22533 -22692
VT0.5_6 VT0.5 6 3000 44377 22735 -21642
VT0.5_6 VT0.5 6 3100 42620 24179 -18441
VT0.5_6 VT0.5 6 3200 41654 24273 -17381
VT0.5_6 VT0.5 6 3300 41746 23844 -17902
VT0.5_6 VT0.5 6 3400 40347 23340 -17007
VT0.5_6 VT0.5 6 3500 41622 21967 -19655
VT0.5_6 VT0.5 6 3600 40885 20943 -19942
VT0.5_6 VT0.5 6 3700 42106 21377 -20729
VT0.5_6 VT0.5 6 3800 41721 22101 -19620
VT0.5_6 VT0.5 6 3900 39820 21775 -18045
VT0.5_6 VT0.5 6 4000 36849 22614 -14235
VT0.5_6 VT0.5 6 4100 39770 23612 -16158
VT0.5_6 VT0.5 6 4200 41491 23480 -18011
VT0.5_6 VT0.5 6 4300 41668 22167 -19501
VT0.5_6 VT0.5 6 4400 41939 21071 -20868
VT0.5_6 VT0.5 6 4500 38621 20671 -17950
VT0.5_6 VT0.5 6 4600 43962 20747 -23215
VT0.5_6 VT0.5 6 4700 44110 20539 -23571
VT0.5_6 VT0.5 6 4800 39097 19487 -19610
VT0.5_6 VT0.5 6 4900 40723 20186 -20537
VT0.5_6 VT0.5 6 5000 38971 20741 -18230
VT0.5_6 VT0.5 6 5100 41099 20117 -20982
VT0.5_6 VT0.5 6 5200 40591 20074 -20517
VT0.5_6 VT0.5 6 5300 40331 21353 -18978
VT0.5_6 VT0.5 6 5400 41260 21187 -20073
VT0.5_6 VT0.5 6 5500 41066 20850 -20216
VT0.5_6 VT0.5 6 5600 42394 20583 -21811
VT0.5_6 VT0.5 6 5700 43349 21053 -22296
VT0.5_6 VT0.5 6 5800 42434 20762 -21672
VT0.5_6 VT0.5 6 5900 40245 23161 -17084
VT0.5_6 VT0.5 6 6000 41567 23825 -17742
VT0.5_6 VT0.5 6 6100 43555 23548 -20007
VT0.5_6 VT0.5 6 6200 41902 23753 -18149
VT0.5_6 VT0.5 6 6300 41719 24826 -16893
VT0.5_6 VT0.5 6 6400 43604 24124 -19480
VT0.5_6 VT0.5 6 6500 38728 23968 -14760
VT0.5_6 VT0.5 6 6600 40378 23773 -16605
VT0.5_6 VT0.5 6 6700 44092 24326 -19766
VT0.5_6 VT0.5 6 6800 42155 23278 -18877
VT0.5_6 VT0.5 6 6900 38357 23175 -15182
VT0.5_6 VT0.5 6 7000 39764 22721 -17043
VT0.5_6 VT0.5 6 7100 39745 22786 -16959
VT0.5_6 VT0.5 6 7200 41211 22249 -18962
VT0.5_6 VT0.5 6 7300 43859 23053 -20806
VT0.5_6 VT0.5 6 7400 40785 23740 -17045
VT0.5_6 VT0.5 6 7500 39396 24639 -14757
VT0.5_6 VT0.5 6 7600 40830 23133 -17697
VT0.5_6 VT0.5 6 7700 42935 23489 -19446
VT0.5_6 VT0.5 6 7800 40912 23085 -17827
VT0.5_6 VT0.5 6 7900 38953 21399 -17554
VT0.5_6 VT0.5 6 8000 41462 21960 -19502
VT0.5_6 VT0.5 6 8100 40976 21662 -19314
VT0.5_6 VT0.5 6 8200 41694 22883 -18811
VT0.5_6 VT0.5 6 8300 43441 22306 -21135
VT0.5_6 VT0.5 6 8400 45014 23146 -21868
VT0.5_6 VT0.5 6 8500 40214 23942 -16272
VT0.5_6 VT0.5 6 8600 41134 23954 -17180
VT0.5_6 VT0.5 6 8700 40335 22747 -17588
VT0.5_6 VT0.5 6 8800 39960 22935 -17025
VT0.5_6 VT0.5 6 8900 41017 21667 -19350
VT0.5_6 VT0.5 6 9000 38215 22461 -15754
VT0.5_6 VT0.5 6 9100 39264 23927 -15337
VT0.5_6 VT0.5 6 9200 41415 22770 -18645
VT0.5_6 VT0.5 6 9300 41215 21351 -19864
VT0.5_6 VT0.5 6 9400 44818 23180 -21638
VT0.5_6 VT0.5 6 9500 41993 21893 -20100
VT0.5_6 VT0.5 6 9600 39002 21048 -17954
VT0.5_6 VT0.5 6 9700 39725 21014 -18711
VT0.5_6 VT0.5 6 9800 42914 22204 -20710
VT0.5_6 VT0.5 6 9900 40316 21579 -18737
VT0.5_6 VT0.5 6 10000 42978 21513 -21465
VT0.5_6 VT0.5 6 10100 45626 20931 -24695
VT0.5_6 VT0.5 6 10200 40927 21236 -19691
VT0.5_6 VT0.5 6 10300 40526 22581 -17945
VT0.5_6 VT0.5 6 10400 40831 22108 -18723
VT0.5_6 VT0.5 6 10500 42412 23269 -19143
VT0.5_6 VT0.5 6 10600 40741 21563 -19178
VT0.5_6 VT0.5 6 10700 48020 21692 -26328
VT0.5_6 VT0.5 6 10800 50042 21408 -28634
VT0.5_6 VT0.5 6 10900 48336 21629 -26707
VT0.5_6 VT0.5 6 11000 47634 21226 -26408
VT0.5_6 VT0.5 6 11100 42786 21175 -21611
VT0.5_6 VT0.5 6 11200 42230 20045 -22185
VT0.5_6 VT0.5 6 11300 41483 20197 -21286
VT0.5_6 VT0.5 6 11400 41577 19985 -21592
VT0.5_6 VT0.5 6 11500 42929 20052 -22877
VT0.5_6 VT0.5 6 11600 46086 19317 -26769
VT0.5_6 VT0.5 6 11700 48284 19082 -29202
VT0.5_6 VT0.5 6 11800 44060 20105 -23955
VT0.5_6 VT0.5 6 11900 44436 20807 -23629
VT0.5_6 VT0.5 6 12000 39535 22209 -17326
VT0.5_6 VT0.5 6 12100 38997 21797 -17200
VT0.5_6 VT0.5 6 12200 44350 21870 -22480
VT0.5_6 VT0.5 6 12300 41541 21545 -19996
VT0.5_6 VT0.5 6 12400 40979 20841 -20138
VT0.5_6 VT0.5 6 12500 42867 19973 -22894
VT0.5_6 VT0.5 6 12600 41846 21911 -19935
VT0.5_6 VT0.5 6 12700 39156 22710 -16446
VT0.5_6 VT0.5 6 12800 39033 24634 -14399
VT0.5_6 VT0.5 6 12900 41839 23490 -18349
VT0.5_6 VT0.5 6 13000 39247 24036 -15211
VT0.5_6 VT0.5 6 13100 37751 22054 -15697
VT0.5_6 VT0.5 6 13200 40319 22149 -18170
VT0.5_6 VT0.5 6 13300 40181 23116 -17065
VT0.5_6 VT0.5 6 13400 43138 22946 -20192
VT0.5_6 VT0.5 6 13500 42933 20396 -22537
VT0.5_6 VT0.5 6 13600 41530 20342 -21188
VT0.5_6 VT0.5 6 13700 43774 21945 -21829
VT0.5_6 VT0.5 6 13800 40839 23175 -17664
VT0.5_6 VT0.5 6 13900 43151 22698 -20453
VT0.5_6 VT0.5 6 14000 40526 22898 -17628
VT0.5_6 VT0.5 6 14100 38981 22114 -16867
VT0.5_6 VT0.5 6 14200 39955 21924 -18031
VT0.5_6 VT0.5 6 14300 42214 21766 -20448
VT0.5_6 VT0.5 6 14400 41509 22570 -18939
VT0.5_6 VT0.5 6 14500 41681 22081 -19600
VT0.5_6 VT0.5 6 14600 44899 20692 -24207
VT0.5_6 VT0.5 6 14700 44893 20890 -24003
VT0.5_6 VT0.5 6 14800 39012 19710 -19302
VT0.5_6 VT0.5 6 14900 41593 21701 -19892
VT0.5_6 VT0.5 6 15000 43573 23442 -20131
VT0.5_6 VT0.5 6 15100 43129 23603 -19526
VT0.5_6 VT0.5 6 15200 42220 22214 -20006
VT0.5_6 VT0.5 6 15300 44356 21760 -22596
VT0.5_6 VT0.5 6 15400 44310 22670 -21640
VT0.5_6 VT0.5 6 15500 43878 21547 -22331
VT0.5_6 VT0.5 6 15600 43638 21179 -22459
VT0.5_6 VT0.5 6 15700 39666 19380 -20286
VT0.5_6 VT0.5 6 15800 40481 19446 -21035
VT0.5_6 VT0.5 6 15900 41215 20996 -20219
VT0.5_6 VT0.5 6 16000 40564 21890 -18674
VT0.5_6 VT0.5 6 16100 37194 21390 -15804
VT0.5_6 VT0.5 6 16200 40100 20544 -19556
VT0.5_6 VT0.5 6 16300 42559 20272 -22287
VT0.5_6 VT0.5 6 16400 41700 20764 -20936
VT0.5_6 VT0.5 6 16500 41361 21797 -19564
VT0.5_6 VT0.5 6 16600 40353 21777 -18576
VT0.5_6 VT0.5 6 16700 39754 22009 -17745
VT0.5_6 VT0.5 6 16800 37801 21325 -16476
VT0.5_6 VT0.5 6 16900 39700 21124 -18576
VT0.5_6 VT0.5 6 17000 40744 22752 -17992
VT0.5_6 VT0.5 6 17100 45814 22991 -22823
VT0.5_6 VT0.5 6 17200 43367 22825 -20542
VT0.5_6 VT0.5 6 17300 35721 22148 -13573
VT0.5_6 VT0.5 6 17400 41016 22245 -18771
VT0.5_6 VT0.5 6 17500 41741 21785 -19956
VT0.5_6 VT0.5 6 17600 42137 21299 -20838
VT0.5_6 VT0.5 6 17700 39313 21114 -18199
VT0.5_6 VT0.5 6 17800 40697 22174 -18523
VT0.5_6 VT0.5 6 17900 45224 23161 -22063
VT0.5_6 VT0.5 6 18000 43477 22220 -21257
VT0.5_6 VT0.5 6 18100 42051 21752 -20299
VT0.5_6 VT0.5 6 18200 40059 21894 -18165
VT0.5_6 VT0.5 6 18300 44930 21500 -23430
VT0.5_6 VT0.5 6 18400 40392 21535 -18857
VT0.5_6 VT0.5 6 18500 40810 22029 -18781
VT0.5_6 VT0.5 6 18600 40561 22473 -18088
VT0.5_6 VT0.5 6 18700 40426 23993 -16433
VT0.5_6 VT0.5 6 18800 39240 23277 -15963
VT0.5_6 VT0.5 6 18900 41278 23013 -18265
VT0.5_6 VT0.5 6 19000 41940 22500 -19440
VT0.5_6 VT0.5 6 19100 40718 22004 -18714
VT0.5_6 VT0.5 6 19200 43830 21430 -22400
VT0.5_6 VT0.5 6 19300 44953 21520 -23433
VT0.5_6 VT0.5 6 19400 42196 21721 -20475
VT0.5_6 VT0.5 6 19500 44177 21158 -23019
VT0.5_6 VT0.5 6 19600 41634 20460 -21174
VT0.5_6 VT0.5 6 19700 45135 20872 -24263
VT0.5_6 VT0.5 6 19800 42145 21098 -21047
VT0.5_6 VT0.5 6 19900 41476 21153 -20323
VT0.5_6 VT0.5 6 20000 43040 21113 -21927
VT0.5_7 VT0.5 7 0 0 0 0
VT0.5_7 VT0.5 7 100 29 1495 1466
VT0.5_7 VT0.5 7 200 420 10232 9812
VT0.5_7 VT0.5 7 300 721 17534 16813
VT0.5_7 VT0.5 7 400 918 23466 22548
VT0.5_7 VT0.5 7 500 531 15686 15155
VT0.5_7 VT0.5 7 600 343 1925 1582
VT0.5_7 VT0.5 7 700 873 360 -513
VT0.5_7 VT0.5 7 800 858 593 -265
VT0.5_7 VT0.5 7 900 108 180 72
VT0.5_7 VT0.5 7 1000 14 84 70
VT0.5_7 VT0.5 7 1100 555 2310 1755
VT0.5_7 VT0.5 7 1200 10358 18504 8146
VT0.5_7 VT0.5 7 1300 24712 22731 -1981
VT0.5_7 VT0.5 7 1400 39873 24373 -15500
VT0.5_7 VT0.5 7 1500 50164 24258 -25906
VT0.5_7 VT0.5 7 1600 45891 24535 -21356
VT0.5_7 VT0.5 7 1700 44939 20946 -23993
VT0.5_7 VT0.5 7 1800 47201 19260 -27941
VT0.5_7 VT0.5 7 1900 46326 20030 -26296
VT0.5_7 VT0.5 7 2000 49879 19349 -30530
VT0.5_7 VT0.5 7 2100 44097 19544 -24553
VT0.5_7 VT0.5 7 2200 42604 20956 -21648
VT0.5_7 VT0.5 7 2300 44569 22770 -21799
VT0.5_7 VT0.5 7 2400 49350 23603 -25747
VT0.5_7 VT0.5 7 2500 49493 23497 -25996
VT0.5_7 VT0.5 7 2600 46855 24230 -22625
VT0.5_7 VT0.5 7 2700 47378 24292 -23086
VT0.5_7 VT0.5 7 2800 48768 25160 -23608
VT0.5_7 VT0.5 7 2900 43726 25174 -18552
VT0.5_7 VT0.5 7 3000 42937 25227 -17710
VT0.5_7 VT0.5 7 3100 45174 24802 -20372
VT0.5_7 VT0.5 7 3200 44095 24383 -19712
VT0.5_7 VT0.5 7 3300 45255 25168 -20087
VT0.5_7 VT0.5 7 3400 44759 25673 -19086
VT0.5_7 VT0.5 7 3500 45548 27223 -18325
VT0.5_7 VT0.5 7 3600 45263 25515 -19748
VT0.5_7 VT0.5 7 3700 47918 24350 -23568
VT0.5_7 VT0.5 7 3800 48290 24279 -24011
VT0.5_7 VT0.5 7 3900 46265 24782 -21483
VT0.5_7 VT0.5 7 4000 49811 24613 -25198
VT0.5_7 VT0.5 7 4100 41936 23369 -18567
VT0.5_7 VT0.5 7 4200 45271 23932 -21339
VT0.5_7 VT0.5 7 4300 45121 23309 -21812
VT0.5_7 VT0.5 7 4400 43259 23563 -19696
VT0.5_7 VT0.5 7 4500 45088 24787 -20301
VT0.5_7 VT0.5 7 4600 44607 25141 -19466
VT0.5_7 VT0.5 7 4700 42926 25470 -17456
VT0.5_7 VT0.5 7 4800 42305 25182 -17123
VT0.5_7 VT0.5 7 4900 41707 25056 -16651
VT0.5_7 VT0.5 7 5000 42660 23090 -19570
VT0.5_7 VT0.5 7 5100 44435 23923 -20512
VT0.5_7 VT0.5 7 5200 41850 24972 -16878
VT0.5_7 VT0.5 7 5300 40484 23734 -16750
VT0.5_7 VT0.5 7 5400 37566 22956 -14610
VT0.5_7 VT0.5 7 5500 39508 22872 -16636
VT0.5_7 VT0.5 7 5600 38696 20725 -17971
VT0.5_7 VT0.5 7 5700 39536 20303 -19233
VT0.5_7 VT0.5 7 5800 42122 20339 -21783
VT0.5_7 VT0.5 7 5900 37672 19847 -17825
VT0.5_7 VT0.5 7 6000 41721 21084 -20637
VT0.5_7 VT0.5 7 6100 42200 19581 -22619
VT0.5_7 VT0.5 7 6200 42592 20471 -22121
VT0.5_7 VT0.5 7 6300 40185 20326 -19859
VT0.5_7 VT0.5 7 6400 39749 21594 -18155
VT0.5_7 VT0.5 7 6500 38857 23582 -15275
VT0.5_7 VT0.5 7 6600 40007 23125 -16882
VT0.5_7 VT0.5 7 6700 40831 21700 -19131
VT0.5_7 VT0.5 7 6800 37124 20323 -16801
VT0.5_7 VT0.5 7 6900 37018 21027 -15991
VT0.5_7 VT0.5 7 7000 37549 20795 -16754
VT0.5_7 VT0.5 7 7100 41444 20905 -20539
VT0.5_7 VT0.5 7 7200 38763 20429 -18334
VT0.5_7 VT0.5 7 7300 41372 20408 -20964
VT0.5_7 VT0.5 7 7400 39024 20090 -18934
VT0.5_7 VT0.5 7 7500 36584 20199 -16385
VT0.5_7 VT0.5 7 7600 32560 21908 -10652
VT0.5_7 VT0.5 7 7700 29371 22006 -7365
VT0.5_7 VT0.5 7 7800 26319 21596 -4723
VT0.5_7 VT0.5 7 7900 25829 21582 -4247
VT0.5_7 VT0.5 7 8000 25472 20196 -5276
VT0.5_7 VT0.5 7 8100 24473 20730 -3743
VT0.5_7 VT0.5 7 8200 24605 22033 -2572
VT0.5_7 VT0.5 7 8300 26167 21624 -4543
VT0.5_7 VT0.5 7 8400 24689 21428 -3261
VT0.5_7 VT0.5 7 8500 24667 21489 -3178
VT0.5_7 VT0.5 7 8600 25257 20973 -4284
VT0.5_7 VT0.5 7 8700 24985 19537 -5448
VT0.5_7 VT0.5 7 8800 27077 19193 -7884
VT0.5_7 VT0.5 7 8900 26193 20243 -5950
VT0.5_7 VT0.5 7 9000 25033 21237 -3796
VT0.5_7 VT0.5 7 9100 24065 20463 -3602
VT0.5_7 VT0.5 7 9200 26364 20623 -5741
VT0.5_7 VT0.5 7 9300 24094 20689 -3405
VT0.5_7 VT0.5 7 9400 23657 21161 -2496
VT0.5_7 VT0.5 7 9500 22294 20387 -1907
VT0.5_7 VT0.5 7 9600 22668 20063 -2605
VT0.5_7 VT0.5 7 9700 22885 18983 -3902
VT0.5_7 VT0.5 7 9800 22886 19097 -3789
VT0.5_7 VT0.5 7 9900 22392 18848 -3544
VT0.5_7 VT0.5 7 10000 23789 20075 -3714
VT0.5_7 VT0.5 7 10100 22168 20540 -1628
VT0.5_7 VT0.5 7 10200 22117 19979 -2138
VT0.5_7 VT0.5 7 10300 23116 19950 -3166
VT0.5_7 VT0.5 7 10400 23376 20417 -2959
VT0.5_7 VT0.5 7 10500 23523 20812 -2711
VT0.5_7 VT0.5 7 10600 23440 19685 -3755
VT0.5_7 VT0.5 7 10700 21891 19211 -2680
VT0.5_7 VT0.5 7 10800 22981 18733 -4248
VT0.5_7 VT0.5 7 10900 23323 18454 -4869
VT0.5_7 VT0.5 7 11000 22905 18851 -4054
VT0.5_7 VT0.5 7 11100 23720 18328 -5392
VT0.5_7 VT0.5 7 11200 24090 18743 -5347
VT0.5_7 VT0.5 7 11300 23127 18174 -4953
VT0.5_7 VT0.5 7 11400 24198 18287 -5911
VT0.5_7 VT0.5 7 11500 24234 18621 -5613
VT0.5_7 VT0.5 7 11600 24868 19076 -5792
VT0.5_7 VT0.5 7 11700 25503 18656 -6847
VT0.5_7 VT0.5 7 11800 25398 18935 -6463
VT0.5_7 VT0.5 7 11900 24751 19613 -5138
VT0.5_7 VT0.5 7 12000 24258 20193 -4065
VT0.5_7 VT0.5 7 12100 24356 20322 -4034
VT0.5_7 VT0.5 7 12200 24973 20464 -4509
VT0.5_7 VT0.5 7 12300 25576 20017 -5559
VT0.5_7 VT0.5 7 12400 25678 19382 -6296
VT0.5_7 VT0.5 7 12500 25952 19762 -6190
VT0.5_7 VT0.5 7 12600 25924 19038 -6886
VT0.5_7 VT0.5 7 12700 24882 18953 -5929
VT0.5_7 VT0.5 7 12800 25322 18703 -6619
VT0.5_7 VT0.5 7 12900 25579 18793 -6786
VT0.5_7 VT0.5 7 13000 25407 19371 -6036
VT0.5_7 VT0.5 7 13100 24359 18850 -5509
VT0.5_7 VT0.5 7 13200 25125 18862 -6263
VT0.5_7 VT0.5 7 13300 24107 18914 -5193
VT0.5_7 VT0.5 7 13400 23773 18980 -4793
VT0.5_7 VT0.5 7 13500 24738 18830 -5908
VT0.5_7 VT0.5 7 13600 24017 19429 -4588
VT0.5_7 VT0.5 7 13700 23639 19971 -3668
VT0.5_7 VT0.5 7 13800 23745 20005 -3740
VT0.5_7 VT0.5 7 13900 24230 18970 -5260
VT0.5_7 VT0.5 7 14000 23117 18976 -4141
VT0.5_7 VT0.5 7 14100 24977 19188 -5789
VT0.5_7 VT0.5 7 14200 24440 18955 -5485
VT0.5_7 VT0.5 7 14300 22722 18518 -4204
VT0.5_7 VT0.5 7 14400 22818 18862 -3956
VT0.5_7 VT0.5 7 14500 23114 19806 -3308
VT0.5_7 VT0.5 7 14600 23330 19355 -3975
VT0.5_7 VT0.5 7 14700 21178 19108 -2070
VT0.5_7 VT0.5 7 14800 24212 20284 -3928
VT0.5_7 VT0.5 7 14900 24303 19381 -4922
VT0.5_7 VT0.5 7 15000 25390 21187 -4203
VT0.5_7 VT0.5 7 15100 23998 20656 -3342
VT0.5_7 VT0.5 7 15200 24381 20982 -3399
VT0.5_7 VT0.5 7 15300 25058 21282 -3776
VT0.5_7 VT0.5 7 15400 24643 20801 -3842
VT0.5_7 VT0.5 7 15500 26019 20457 -5562
VT0.5_7 VT0.5 7 15600 25592 20242 -5350
VT0.5_7 VT0.5 7 15700 25262 21304 -3958
VT0.5_7 VT0.5 7 15800 24330 21690 -2640
VT0.5_7 VT0.5 7 15900 25274 21724 -3550
VT0.5_7 VT0.5 7 16000 23964 21548 -2416
VT0.5_7 VT0.5 7 16100 25081 21759 -3322
VT0.5_7 VT0.5 7 16200 25491 22184 -3307
VT0.5_7 VT0.5 7 16300 25079 21164 -3915
VT0.5_7 VT0.5 7 16400 24302 20327 -3975
VT0.5_7 VT0.5 7 16500 24699 20254 -4445
VT0.5_7 VT0.5 7 16600 23789 19347 -4442
VT0.5_7 VT0.5 7 16700 24536 19471 -5065
VT0.5_7 VT0.5 7 16800 23587 19400 -4187
VT0.5_7 VT0.5 7 16900 23795 19354 -4441
VT0.5_7 VT0.5 7 17000 24343 19378 -4965
VT0.5_7 VT0.5 7 17100 25433 20375 -5058
VT0.5_7 VT0.5 7 17200 24874 19355 -5519
VT0.5_7 VT0.5 7 17300 23697 20076 -3621
VT0.5_7 VT0.5 7 17400 23387 20540 -2847
VT0.5_7 VT0.5 7 17500 23218 20281 -2937
VT0.5_7 VT0.5 7 17600 24397 19612 -4785
VT0.5_7 VT0.5 7 17700 25229 19275 -5954
VT0.5_7 VT0.5 7 17800 25190 17789 -7401
VT0.5_7 VT0.5 7 17900 25129 18397 -6732
VT0.5_7 VT0.5 7 18000 23732 17958 -5774
VT0.5_7 VT0.5 7 18100 23993 19086 -4907
VT0.5_7 VT0.5 7 18200 23935 19029 -4906
VT0.5_7 VT0.5 7 18300 24495 19115 -5380
VT0.5_7 VT0.5 7 18400 23842 18466 -5376
VT0.5_7 VT0.5 7 18500 22584 18552 -4032
VT0.5_7 VT0.5 7 18600 23249 19728 -3521
VT0.5_7 VT0.5 7 18700 24294 20430 -3864
VT0.5_7 VT0.5 7 18800 25018 20902 -4116
VT0.5_7 VT0.5 7 18900 23471 20903 -2568
VT0.5_7 VT0.5 7 19000 24245 20326 -3919
VT0.5_7 VT0.5 7 19100 24629 20478 -4151
VT0.5_7 VT0.5 7 19200 23685 21056 -2629
VT0.5_7 VT0.5 7 19300 23888 20864 -3024
VT0.5_7 VT0.5 7 19400 25150 21420 -3730
VT0.5_7 VT0.5 7 19500 24680 22554 -2126
VT0.5_7 VT0.5 7 19600 24816 21215 -3601
VT0.5_7 VT0.5 7 19700 24539 22056 -2483
VT0.5_7 VT0.5 7 19800 24812 22195 -2617
VT0.5_7 VT0.5 7 19900 24994 21039 -3955
VT0.5_7 VT0.5 7 20000 25327 20171 -5156
VT0.5_8 VT0.5 8 0 0 0 0
VT0.5_8 VT0.5 8 100 33 1535 1502
VT0.5_8 VT0.5 8 200 375 10412 10037
VT0.5_8 VT0.5 8 300 651 17771 17120
VT0.5_8 VT0.5 8 400 937 23699 22762
VT0.5_8 VT0.5 8 500 1232 30173 28941
VT0.5_8 VT0.5 8 600 1438 37430 35992
VT0.5_8 VT0.5 8 700 3182 44725 41543
VT0.5_8 VT0.5 8 800 26015 56759 30744
VT0.5_8 VT0.5 8 900 50074 48533 -1541
VT0.5_8 VT0.5 8 1000 62745 41635 -21110
VT0.5_8 VT0.5 8 1100 75614 41776 -33838
VT0.5_8 VT0.5 8 1200 69648 37605 -32043
VT0.5_8 VT0.5 8 1300 42459 30953 -11506
VT0.5_8 VT0.5 8 1400 27638 26691 -947
VT0.5_8 VT0.5 8 1500 28366 24104 -4262
VT0.5_8 VT0.5 8 1600 32005 23546 -8459
VT0.5_8 VT0.5 8 1700 35278 20472 -14806
VT0.5_8 VT0.5 8 1800 35643 21827 -13816
VT0.5_8 VT0.5 8 1900 35429 20740 -14689
VT0.5_8 VT0.5 8 2000 36275 21349 -14926
VT0.5_8 VT0.5 8 2100 38571 21334 -17237
VT0.5_8 VT0.5 8 2200 44526 22020 -22506
VT0.5_8 VT0.5 8 2300 45071 22565 -22506
VT0.5_8 VT0.5 8 2400 44889 23143 -21746
VT0.5_8 VT0.5 8 2500 39896 23575 -16321
VT0.5_8 VT0.5 8 2600 41287 23572 -17715
VT0.5_8 VT0.5 8 2700 46364 23811 -22553
VT0.5_8 VT0.5 8 2800 47975 23008 -24967
VT0.5_8 VT0.5 8 2900 48518 22680 -25838
VT0.5_8 VT0.5 8 3000 46049 23034 -23015
VT0.5_8 VT0.5 8 3100 42983 23887 -19096
VT0.5_8 VT0.5 8 3200 40961 25085 -15876
VT0.5_8 VT0.5 8 3300 46914 27478 -19436
VT0.5_8 VT0.5 8 3400 48182 27792 -20390
VT0.5_8 VT0.5 8 3500 48502 26493 -22009
VT0.5_8 VT0.5 8 3600 45775 27355 -18420
VT0.5_8 VT0.5 8 3700 41930 25678 -16252
VT0.5_8 VT0.5 8 3800 35295 25048 -10247
VT0.5_8 VT0.5 8 3900 31838 25780 -6058
VT0.5_8 VT0.5 8 4000 31039 25393 -5646
VT0.5_8 VT0.5 8 4100 30857 26289 -4568
VT0.5_8 VT0.5 8 4200 32330 26693 -5637
VT0.5_8 VT0.5 8 4300 30629 25410 -5219
VT0.5_8 VT0.5 8 4400 30506 27075 -3431
VT0.5_8 VT0.5 8 4500 30625 25970 -4655
VT0.5_8 VT0.5 8 4600 29777 25105 -4672
VT0.5_8 VT0.5 8 4700 29327 25827 -3500
VT0.5_8 VT0.5 8 4800 27980 25224 -2756
VT0.5_8 VT0.5 8 4900 27844 25260 -2584
VT0.5_8 VT0.5 8 5000 27223 25704 -1519
VT0.5_8 VT0.5 8 5100 27223 25071 -2152
VT0.5_8 VT0.5 8 5200 25978 22312 -3666
VT0.5_8 VT0.5 8 5300 27743 22506 -5237
VT0.5_8 VT0.5 8 5400 29030 23241 -5789
VT0.5_8 VT0.5 8 5500 27516 22583 -4933
VT0.5_8 VT0.5 8 5600 28889 21161 -7728
VT0.5_8 VT0.5 8 5700 26686 20772 -5914
VT0.5_8 VT0.5 8 5800 26969 21214 -5755
VT0.5_8 VT0.5 8 5900 26796 21188 -5608
VT0.5_8 VT0.5 8 6000 25268 20632 -4636
VT0.5_8 VT0.5 8 6100 23390 20765 -2625
VT0.5_8 VT0.5 8 6200 24463 21321 -3142
VT0.5_8 VT0.5 8 6300 24778 20568 -4210
VT0.5_8 VT0.5 8 6400 23368 22073 -1295
VT0.5_8 VT0.5 8 6500 23986 20795 -3191
VT0.5_8 VT0.5 8 6600 23910 19813 -4097
VT0.5_8 VT0.5 8 6700 25482 19747 -5735
VT0.5_8 VT0.5 8 6800 25555 22869 -2686
VT0.5_8 VT0.5 8 6900 25437 22083 -3354
VT0.5_8 VT0.5 8 7000 24289 21928 -2361
VT0.5_8 VT0.5 8 7100 25114 21608 -3506
VT0.5_8 VT0.5 8 7200 24536 21729 -2807
VT0.5_8 VT0.5 8 7300 24011 20810 -3201
VT0.5_8 VT0.5 8 7400 23827 19792 -4035
VT0.5_8 VT0.5 8 7500 23447 19853 -3594
VT0.5_8 VT0.5 8 7600 23532 19723 -3809
VT0.5_8 VT0.5 8 7700 26020 20696 -5324
VT0.5_8 VT0.5 8 7800 25134 20213 -4921
VT0.5_8 VT0.5 8 7900 24469 20193 -4276
VT0.5_8 VT0.5 8 8000 23376 19964 -3412
VT0.5_8 VT0.5 8 8100 22951 18649 -4302
VT0.5_8 VT0.5 8 8200 26240 19530 -6710
VT0.5_8 VT0.5 8 8300 26808 19729 -7079
VT0.5_8 VT0.5 8 8400 27028 20435 -6593
VT0.5_8 VT0.5 8 8500 27082 20767 -6315
VT0.5_8 VT0.5 8 8600 25813 21617 -4196
VT0.5_8 VT0.5 8 8700 25586 21364 -4222
VT0.5_8 VT0.5 8 8800 23637 19474 -4163
VT0.5_8 VT0.5 8 8900 24411 19894 -4517
VT0.5_8 VT0.5 8 9000 23530 19180 -4350
VT0.5_8 VT0.5 8 9100 23360 18747 -4613
VT0.5_8 VT0.5 8 9200 24911 18827 -6084
VT0.5_8 VT0.5 8 9300 24864 19762 -5102
VT0.5_8 VT0.5 8 9400 24368 20343 -4025
VT0.5_8 VT0.5 8 9500 24406 20343 -4063
VT0.5_8 VT0.5 8 9600 24701 20647 -4054
VT0.5_8 VT0.5 8 9700 24540 20352 -4188
VT0.5_8 VT0.5 8 9800 25411 19636 -5775
VT0.5_8 VT0.5 8 9900 25876 18219 -7657
VT0.5_8 VT0.5 8 10000 25155 17816 -7339
VT0.5_8 VT0.5 8 10100 25724 19299 -6425
VT0.5_8 VT0.5 8 10200 24827 19026 -5801
VT0.5_8 VT0.5 8 10300 26085 19547 -6538
VT0.5_8 VT0.5 8 10400 24342 19194 -5148
VT0.5_8 VT0.5 8 10500 25376 19518 -5858
VT0.5_8 VT0.5 8 10600 26198 18729 -7469
VT0.5_8 VT0.5 8 10700 24700 18917 -5783
VT0.5_8 VT0.5 8 10800 23587 18670 -4917
VT0.5_8 VT0.5 8 10900 23106 19001 -4105
VT0.5_8 VT0.5 8 11000 24811 19305 -5506
VT0.5_8 VT0.5 8 11100 24677 19185 -5492
VT0.5_8 VT0.5 8 11200 24515 19215 -5300
VT0.5_8 VT0.5 8 11300 25240 19443 -5797
VT0.5_8 VT0.5 8 11400 25757 19349 -6408
VT0.5_8 VT0.5 8 11500 25319 19206 -6113
VT0.5_8 VT0.5 8 11600 25033 19686 -5347
VT0.5_8 VT0.5 8 11700 25137 19884 -5253
VT0.5_8 VT0.5 8 11800 25492 20133 -5359
VT0.5_8 VT0.5 8 11900 25898 18939 -6959
VT0.5_8 VT0.5 8 12000 24610 18540 -6070
VT0.5_8 VT0.5 8 12100 25520 18344 -7176
VT0.5_8 VT0.5 8 12200 26116 19746 -6370
VT0.5_8 VT0.5 8 12300 26081 19882 -6199
VT0.5_8 VT0.5 8 12400 25367 20552 -4815
VT0.5_8 VT0.5 8 12500 24635 19659 -4976
VT0.5_8 VT0.5 8 12600 24628 19589 -5039
VT0.5_8 VT0.5 8 12700 22780 19940 -2840
VT0.5_8 VT0.5 8 12800 23766 19171 -4595
VT0.5_8 VT0.5 8 12900 23210 19693 -3517
VT0.5_8 VT0.5 8 13000 23285 20725 -2560
VT0.5_8 VT0.5 8 13100 23293 20641 -2652
VT0.5_8 VT0.5 8 13200 24416 20291 -4125
VT0.5_8 VT0.5 8 13300 24324 19912 -4412
VT0.5_8 VT0.5 8 13400 23270 19659 -3611
VT0.5_8 VT0.5 8 13500 23954 18677 -5277
VT0.5_8 VT0.5 8 13600 23534 19421 -4113
VT0.5_8 VT0.5 8 13700 24089 18950 -5139
VT0.5_8 VT0.5 8 13800 24725 17625 -7100
VT0.5_8 VT0.5 8 13900 22820 18075 -4745
VT0.5_8 VT0.5 8 14000 24384 18916 -5468
VT0.5_8 VT0.5 8 14100 25496 19191 -6305
VT0.5_8 VT0.5 8 14200 24689 18864 -5825
VT0.5_8 VT0.5 8 14300 25125 19219 -5906
VT0.5_8 VT0.5 8 14400 24106 18867 -5239
VT0.5_8 VT0.5 8 14500 24967 18740 -6227
VT0.5_8 VT0.5 8 14600 24635 19481 -5154
VT0.5_8 VT0.5 8 14700 24804 17979 -6825
VT0.5_8 VT0.5 8 14800 24109 17776 -6333
VT0.5_8 VT0.5 8 14900 23954 18526 -5428
VT0.5_8 VT0.5 8 15000 24608 19387 -5221
VT0.5_8 VT0.5 8 15100 24130 19202 -4928
VT0.5_8 VT0.5 8 15200 24483 19617 -4866
VT0.5_8 VT0.5 8 15300 24859 19559 -5300
VT0.5_8 VT0.5 8 15400 24348 18696 -5652
VT0.5_8 VT0.5 8 15500 24353 19390 -4963
VT0.5_8 VT0.5 8 15600 24542 19391 -5151
VT0.5_8 VT0.5 8 15700 25731 19404 -6327
VT0.5_8 VT0.5 8 15800 26579 19759 -6820
VT0.5_8 VT0.5 8 15900 26073 19539 -6534
VT0.5_8 VT0.5 8 16000 26191 20254 -5937
VT0.5_8 VT0.5 8 16100 25220 20886 -4334
VT0.5_8 VT0.5 8 16200 26080 20761 -5319
VT0.5_8 VT0.5 8 16300 25962 20382 -5580
VT0.5_8 VT0.5 8 16400 24264 20185 -4079
VT0.5_8 VT0.5 8 16500 23739 19116 -4623
VT0.5_8 VT0.5 8 16600 25023 19857 -5166
VT0.5_8 VT0.5 8 16700 24780 19310 -5470
VT0.5_8 VT0.5 8 16800 25621 18770 -6851
VT0.5_8 VT0.5 8 16900 24588 18827 -5761
VT0.5_8 VT0.5 8 17000 25328 18621 -6707
VT0.5_8 VT0.5 8 17100 24821 19737 -5084
VT0.5_8 VT0.5 8 17200 25035 19121 -5914
VT0.5_8 VT0.5 8 17300 22278 18789 -3489
VT0.5_8 VT0.5 8 17400 22518 19744 -2774
VT0.5_8 VT0.5 8 17500 24398 19690 -4708
VT0.5_8 VT0.5 8 17600 24349 20146 -4203
VT0.5_8 VT0.5 8 17700 24276 21059 -3217
VT0.5_8 VT0.5 8 17800 24088 20760 -3328
VT0.5_8 VT0.5 8 17900 25359 20226 -5133
VT0.5_8 VT0.5 8 18000 23983 19747 -4236
VT0.5_8 VT0.5 8 18100 23777 19428 -4349
VT0.5_8 VT0.5 8 18200 24411 19631 -4780
VT0.5_8 VT0.5 8 18300 24091 19621 -4470
VT0.5_8 VT0.5 8 18400 23949 20985 -2964
VT0.5_8 VT0.5 8 18500 24307 20497 -3810
VT0.5_8 VT0.5 8 18600 24196 20317 -3879
VT0.5_8 VT0.5 8 18700 25037 21589 -3448
VT0.5_8 VT0.5 8 18800 24924 20637 -4287
VT0.5_8 VT0.5 8 18900 25854 21013 -4841
VT0.5_8 VT0.5 8 19000 24955 21208 -3747
VT0.5_8 VT0.5 8 19100 24465 20115 -4350
VT0.5_8 VT0.5 8 19200 24334 20196 -4138
VT0.5_8 VT0.5 8 19300 24002 20639 -3363
VT0.5_8 VT0.5 8 19400 25097 20398 -4699
VT0.5_8 VT0.5 8 19500 24638 19194 -5444
VT0.5_8 VT0.5 8 19600 25808 19017 -6791
VT0.5_8 VT0.5 8 19700 25267 18451 -6816
VT0.5_8 VT0.5 8 19800 24044 18569 -5475
VT0.5_8 VT0.5 8 19900 24998 19052 -5946
VT0.5_8 VT0.5 8 20000 25067 20330 -4737
VT0.5_9 VT0.5 9 0 0 0 0
VT0.5_9 VT0.5 9 100 37 1483 1446
VT0.5_9 VT0.5 9 200 430 10475 10045
VT0.5_9 VT0.5 9 300 724 18405 17681
VT0.5_9 VT0.5 9 400 990 24667 23677
VT0.5_9 VT0.5 9 500 1194 30761 29567
VT0.5_9 VT0.5 9 600 1165 30676 29511
VT0.5_9 VT0.5 9 700 4089 31671 27582
VT0.5_9 VT0.5 9 800 11258 49739 38481
VT0.5_9 VT0.5 9 900 16433 43718 27285
VT0.5_9 VT0.5 9 1000 24968 39490 14522
VT0.5_9 VT0.5 9 1100 28461 33988 5527
VT0.5_9 VT0.5 9 1200 32678 28852 -3826
VT0.5_9 VT0.5 9 1300 37218 27487 -9731
VT0.5_9 VT0.5 9 1400 38691 25913 -12778
VT0.5_9 VT0.5 9 1500 41012 25011 -16001
VT0.5_9 VT0.5 9 1600 35874 23685 -12189
VT0.5_9 VT0.5 9 1700 37242 23967 -13275
VT0.5_9 VT0.5 9 1800 41898 23263 -18635
VT0.5_9 VT0.5 9 1900 41111 24973 -16138
VT0.5_9 VT0.5 9 2000 41407 23425 -17982
VT0.5_9 VT0.5 9 2100 45153 23925 -21228
VT0.5_9 VT0.5 9 2200 43622 23407 -20215
VT0.5_9 VT0.5 9 2300 43091 22249 -20842
VT0.5_9 VT0.5 9 2400 39081 22861 -16220
VT0.5_9 VT0.5 9 2500 39703 25956 -13747
VT0.5_9 VT0.5 9 2600 39335 27858 -11477
VT0.5_9 VT0.5 9 2700 42470 28702 -13768
VT0.5_9 VT0.5 9 2800 41461 26525 -14936
VT0.5_9 VT0.5 9 2900 44609 24848 -19761
VT0.5_9 VT0.5 9 3000 43362 25272 -18090
VT0.5_9 VT0.5 9 3100 42015 26583 -15432
VT0.5_9 VT0.5 9 3200 45139 29085 -16054
VT0.5_9 VT0.5 9 3300 43376 28347 -15029
VT0.5_9 VT0.5 9 3400 48439 28583 -19856
VT0.5_9 VT0.5 9 3500 49201 28481 -20720
VT0.5_9 VT0.5 9 3600 50711 27698 -23013
VT0.5_9 VT0.5 9 3700 51530 27726 -23804
VT0.5_9 VT0.5 9 3800 48903 27679 -21224
VT0.5_9 VT0.5 9 3900 49201 26233 -22968
VT0.5_9 VT0.5 9 4000 46560 25484 -21076
VT0.5_9 VT0.5 9 4100 42375 24170 -18205
VT0.5_9 VT0.5 9 4200 44099 24048 -20051
VT0.5_9 VT0.5 9 4300 44460 24440 -20020
VT0.5_9 VT0.5 9 4400 47956 25794 -22162
VT0.5_9 VT0.5 9 4500 46117 27153 -18964
VT0.5_9 VT0.5 9 4600 45617 27607 -18010
VT0.5_9 VT0.5 9 4700 44349 26903 -17446
VT0.5_9 VT0.5 9 4800 47749 25498 -22251
VT0.5_9 VT0.5 9 4900 46611 23578 -23033
VT0.5_9 VT0.5 9 5000 48378 25221 -23157
VT0.5_9 VT0.5 9 5100 46062 26091 -19971
VT0.5_9 VT0.5 9 5200 44999 26583 -18416
VT0.5_9 VT0.5 9 5300 43837 27161 -16676
VT0.5_9 VT0.5 9 5400 42892 27718 -15174
VT0.5_9 VT0.5 9 5500 45258 27404 -17854
VT0.5_9 VT0.5 9 5600 49186 27720 -21466
VT0.5_9 VT0.5 9 5700 44811 27953 -16858
VT0.5_9 VT0.5 9 5800 40001 25221 -14780
VT0.5_9 VT0.5 9 5900 41909 22887 -19022
VT0.5_9 VT0.5 9 6000 44299 23529 -20770
VT0.5_9 VT0.5 9 6100 42545 24448 -18097
VT0.5_9 VT0.5 9 6200 40842 24671 -16171
VT0.5_9 VT0.5 9 6300 38795 24089 -14706
VT0.5_9 VT0.5 9 6400 38666 24889 -13777
VT0.5_9 VT0.5 9 6500 41368 24360 -17008
VT0.5_9 VT0.5 9 6600 42401 23591 -18810
VT0.5_9 VT0.5 9 6700 45250 22900 -22350
VT0.5_9 VT0.5 9 6800 41985 24027 -17958
VT0.5_9 VT0.5 9 6900 38354 25232 -13122
VT0.5_9 VT0.5 9 7000 38114 23727 -14387
VT0.5_9 VT0.5 9 7100 39097 22710 -16387
VT0.5_9 VT0.5 9 7200 39929 22529 -17400
VT0.5_9 VT0.5 9 7300 40927 22538 -18389
VT0.5_9 VT0.5 9 7400 41121 21766 -19355
VT0.5_9 VT0.5 9 7500 41828 21223 -20605
VT0.5_9 VT0.5 9 7600 40529 22022 -18507
VT0.5_9 VT0.5 9 7700 40241 22294 -17947
VT0.5_9 VT0.5 9 7800 42563 22999 -19564
VT0.5_9 VT0.5 9 7900 42060 24492 -17568
VT0.5_9 VT0.5 9 8000 43190 22616 -20574
VT0.5_9 VT0.5 9 8100 40103 21292 -18811
VT0.5_9 VT0.5 9 8200 44559 22701 -21858
VT0.5_9 VT0.5 9 8300 41732 23211 -18521
VT0.5_9 VT0.5 9 8400 39609 22520 -17089
VT0.5_9 VT0.5 9 8500 39053 21441 -17612
VT0.5_9 VT0.5 9 8600 39729 21746 -17983
VT0.5_9 VT0.5 9 8700 41743 21900 -19843
VT0.5_9 VT0.5 9 8800 43556 22899 -20657
VT0.5_9 VT0.5 9 8900 43195 22834 -20361
VT0.5_9 VT0.5 9 9000 42365 23851 -18514
VT0.5_9 VT0.5 9 9100 43659 23741 -19918
VT0.5_9 VT0.5 9 9200 42840 23438 -19402
VT0.5_9 VT0.5 9 9300 44610 22012 -22598
VT0.5_9 VT0.5 9 9400 43671 21421 -22250
VT0.5_9 VT0.5 9 9500 41808 21737 -20071
VT0.5_9 VT0.5 9 9600 39909 21891 -18018
VT0.5_9 VT0.5 9 9700 41595 21982 -19613
VT0.5_9 VT0.5 9 9800 41252 22155 -19097
VT0.5_9 VT0.5 9 9900 40591 22868 -17723
VT0.5_9 VT0.5 9 10000 37678 23878 -13800
VT0.5_9 VT0.5 9 10100 42660 24902 -17758
VT0.5_9 VT0.5 9 10200 42986 22274 -20712
VT0.5_9 VT0.5 9 10300 42148 21295 -20853
VT0.5_9 VT0.5 9 10400 43120 21322 -21798
VT0.5_9 VT0.5 9 10500 39207 21974 -17233
VT0.5_9 VT0.5 9 10600 37802 22196 -15606
VT0.5_9 VT0.5 9 10700 40230 23003 -17227
VT0.5_9 VT0.5 9 10800 38180 22345 -15835
VT0.5_9 VT0.5 9 10900 39317 21435 -17882
VT0.5_9 VT0.5 9 11000 37831 21627 -16204
VT0.5_9 VT0.5 9 11100 40664 21294 -19370
VT0.5_9 VT0.5 9 11200 38100 21871 -16229
VT0.5_9 VT0.5 9 11300 36519 23440 -13079
VT0.5_9 VT0.5 9 11400 36901 21609 -15292
VT0.5_9 VT0.5 9 11500 37130 20916 -16214
VT0.5_9 VT0.5 9 11600 42711 21718 -20993
VT0.5_9 VT0.5 9 11700 40933 22049 -18884
VT0.5_9 VT0.5 9 11800 45353 23017 -22336
VT0.5_9 VT0.5 9 11900 42239 22771 -19468
VT0.5_9 VT0.5 9 12000 41207 23150 -18057
VT0.5_9 VT0.5 9 12100 39168 21677 -17491
VT0.5_9 VT0.5 9 12200 40725 21076 -19649
VT0.5_9 VT0.5 9 12300 42371 21502 -20869
VT0.5_9 VT0.5 9 12400 39343 19224 -20119
VT0.5_9 VT0.5 9 12500 39682 19645 -20037
VT0.5_9 VT0.5 9 12600 38204 22219 -15985
VT0.5_9 VT0.5 9 12700 36559 20851 -15708
VT0.5_9 VT0.5 9 12800 40499 21051 -19448
VT0.5_9 VT0.5 9 12900 38741 19702 -19039
VT0.5_9 VT0.5 9 13000 38338 20364 -17974
VT0.5_9 VT0.5 9 13100 42242 20235 -22007
VT0.5_9 VT0.5 9 13200 41719 20466 -21253
VT0.5_9 VT0.5 9 13300 38204 21127 -17077
VT0.5_9 VT0.5 9 13400 41856 21748 -20108
VT0.5_9 VT0.5 9 13500 40539 22218 -18321
VT0.5_9 VT0.5 9 13600 44056 23726 -20330
VT0.5_9 VT0.5 9 13700 42270 23698 -18572
VT0.5_9 VT0.5 9 13800 41112 23407 -17705
VT0.5_9 VT0.5 9 13900 41183 23946 -17237
VT0.5_9 VT0.5 9 14000 37632 23090 -14542
VT0.5_9 VT0.5 9 14100 34913 21867 -13046
VT0.5_9 VT0.5 9 14200 37231 22268 -14963
VT0.5_9 VT0.5 9 14300 38167 22680 -15487
VT0.5_9 VT0.5 9 14400 37584 21938 -15646
VT0.5_9 VT0.5 9 14500 38948 22747 -16201
VT0.5_9 VT0.5 9 14600 39782 22097 -17685
VT0.5_9 VT0.5 9 14700 42014 22259 -19755
VT0.5_9 VT0.5 9 14800 40904 22574 -18330
VT0.5_9 VT0.5 9 14900 41059 23275 -17784
VT0.5_9 VT0.5 9 15000 38428 23225 -15203
VT0.5_9 VT0.5 9 15100 38847 22620 -16227
VT0.5_9 VT0.5 9 15200 36406 23731 -12675
VT0.5_9 VT0.5 9 15300 40318 23063 -17255
VT0.5_9 VT0.5 9 15400 38266 20892 -17374
VT0.5_9 VT0.5 9 15500 37129 22007 -15122
VT0.5_9 VT0.5 9 15600 39539 20565 -18974
VT0.5_9 VT0.5 9 15700 36323 19806 -16517
VT0.5_9 VT0.5 9 15800 41624 21006 -20618
VT0.5_9 VT0.5 9 15900 41034 21319 -19715
VT0.5_9 VT0.5 9 16000 39221 22380 -16841
VT0.5_9 VT0.5 9 16100 40045 22300 -17745
VT0.5_9 VT0.5 9 16200 40401 21582 -18819
VT0.5_9 VT0.5 9 16300 38568 21768 -16800
VT0.5_9 VT0.5 9 16400 42958 23183 -19775
VT0.5_9 VT0.5 9 16500 37983 23277 -14706
VT0.5_9 VT0.5 9 16600 40150 22865 -17285
VT0.5_9 VT0.5 9 16700 40855 24074 -16781
VT0.5_9 VT0.5 9 16800 41324 23287 -18037
VT0.5_9 VT0.5 9 16900 38178 22119 -16059
VT0.5_9 VT0.5 9 17000 39631 21886 -17745
VT0.5_9 VT0.5 9 17100 43180 22269 -20911
VT0.5_9 VT0.5 9 17200 37153 21676 -15477
VT0.5_9 VT0.5 9 17300 35797 22031 -13766
VT0.5_9 VT0.5 9 17400 34362 22688 -11674
VT0.5_9 VT0.5 9 17500 39727 21300 -18427
VT0.5_9 VT0.5 9 17600 36889 22357 -14532
VT0.5_9 VT0.5 9 17700 37417 21042 -16375
VT0.5_9 VT0.5 9 17800 39268 21488 -17780
VT0.5_9 VT0.5 9 17900 41738 22368 -19370
VT0.5_9 VT0.5 9 18000 45177 22355 -22822
VT0.5_9 VT0.5 9 18100 44741 21114 -23627
VT0.5_9 VT0.5 9 18200 42206 21748 -20458
VT0.5_9 VT0.5 9 18300 45554 24365 -21189
VT0.5_9 VT0.5 9 18400 40584 23275 -17309
VT0.5_9 VT0.5 9 18500 40268 22797 -17471
VT0.5_9 VT0.5 9 18600 40272 22004 -18268
VT0.5_9 VT0.5 9 18700 38906 23851 -15055
VT0.5_9 VT0.5 9 18800 37717 22899 -14818
VT0.5_9 VT0.5 9 18900 35577 21325 -14252
VT0.5_9 VT0.5 9 19000 34413 23215 -11198
VT0.5_9 VT0.5 9 19100 36094 22494 -13600
VT0.5_9 VT0.5 9 19200 37529 21881 -15648
VT0.5_9 VT0.5 9 19300 36380 22962 -13418
VT0.5_9 VT0.5 9 19400 35501 22742 -12759
VT0.5_9 VT0.5 9 19500 38184 23533 -14651
VT0.5_9 VT0.5 9 19600 42430 23362 -19068
VT0.5_9 VT0.5 9 19700 39516 23019 -16497
VT0.5_9 VT0.5 9 19800 37225 22659 -14566
VT0.5_9 VT0.5 9 19900 35905 22143 -13762
VT0.5_9 VT0.5 9 20000 39805 21845 -17960
VT0.5_10 VT0.5 10 0 0 0 0
VT0.5_10 VT0.5 10 100 46 1465 1419
VT0.5_10 VT0.5 10 200 494 10313 9819
VT0.5_10 VT0.5 10 300 792 18137 17345
VT0.5_10 VT0.5 10 400 953 24404 23451
VT0.5_10 VT0.5 10 500 1221 30688 29467
VT0.5_10 VT0.5 10 600 1400 36600 35200
VT0.5_10 VT0.5 10 700 1609 40911 39302
VT0.5_10 VT0.5 10 800 2090 38988 36898
VT0.5_10 VT0.5 10 900 2673 32140 29467
VT0.5_10 VT0.5 10 1000 6160 33052 26892
VT0.5_10 VT0.5 10 1100 57664 33125 -24539
VT0.5_10 VT0.5 10 1200 121001 29134 -91867
VT0.5_10 VT0.5 10 1300 60891 24304 -36587
VT0.5_10 VT0.5 10 1400 44372 22486 -21886
VT0.5_10 VT0.5 10 1500 41796 21246 -20550
VT0.5_10 VT0.5 10 1600 39177 21487 -17690
VT0.5_10 VT0.5 10 1700 42373 21808 -20565
VT0.5_10 VT0.5 10 1800 41971 21069 -20902
VT0.5_10 VT0.5 10 1900 42706 20550 -22156
VT0.5_10 VT0.5 10 2000 41542 21334 -20208
VT0.5_10 VT0.5 10 2100 46193 21422 -24771
VT0.5_10 VT0.5 10 2200 43372 22985 -20387
VT0.5_10 VT0.5 10 2300 44635 22274 -22361
VT0.5_10 VT0.5 10 2400 41907 23383 -18524
VT0.5_10 VT0.5 10 2500 46798 22198 -24600
VT0.5_10 VT0.5 10 2600 43617 22203 -21414
VT0.5_10 VT0.5 10 2700 46557 22875 -23682
VT0.5_10 VT0.5 10 2800 47937 22501 -25436
VT0.5_10 VT0.5 10 2900 48101 22861 -25240
VT0.5_10 VT0.5 10 3000 46019 23937 -22082
VT0.5_10 VT0.5 10 3100 43789 24567 -19222
VT0.5_10 VT0.5 10 3200 41764 23997 -17767
VT0.5_10 VT0.5 10 3300 41280 24319 -16961
VT0.5_10 VT0.5 10 3400 43934 24138 -19796
VT0.5_10 VT0.5 10 3500 43804 22881 -20923
VT0.5_10 VT0.5 10 3600 43948 22866 -21082
VT0.5_10 VT0.5 10 3700 46547 23367 -23180
VT0.5_10 VT0.5 10 3800 43702 24264 -19438
VT0.5_10 VT0.5 10 3900 45373 24388 -20985
VT0.5_10 VT0.5 10 4000 43965 25894 -18071
VT0.5_10 VT0.5 10 4100 47808 25555 -22253
VT0.5_10 VT0.5 10 4200 46002 25116 -20886
VT0.5_10 VT0.5 10 4300 45656 24404 -21252
VT0.5_10 VT0.5 10 4400 47569 22224 -25345
VT0.5_10 VT0.5 10 4500 43893 22992 -20901
VT0.5_10 VT0.5 10 4600 47235 23049 -24186
VT0.5_10 VT0.5 10 4700 44171 24903 -19268
VT0.5_10 VT0.5 10 4800 44849 26634 -18215
VT0.5_10 VT0.5 10 4900 44710 24467 -20243
VT0.5_10 VT0.5 10 5000 47554 24157 -23397
VT0.5_10 VT0.5 10 5100 47664 25447 -22217
VT0.5_10 VT0.5 10 5200 46279 24660 -21619
VT0.5_10 VT0.5 10 5300 46788 23540 -23248
VT0.5_10 VT0.5 10 5400 42910 23387 -19523
VT0.5_10 VT0.5 10 5500 41623 23486 -18137
VT0.5_10 VT0.5 10 5600 44424 22753 -21671
VT0.5_10 VT0.5 10 5700 48979 22580 -26399
VT0.5_10 VT0.5 10 5800 47778 21971 -25807
VT0.5_10 VT0.5 10 5900 52105 23418 -28687
VT0.5_10 VT0.5 10 6000 46272 22928 -23344
VT0.5_10 VT0.5 10 6100 48099 22203 -25896
VT0.5_10 VT0.5 10 6200 47019 22125 -24894
VT0.5_10 VT0.5 10 6300 47263 24581 -22682
VT0.5_10 VT0.5 10 6400 44372 22688 -21684
VT0.5_10 VT0.5 10 6500 42788 21697 -21091
VT0.5_10 VT0.5 10 6600 42995 21149 -21846
VT0.5_10 VT0.5 10 6700 39264 22831 -16433
VT0.5_10 VT0.5 10 6800 42831 22765 -20066
VT0.5_10 VT0.5 10 6900 45357 23484 -21873
VT0.5_10 VT0.5 10 7000 41838 21634 -20204
VT0.5_10 VT0.5 10 7100 41396 22905 -18491
VT0.5_10 VT0.5 10 7200 42010 22326 -19684
VT0.5_10 VT0.5 10 7300 44809 22805 -22004
VT0.5_10 VT0.5 10 7400 43102 22505 -20597
VT0.5_10 VT0.5 10 7500 44458 22536 -21922
VT0.5_10 VT0.5 10 7600 46077 22450 -23627
VT0.5_10 VT0.5 10 7700 49082 22568 -26514
VT0.5_10 VT0.5 10 7800 47685 23527 -24158
VT0.5_10 VT0.5 10 7900 45032 24849 -20183
VT0.5_10 VT0.5 10 8000 44072 23197 -20875
VT0.5_10 VT0.5 10 8100 46918 22955 -23963
VT0.5_10 VT0.5 10 8200 42769 21544 -21225
VT0.5_10 VT0.5 10 8300 40589 21351 -19238
VT0.5_10 VT0.5 10 8400 46619 22248 -24371
VT0.5_10 VT0.5 10 8500 43719 21890 -21829
VT0.5_10 VT0.5 10 8600 44082 23012 -21070
VT0.5_10 VT0.5 10 8700 42830 21854 -20976
VT0.5_10 VT0.5 10 8800 41403 20694 -20709
VT0.5_10 VT0.5 10 8900 45406 22345 -23061
VT0.5_10 VT0.5 10 9000 43750 20814 -22936
VT0.5_10 VT0.5 10 9100 45229 21739 -23490
VT0.5_10 VT0.5 10 9200 44046 22220 -21826
VT0.5_10 VT0.5 10 9300 39167 22320 -16847
VT0.5_10 VT0.5 10 9400 41075 23388 -17687
VT0.5_10 VT0.5 10 9500 42802 24179 -18623
VT0.5_10 VT0.5 10 9600 41089 25524 -15565
VT0.5_10 VT0.5 10 9700 46107 24995 -21112
VT0.5_10 VT0.5 10 9800 48131 22540 -25591
VT0.5_10 VT0.5 10 9900 43756 21431 -22325
VT0.5_10 VT0.5 10 10000 45913 20805 -25108
VT0.5_10 VT0.5 10 10100 43682 20902 -22780
VT0.5_10 VT0.5 10 10200 42176 22547 -19629
VT0.5_10 VT0.5 10 10300 40516 22255 -18261
VT0.5_10 VT0.5 10 10400 46275 23889 -22386
VT0.5_10 VT0.5 10 10500 42442 22935 -19507
VT0.5_10 VT0.5 10 10600 45197 23450 -21747
VT0.5_10 VT0.5 10 10700 47030 24678 -22352
VT0.5_10 VT0.5 10 10800 45570 23961 -21609
VT0.5_10 VT0.5 10 10900 42795 23336 -19459
VT0.5_10 VT0.5 10 11000 40359 24086 -16273
VT0.5_10 VT0.5 10 11100 43879 23849 -20030
VT0.5_10 VT0.5 10 11200 43629 24289 -19340
VT0.5_10 VT0.5 10 11300 42015 23895 -18120
VT0.5_10 VT0.5 10 11400 45643 23130 -22513
VT0.5_10 VT0.5 10 11500 44471 23051 -21420
VT0.5_10 VT0.5 10 11600 44554 23906 -20648
VT0.5_10 VT0.5 10 11700 44411 23211 -21200
VT0.5_10 VT0.5 10 11800 44911 23287 -21624
VT0.5_10 VT0.5 10 11900 41926 22169 -19757
VT0.5_10 VT0.5 10 12000 39525 21318 -18207
VT0.5_10 VT0.5 10 12100 44749 22514 -22235
VT0.5_10 VT0.5 10 12200 41540 20383 -21157
VT0.5_10 VT0.5 10 12300 44630 20976 -23654
VT0.5_10 VT0.5 10 12400 46367 21310 -25057
VT0.5_10 VT0.5 10 12500 45895 22009 -23886
VT0.5_10 VT0.5 10 12600 46513 20437 -26076
VT0.5_10 VT0.5 10 12700 49124 20464 -28660
VT0.5_10 VT0.5 10 12800 45361 20908 -24453
VT0.5_10 VT0.5 10 12900 44550 22777 -21773
VT0.5_10 VT0.5 10 13000 44166 23908 -20258
VT0.5_10 VT0.5 10 13100 45083 24050 -21033
VT0.5_10 VT0.5 10 13200 45547 23757 -21790
VT0.5_10 VT0.5 10 13300 45735 22970 -22765
VT0.5_10 VT0.5 10 13400 42424 23201 -19223
VT0.5_10 VT0.5 10 13500 43740 22734 -21006
VT0.5_10 VT0.5 10 13600 47583 22772 -24811
VT0.5_10 VT0.5 10 13700 48658 23529 -25129
VT0.5_10 VT0.5 10 13800 42813 21633 -21180
VT0.5_10 VT0.5 10 13900 46798 21599 -25199
VT0.5_10 VT0.5 10 14000 42391 21061 -21330
VT0.5_10 VT0.5 10 14100 43934 22367 -21567
VT0.5_10 VT0.5 10 14200 47698 21836 -25862
VT0.5_10 VT0.5 10 14300 48308 21818 -26490
VT0.5_10 VT0.5 10 14400 43123 22032 -21091
VT0.5_10 VT0.5 10 14500 42069 21889 -20180
VT0.5_10 VT0.5 10 14600 46513 21213 -25300
VT0.5_10 VT0.5 10 14700 42771 22103 -20668
VT0.5_10 VT0.5 10 14800 41335 22865 -18470
VT0.5_10 VT0.5 10 14900 39102 22802 -16300
VT0.5_10 VT0.5 10 15000 41547 22604 -18943
VT0.5_10 VT0.5 10 15100 42184 23590 -18594
VT0.5_10 VT0.5 10 15200 46788 23029 -23759
VT0.5_10 VT0.5 10 15300 45994 22596 -23398
VT0.5_10 VT0.5 10 15400 45362 22678 -22684
VT0.5_10 VT0.5 10 15500 42227 22798 -19429
VT0.5_10 VT0.5 10 15600 43003 22089 -20914
VT0.5_10 VT0.5 10 15700 44170 22734 -21436
VT0.5_10 VT0.5 10 15800 46184 23403 -22781
VT0.5_10 VT0.5 10 15900 42265 23314 -18951
VT0.5_10 VT0.5 10 16000 41707 21657 -20050
VT0.5_10 VT0.5 10 16100 40071 22528 -17543
VT0.5_10 VT0.5 10 16200 41170 21869 -19301
VT0.5_10 VT0.5 10 16300 43199 22119 -21080
VT0.5_10 VT0.5 10 16400 42528 22543 -19985
VT0.5_10 VT0.5 10 16500 45345 21490 -23855
VT0.5_10 VT0.5 10 16600 44832 21814 -23018
VT0.5_10 VT0.5 10 16700 44583 23491 -21092
VT0.5_10 VT0.5 10 16800 41922 21933 -19989
VT0.5_10 VT0.5 10 16900 44219 22759 -21460
VT0.5_10 VT0.5 10 17000 47267 23434 -23833
VT0.5_10 VT0.5 10 17100 48164 22367 -25797
VT0.5_10 VT0.5 10 17200 49472 22781 -26691
VT0.5_10 VT0.5 10 17300 51153 21855 -29298
VT0.5_10 VT0.5 10 17400 48282 23110 -25172
VT0.5_10 VT0.5 10 17500 48989 21588 -27401
VT0.5_10 VT0.5 10 17600 48283 21586 -26697
VT0.5_10 VT0.5 10 17700 48451 21759 -26692
VT0.5_10 VT0.5 10 17800 50764 21392 -29372
VT0.5_10 VT0.5 10 17900 47934 23991 -23943
VT0.5_10 VT0.5 10 18000 45322 22781 -22541
VT0.5_10 VT0.5 10 18100 43725 21812 -21913
VT0.5_10 VT0.5 10 18200 43834 20541 -23293
VT0.5_10 VT0.5 10 18300 45109 20880 -24229
VT0.5_10 VT0.5 10 18400 43050 23368 -19682
VT0.5_10 VT0.5 10 18500 46213 24737 -21476
VT0.5_10 VT0.5 10 18600 45492 25930 -19562
VT0.5_10 VT0.5 10 18700 44659 26188 -18471
VT0.5_10 VT0.5 10 18800 41808 24342 -17466
VT0.5_10 VT0.5 10 18900 44589 22175 -22414
VT0.5_10 VT0.5 10 19000 48266 22409 -25857
VT0.5_10 VT0.5 10 19100 43686 23685 -20001
VT0.5_10 VT0.5 10 19200 44070 22037 -22033
VT0.5_10 VT0.5 10 19300 40934 21702 -19232
VT0.5_10 VT0.5 10 19400 41446 21522 -19924
VT0.5_10 VT0.5 10 19500 43057 22759 -20298
VT0.5_10 VT0.5 10 19600 43958 23323 -20635
VT0.5_10 VT0.5 10 19700 46209 23045 -23164
VT0.5_10 VT0.5 10 19800 44609 21226 -23383
VT0.5_10 VT0.5 10 19900 44078 20431 -23647
VT0.5_10 VT0.5 10 20000 47845 21589 -26256
VT0.75_1 VT0.75 1 0 0 0 0
VT0.75_1 VT0.75 1 100 64 1822 1758
VT0.75_1 VT0.75 1 200 519 11146 10627
VT0.75_1 VT0.75 1 300 909 19792 18883
VT0.75_1 VT0.75 1 400 1222 26279 25057
VT0.75_1 VT0.75 1 500 1537 32911 31374
VT0.75_1 VT0.75 1 600 1697 39090 37393
VT0.75_1 VT0.75 1 700 1691 44116 42425
VT0.75_1 VT0.75 1 800 2394 43053 40659
VT0.75_1 VT0.75 1 900 44422 60225 15803
VT0.75_1 VT0.75 1 1000 47924 55410 7486
VT0.75_1 VT0.75 1 1100 21162 40814 19652
VT0.75_1 VT0.75 1 1200 19029 35918 16889
VT0.75_1 VT0.75 1 1300 22293 32024 9731
VT0.75_1 VT0.75 1 1400 25787 30974 5187
VT0.75_1 VT0.75 1 1500 27892 27422 -470
VT0.75_1 VT0.75 1 1600 29791 23497 -6294
VT0.75_1 VT0.75 1 1700 33758 22742 -11016
VT0.75_1 VT0.75 1 1800 33502 22945 -10557
VT0.75_1 VT0.75 1 1900 34156 22627 -11529
VT0.75_1 VT0.75 1 2000 35317 24215 -11102
VT0.75_1 VT0.75 1 2100 35852 25349 -10503
VT0.75_1 VT0.75 1 2200 36591 27840 -8751
VT0.75_1 VT0.75 1 2300 39046 27695 -11351
VT0.75_1 VT0.75 1 2400 39335 26907 -12428
VT0.75_1 VT0.75 1 2500 42723 27100 -15623
VT0.75_1 VT0.75 1 2600 40372 26537 -13835
VT0.75_1 VT0.75 1 2700 40455 26608 -13847
VT0.75_1 VT0.75 1 2800 39214 28149 -11065
VT0.75_1 VT0.75 1 2900 35548 27536 -8012
VT0.75_1 VT0.75 1 3000 37781 28187 -9594
VT0.75_1 VT0.75 1 3100 36220 28806 -7414
VT0.75_1 VT0.75 1 3200 40615 31093 -9522
VT0.75_1 VT0.75 1 3300 42409 31483 -10926
VT0.75_1 VT0.75 1 3400 40834 30967 -9867
VT0.75_1 VT0.75 1 3500 40428 30945 -9483
VT0.75_1 VT0.75 1 3600 42328 32393 -9935
VT0.75_1 VT0.75 1 3700 41294 34121 -7173
VT0.75_1 VT0.75 1 3800 44309 32375 -11934
VT0.75_1 VT0.75 1 3900 43130 33603 -9527
VT0.75_1 VT0.75 1 4000 42245 34182 -8063
VT0.75_1 VT0.75 1 4100 42812 34725 -8087
VT0.75_1 VT0.75 1 4200 41550 34394 -7156
VT0.75_1 VT0.75 1 4300 41042 33314 -7728
VT0.75_1 VT0.75 1 4400 38954 32023 -6931
VT0.75_1 VT0.75 1 4500 39393 32629 -6764
VT0.75_1 VT0.75 1 4600 40148 31095 -9053
VT0.75_1 VT0.75 1 4700 41517 33533 -7984
VT0.75_1 VT0.75 1 4800 36149 34688 -1461
VT0.75_1 VT0.75 1 4900 38920 33681 -5239
VT0.75_1 VT0.75 1 5000 36701 33625 -3076
VT0.75_1 VT0.75 1 5100 38117 31731 -6386
VT0.75_1 VT0.75 1 5200 43348 30352 -12996
VT0.75_1 VT0.75 1 5300 42067 31370 -10697
VT0.75_1 VT0.75 1 5400 41328 29455 -11873
VT0.75_1 VT0.75 1 5500 42877 29364 -13513
VT0.75_1 VT0.75 1 5600 40277 29357 -10920
VT0.75_1 VT0.75 1 5700 40116 28012 -12104
VT0.75_1 VT0.75 1 5800 40345 27782 -12563
VT0.75_1 VT0.75 1 5900 43243 28299 -14944
VT0.75_1 VT0.75 1 6000 43248 29207 -14041
VT0.75_1 VT0.75 1 6100 42960 31396 -11564
VT0.75_1 VT0.75 1 6200 44776 31903 -12873
VT0.75_1 VT0.75 1 6300 44021 31097 -12924
VT0.75_1 VT0.75 1 6400 39972 28815 -11157
VT0.75_1 VT0.75 1 6500 39454 29978 -9476
VT0.75_1 VT0.75 1 6600 40977 28651 -12326
VT0.75_1 VT0.75 1 6700 41153 28578 -12575
VT0.75_1 VT0.75 1 6800 39322 29195 -10127
VT0.75_1 VT0.75 1 6900 38598 27910 -10688
VT0.75_1 VT0.75 1 7000 42357 26997 -15360
VT0.75_1 VT0.75 1 7100 38058 26850 -11208
VT0.75_1 VT0.75 1 7200 40367 26626 -13741
VT0.75_1 VT0.75 1 7300 39641 28394 -11247
VT0.75_1 VT0.75 1 7400 39736 28262 -11474
VT0.75_1 VT0.75 1 7500 39947 30157 -9790
VT0.75_1 VT0.75 1 7600 40597 28661 -11936
VT0.75_1 VT0.75 1 7700 39226 28367 -10859
VT0.75_1 VT0.75 1 7800 40975 27346 -13629
VT0.75_1 VT0.75 1 7900 39282 28252 -11030
VT0.75_1 VT0.75 1 8000 37782 26421 -11361
VT0.75_1 VT0.75 1 8100 39340 28302 -11038
VT0.75_1 VT0.75 1 8200 39812 29490 -10322
VT0.75_1 VT0.75 1 8300 41492 28182 -13310
VT0.75_1 VT0.75 1 8400 40339 27440 -12899
VT0.75_1 VT0.75 1 8500 39422 27631 -11791
VT0.75_1 VT0.75 1 8600 40695 26285 -14410
VT0.75_1 VT0.75 1 8700 37193 26902 -10291
VT0.75_1 VT0.75 1 8800 38270 26963 -11307
VT0.75_1 VT0.75 1 8900 35576 27455 -8121
VT0.75_1 VT0.75 1 9000 36658 27219 -9439
VT0.75_1 VT0.75 1 9100 37439 25601 -11838
VT0.75_1 VT0.75 1 9200 39794 26765 -13029
VT0.75_1 VT0.75 1 9300 40272 28185 -12087
VT0.75_1 VT0.75 1 9400 38969 27553 -11416
VT0.75_1 VT0.75 1 9500 39588 29059 -10529
VT0.75_1 VT0.75 1 9600 42599 27539 -15060
VT0.75_1 VT0.75 1 9700 41923 27192 -14731
VT0.75_1 VT0.75 1 9800 42413 26037 -16376
VT0.75_1 VT0.75 1 9900 41344 28030 -13314
VT0.75_1 VT0.75 1 10000 42772 27978 -14794
VT0.75_1 VT0.75 1 10100 41481 29340 -12141
VT0.75_1 VT0.75 1 10200 41890 27429 -14461
VT0.75_1 VT0.75 1 10300 40383 26694 -13689
VT0.75_1 VT0.75 1 10400 42604 26681 -15923
VT0.75_1 VT0.75 1 10500 42604 27590 -15014
VT0.75_1 VT0.75 1 10600 43388 29899 -13489
VT0.75_1 VT0.75 1 10700 42379 27023 -15356
VT0.75_1 VT0.75 1 10800 40698 27318 -13380
VT0.75_1 VT0.75 1 10900 39934 27038 -12896
VT0.75_1 VT0.75 1 11000 40474 27151 -13323
VT0.75_1 VT0.75 1 11100 42355 29181 -13174
VT0.75_1 VT0.75 1 11200 40367 29245 -11122
VT0.75_1 VT0.75 1 11300 40769 28157 -12612
VT0.75_1 VT0.75 1 11400 40029 26110 -13919
VT0.75_1 VT0.75 1 11500 42021 25745 -16276
VT0.75_1 VT0.75 1 11600 37698 25397 -12301
VT0.75_1 VT0.75 1 11700 40496 27174 -13322
VT0.75_1 VT0.75 1 11800 39487 26317 -13170
VT0.75_1 VT0.75 1 11900 39728 27257 -12471
VT0.75_1 VT0.75 1 12000 38940 28740 -10200
VT0.75_1 VT0.75 1 12100 37802 27369 -10433
VT0.75_1 VT0.75 1 12200 38775 24473 -14302
VT0.75_1 VT0.75 1 12300 39373 25174 -14199
VT0.75_1 VT0.75 1 12400 39183 25692 -13491
VT0.75_1 VT0.75 1 12500 36913 24126 -12787
VT0.75_1 VT0.75 1 12600 35220 22476 -12744
VT0.75_1 VT0.75 1 12700 31842 22889 -8953
VT0.75_1 VT0.75 1 12800 31058 22457 -8601
VT0.75_1 VT0.75 1 12900 28901 21897 -7004
VT0.75_1 VT0.75 1 13000 29787 21760 -8027
VT0.75_1 VT0.75 1 13100 29243 21533 -7710
VT0.75_1 VT0.75 1 13200 28423 22835 -5588
VT0.75_1 VT0.75 1 13300 28817 23801 -5016
VT0.75_1 VT0.75 1 13400 28055 25299 -2756
VT0.75_1 VT0.75 1 13500 27490 24503 -2987
VT0.75_1 VT0.75 1 13600 28366 25517 -2849
VT0.75_1 VT0.75 1 13700 27818 25393 -2425
VT0.75_1 VT0.75 1 13800 27180 24467 -2713
VT0.75_1 VT0.75 1 13900 27191 25203 -1988
VT0.75_1 VT0.75 1 14000 26614 25091 -1523
VT0.75_1 VT0.75 1 14100 25872 23461 -2411
VT0.75_1 VT0.75 1 14200 26778 22190 -4588
VT0.75_1 VT0.75 1 14300 28046 22096 -5950
VT0.75_1 VT0.75 1 14400 28175 23490 -4685
VT0.75_1 VT0.75 1 14500 29109 22826 -6283
VT0.75_1 VT0.75 1 14600 27633 23169 -4464
VT0.75_1 VT0.75 1 14700 28151 22185 -5966
VT0.75_1 VT0.75 1 14800 28260 22514 -5746
VT0.75_1 VT0.75 1 14900 26880 22628 -4252
VT0.75_1 VT0.75 1 15000 26877 23370 -3507
VT0.75_1 VT0.75 1 15100 26773 24074 -2699
VT0.75_1 VT0.75 1 15200 28136 24730 -3406
VT0.75_1 VT0.75 1 15300 28476 25575 -2901
VT0.75_1 VT0.75 1 15400 28859 24248 -4611
VT0.75_1 VT0.75 1 15500 28850 23127 -5723
VT0.75_1 VT0.75 1 15600 28158 23341 -4817
VT0.75_1 VT0.75 1 15700 29569 24629 -4940
VT0.75_1 VT0.75 1 15800 28085 24163 -3922
VT0.75_1 VT0.75 1 15900 27414 23423 -3991
VT0.75_1 VT0.75 1 16000 28988 24861 -4127
VT0.75_1 VT0.75 1 16100 29237 24729 -4508
VT0.75_1 VT0.75 1 16200 30348 24948 -5400
VT0.75_1 VT0.75 1 16300 29610 25609 -4001
VT0.75_1 VT0.75 1 16400 29689 25438 -4251
VT0.75_1 VT0.75 1 16500 27770 25368 -2402
VT0.75_1 VT0.75 1 16600 28434 23393 -5041
VT0.75_1 VT0.75 1 16700 28275 22181 -6094
VT0.75_1 VT0.75 1 16800 27287 22517 -4770
VT0.75_1 VT0.75 1 16900 26576 22244 -4332
VT0.75_1 VT0.75 1 17000 26209 22720 -3489
VT0.75_1 VT0.75 1 17100 26824 22308 -4516
VT0.75_1 VT0.75 1 17200 25973 22896 -3077
VT0.75_1 VT0.75 1 17300 26291 22147 -4144
VT0.75_1 VT0.75 1 17400 24997 23310 -1687
VT0.75_1 VT0.75 1 17500 27309 23491 -3818
VT0.75_1 VT0.75 1 17600 26409 23161 -3248
VT0.75_1 VT0.75 1 17700 26787 23867 -2920
VT0.75_1 VT0.75 1 17800 27866 24236 -3630
VT0.75_1 VT0.75 1 17900 29385 24044 -5341
VT0.75_1 VT0.75 1 18000 27586 21975 -5611
VT0.75_1 VT0.75 1 18100 25559 22170 -3389
VT0.75_1 VT0.75 1 18200 26445 22259 -4186
VT0.75_1 VT0.75 1 18300 26915 23368 -3547
VT0.75_1 VT0.75 1 18400 27234 24600 -2634
VT0.75_1 VT0.75 1 18500 27399 24305 -3094
VT0.75_1 VT0.75 1 18600 27334 25202 -2132
VT0.75_1 VT0.75 1 18700 25700 25432 -268
VT0.75_1 VT0.75 1 18800 27642 24875 -2767
VT0.75_1 VT0.75 1 18900 24319 22751 -1568
VT0.75_1 VT0.75 1 19000 26973 23037 -3936
VT0.75_1 VT0.75 1 19100 28371 23047 -5324
VT0.75_1 VT0.75 1 19200 28893 22889 -6004
VT0.75_1 VT0.75 1 19300 26997 21435 -5562
VT0.75_1 VT0.75 1 19400 27155 21069 -6086
VT0.75_1 VT0.75 1 19500 28214 21318 -6896
VT0.75_1 VT0.75 1 19600 28399 21239 -7160
VT0.75_1 VT0.75 1 19700 29119 20930 -8189
VT0.75_1 VT0.75 1 19800 26736 20829 -5907
VT0.75_1 VT0.75 1 19900 26374 21333 -5041
VT0.75_1 VT0.75 1 20000 26188 22913 -3275
VT0.75_2 VT0.75 2 0 0 0 0
VT0.75_2 VT0.75 2 100 56 1826 1770
VT0.75_2 VT0.75 2 200 482 11279 10797
VT0.75_2 VT0.75 2 300 780 19308 18528
VT0.75_2 VT0.75 2 400 1091 26694 25603
VT0.75_2 VT0.75 2 500 1368 33588 32220
VT0.75_2 VT0.75 2 600 1504 39067 37563
VT0.75_2 VT0.75 2 700 1783 32807 31024
VT0.75_2 VT0.75 2 800 9250 49651 40401
VT0.75_2 VT0.75 2 900 13108 49095 35987
VT0.75_2 VT0.75 2 1000 16539 43623 27084
VT0.75_2 VT0.75 2 1100 21463 39706 18243
VT0.75_2 VT0.75 2 1200 25316 36399 11083
VT0.75_2 VT0.75 2 1300 28355 34647 6292
VT0.75_2 VT0.75 2 1400 30032 30208 176
VT0.75_2 VT0.75 2 1500 30278 28750 -1528
VT0.75_2 VT0.75 2 1600 30386 25556 -4830
VT0.75_2 VT0.75 2 1700 27514 24746 -2768
VT0.75_2 VT0.75 2 1800 30216 23737 -6479
VT0.75_2 VT0.75 2 1900 30973 24655 -6318
VT0.75_2 VT0.75 2 2000 29675 25395 -4280
VT0.75_2 VT0.75 2 2100 31537 26000 -5537
VT0.75_2 VT0.75 2 2200 31228 28089 -3139
VT0.75_2 VT0.75 2 2300 32489 29198 -3291
VT0.75_2 VT0.75 2 2400 37071 29206 -7865
VT0.75_2 VT0.75 2 2500 39199 32575 -6624
VT0.75_2 VT0.75 2 2600 38051 31976 -6075
VT0.75_2 VT0.75 2 2700 39077 29400 -9677
VT0.75_2 VT0.75 2 2800 39763 32250 -7513
VT0.75_2 VT0.75 2 2900 40954 33587 -7367
VT0.75_2 VT0.75 2 3000 42046 31450 -10596
VT0.75_2 VT0.75 2 3100 47369 34291 -13078
VT0.75_2 VT0.75 2 3200 42649 34976 -7673
VT0.75_2 VT0.75 2 3300 41869 34953 -6916
VT0.75_2 VT0.75 2 3400 47121 35564 -11557
VT0.75_2 VT0.75 2 3500 45141 32588 -12553
VT0.75_2 VT0.75 2 3600 45260 29665 -15595
VT0.75_2 VT0.75 2 3700 45096 31894 -13202
VT0.75_2 VT0.75 2 3800 45737 33335 -12402
VT0.75_2 VT0.75 2 3900 44852 31593 -13259
VT0.75_2 VT0.75 2 4000 43487 31710 -11777
VT0.75_2 VT0.75 2 4100 42157 31382 -10775
VT0.75_2 VT0.75 2 4200 44877 32308 -12569
VT0.75_2 VT0.75 2 4300 47738 33722 -14016
VT0.75_2 VT0.75 2 4400 48696 33972 -14724
VT0.75_2 VT0.75 2 4500 47040 37269 -9771
VT0.75_2 VT0.75 2 4600 45591 36212 -9379
VT0.75_2 VT0.75 2 4700 45441 32715 -12726
VT0.75_2 VT0.75 2 4800 43499 32922 -10577
VT0.75_2 VT0.75 2 4900 45117 30548 -14569
VT0.75_2 VT0.75 2 5000 47308 30330 -16978
VT0.75_2 VT0.75 2 5100 45422 30148 -15274
VT0.75_2 VT0.75 2 5200 44599 28904 -15695
VT0.75_2 VT0.75 2 5300 44395 27839 -16556
VT0.75_2 VT0.75 2 5400 42764 28844 -13920
VT0.75_2 VT0.75 2 5500 45703 28362 -17341
VT0.75_2 VT0.75 2 5600 45525 27815 -17710
VT0.75_2 VT0.75 2 5700 46183 28090 -18093
VT0.75_2 VT0.75 2 5800 44211 27903 -16308
VT0.75_2 VT0.75 2 5900 42106 28644 -13462
VT0.75_2 VT0.75 2 6000 39995 29930 -10065
VT0.75_2 VT0.75 2 6100 41628 30204 -11424
VT0.75_2 VT0.75 2 6200 42031 30315 -11716
VT0.75_2 VT0.75 2 6300 44230 31287 -12943
VT0.75_2 VT0.75 2 6400 43401 31322 -12079
VT0.75_2 VT0.75 2 6500 45519 29674 -15845
VT0.75_2 VT0.75 2 6600 44460 27776 -16684
VT0.75_2 VT0.75 2 6700 47858 28023 -19835
VT0.75_2 VT0.75 2 6800 44013 28293 -15720
VT0.75_2 VT0.75 2 6900 42034 25633 -16401
VT0.75_2 VT0.75 2 7000 40122 26939 -13183
VT0.75_2 VT0.75 2 7100 39739 27326 -12413
VT0.75_2 VT0.75 2 7200 39317 25639 -13678
VT0.75_2 VT0.75 2 7300 41380 26519 -14861
VT0.75_2 VT0.75 2 7400 43388 26618 -16770
VT0.75_2 VT0.75 2 7500 43880 28524 -15356
VT0.75_2 VT0.75 2 7600 45647 31769 -13878
VT0.75_2 VT0.75 2 7700 45645 29823 -15822
VT0.75_2 VT0.75 2 7800 45456 30947 -14509
VT0.75_2 VT0.75 2 7900 49604 31179 -18425
VT0.75_2 VT0.75 2 8000 45643 29945 -15698
VT0.75_2 VT0.75 2 8100 42847 27191 -15656
VT0.75_2 VT0.75 2 8200 43161 29260 -13901
VT0.75_2 VT0.75 2 8300 40882 29703 -11179
VT0.75_2 VT0.75 2 8400 42178 29656 -12522
VT0.75_2 VT0.75 2 8500 40364 30165 -10199
VT0.75_2 VT0.75 2 8600 40700 31109 -9591
VT0.75_2 VT0.75 2 8700 41753 31097 -10656
VT0.75_2 VT0.75 2 8800 39209 31193 -8016
VT0.75_2 VT0.75 2 8900 40468 30474 -9994
VT0.75_2 VT0.75 2 9000 38771 30124 -8647
VT0.75_2 VT0.75 2 9100 41174 29107 -12067
VT0.75_2 VT0.75 2 9200 41581 28206 -13375
VT0.75_2 VT0.75 2 9300 41711 26413 -15298
VT0.75_2 VT0.75 2 9400 40828 29103 -11725
VT0.75_2 VT0.75 2 9500 41565 30348 -11217
VT0.75_2 VT0.75 2 9600 39734 31550 -8184
VT0.75_2 VT0.75 2 9700 38926 31168 -7758
VT0.75_2 VT0.75 2 9800 45360 30973 -14387
VT0.75_2 VT0.75 2 9900 44837 32455 -12382
VT0.75_2 VT0.75 2 10000 42193 32447 -9746
VT0.75_2 VT0.75 2 10100 40376 32741 -7635
VT0.75_2 VT0.75 2 10200 42277 32553 -9724
VT0.75_2 VT0.75 2 10300 42403 31061 -11342
VT0.75_2 VT0.75 2 10400 43420 30787 -12633
VT0.75_2 VT0.75 2 10500 45961 29594 -16367
VT0.75_2 VT0.75 2 10600 46451 30956 -15495
VT0.75_2 VT0.75 2 10700 41126 30107 -11019
VT0.75_2 VT0.75 2 10800 41434 31739 -9695
VT0.75_2 VT0.75 2 10900 40976 31120 -9856
VT0.75_2 VT0.75 2 11000 37375 31025 -6350
VT0.75_2 VT0.75 2 11100 39006 29929 -9077
VT0.75_2 VT0.75 2 11200 42189 32246 -9943
VT0.75_2 VT0.75 2 11300 41812 33480 -8332
VT0.75_2 VT0.75 2 11400 41784 32254 -9530
VT0.75_2 VT0.75 2 11500 39448 30562 -8886
VT0.75_2 VT0.75 2 11600 40275 30813 -9462
VT0.75_2 VT0.75 2 11700 39216 29529 -9687
VT0.75_2 VT0.75 2 11800 40686 30892 -9794
VT0.75_2 VT0.75 2 11900 42201 33063 -9138
VT0.75_2 VT0.75 2 12000 37846 34458 -3388
VT0.75_2 VT0.75 2 12100 36332 33448 -2884
VT0.75_2 VT0.75 2 12200 38246 32116 -6130
VT0.75_2 VT0.75 2 12300 40440 32753 -7687
VT0.75_2 VT0.75 2 12400 39482 32426 -7056
VT0.75_2 VT0.75 2 12500 39137 31530 -7607
VT0.75_2 VT0.75 2 12600 38527 31848 -6679
VT0.75_2 VT0.75 2 12700 37206 30020 -7186
VT0.75_2 VT0.75 2 12800 36068 29244 -6824
VT0.75_2 VT0.75 2 12900 36310 28955 -7355
VT0.75_2 VT0.75 2 13000 38098 32055 -6043
VT0.75_2 VT0.75 2 13100 39226 33460 -5766
VT0.75_2 VT0.75 2 13200 39860 31372 -8488
VT0.75_2 VT0.75 2 13300 39013 29638 -9375
VT0.75_2 VT0.75 2 13400 41798 30881 -10917
VT0.75_2 VT0.75 2 13500 43281 33857 -9424
VT0.75_2 VT0.75 2 13600 42405 33858 -8547
VT0.75_2 VT0.75 2 13700 39867 32970 -6897
VT0.75_2 VT0.75 2 13800 38025 31356 -6669
VT0.75_2 VT0.75 2 13900 40723 32804 -7919
VT0.75_2 VT0.75 2 14000 41604 35851 -5753
VT0.75_2 VT0.75 2 14100 39910 33733 -6177
VT0.75_2 VT0.75 2 14200 38257 34937 -3320
VT0.75_2 VT0.75 2 14300 37358 32534 -4824
VT0.75_2 VT0.75 2 14400 38148 31264 -6884
VT0.75_2 VT0.75 2 14500 40777 30698 -10079
VT0.75_2 VT0.75 2 14600 41541 29352 -12189
VT0.75_2 VT0.75 2 14700 39206 28756 -10450
VT0.75_2 VT0.75 2 14800 37816 29562 -8254
VT0.75_2 VT0.75 2 14900 38351 32041 -6310
VT0.75_2 VT0.75 2 15000 36764 31710 -5054
VT0.75_2 VT0.75 2 15100 36721 30640 -6081
VT0.75_2 VT0.75 2 15200 38087 29444 -8643
VT0.75_2 VT0.75 2 15300 39225 28094 -11131
VT0.75_2 VT0.75 2 15400 37818 28660 -9158
VT0.75_2 VT0.75 2 15500 38203 28485 -9718
VT0.75_2 VT0.75 2 15600 40939 30637 -10302
VT0.75_2 VT0.75 2 15700 39729 32510 -7219
VT0.75_2 VT0.75 2 15800 39381 31948 -7433
VT0.75_2 VT0.75 2 15900 39826 30560 -9266
VT0.75_2 VT0.75 2 16000 38228 31202 -7026
VT0.75_2 VT0.75 2 16100 41485 30125 -11360
VT0.75_2 VT0.75 2 16200 36983 29850 -7133
VT0.75_2 VT0.75 2 16300 37287 32140 -5147
VT0.75_2 VT0.75 2 16400 35102 33865 -1237
VT0.75_2 VT0.75 2 16500 36752 32295 -4457
VT0.75_2 VT0.75 2 16600 39348 33326 -6022
VT0.75_2 VT0.75 2 16700 38837 32222 -6615
VT0.75_2 VT0.75 2 16800 39594 34258 -5336
VT0.75_2 VT0.75 2 16900 38739 35144 -3595
VT0.75_2 VT0.75 2 17000 38502 30953 -7549
VT0.75_2 VT0.75 2 17100 39782 28853 -10929
VT0.75_2 VT0.75 2 17200 40552 29994 -10558
VT0.75_2 VT0.75 2 17300 41406 27947 -13459
VT0.75_2 VT0.75 2 17400 40469 30844 -9625
VT0.75_2 VT0.75 2 17500 43518 29072 -14446
VT0.75_2 VT0.75 2 17600 40682 27348 -13334
VT0.75_2 VT0.75 2 17700 42078 29652 -12426
VT0.75_2 VT0.75 2 17800 42087 30049 -12038
VT0.75_2 VT0.75 2 17900 40569 29685 -10884
VT0.75_2 VT0.75 2 18000 42728 28883 -13845
VT0.75_2 VT0.75 2 18100 37521 29025 -8496
VT0.75_2 VT0.75 2 18200 38476 29930 -8546
VT0.75_2 VT0.75 2 18300 37856 28950 -8906
VT0.75_2 VT0.75 2 18400 40549 29884 -10665
VT0.75_2 VT0.75 2 18500 38989 30260 -8729
VT0.75_2 VT0.75 2 18600 41712 29541 -12171
VT0.75_2 VT0.75 2 18700 39502 28059 -11443
VT0.75_2 VT0.75 2 18800 40621 28872 -11749
VT0.75_2 VT0.75 2 18900 44060 26516 -17544
VT0.75_2 VT0.75 2 19000 43041 27364 -15677
VT0.75_2 VT0.75 2 19100 41073 29827 -11246
VT0.75_2 VT0.75 2 19200 40609 30265 -10344
VT0.75_2 VT0.75 2 19300 40302 29752 -10550
VT0.75_2 VT0.75 2 19400 40568 29090 -11478
VT0.75_2 VT0.75 2 19500 40152 27328 -12824
VT0.75_2 VT0.75 2 19600 42584 28394 -14190
VT0.75_2 VT0.75 2 19700 39820 27697 -12123
VT0.75_2 VT0.75 2 19800 36123 24620 -11503
VT0.75_2 VT0.75 2 19900 39570 26471 -13099
VT0.75_2 VT0.75 2 20000 42674 28556 -14118
VT0.75_3 VT0.75 3 0 0 0 0
VT0.75_3 VT0.75 3 100 50 1885 1835
VT0.75_3 VT0.75 3 200 477 11479 11002
VT0.75_3 VT0.75 3 300 748 19793 19045
VT0.75_3 VT0.75 3 400 1019 26649 25630
VT0.75_3 VT0.75 3 500 1251 33979 32728
VT0.75_3 VT0.75 3 600 1564 42775 41211
VT0.75_3 VT0.75 3 700 2194 44358 42164
VT0.75_3 VT0.75 3 800 50432 52779 2347
VT0.75_3 VT0.75 3 900 127873 74385 -53488
VT0.75_3 VT0.75 3 1000 113145 63606 -49539
VT0.75_3 VT0.75 3 1100 68031 56527 -11504
VT0.75_3 VT0.75 3 1200 40489 47706 7217
VT0.75_3 VT0.75 3 1300 31468 41296 9828
VT0.75_3 VT0.75 3 1400 29976 38109 8133
VT0.75_3 VT0.75 3 1500 31098 36471 5373
VT0.75_3 VT0.75 3 1600 34408 34400 -8
VT0.75_3 VT0.75 3 1700 35229 30569 -4660
VT0.75_3 VT0.75 3 1800 35475 26842 -8633
VT0.75_3 VT0.75 3 1900 36869 23582 -13287
VT0.75_3 VT0.75 3 2000 34005 20839 -13166
VT0.75_3 VT0.75 3 2100 35763 20709 -15054
VT0.75_3 VT0.75 3 2200 35763 20925 -14838
VT0.75_3 VT0.75 3 2300 35649 22785 -12864
VT0.75_3 VT0.75 3 2400 35731 24041 -11690
VT0.75_3 VT0.75 3 2500 35443 24268 -11175
VT0.75_3 VT0.75 3 2600 35544 24687 -10857
VT0.75_3 VT0.75 3 2700 36603 25334 -11269
VT0.75_3 VT0.75 3 2800 36867 26028 -10839
VT0.75_3 VT0.75 3 2900 36985 27043 -9942
VT0.75_3 VT0.75 3 3000 37925 28368 -9557
VT0.75_3 VT0.75 3 3100 40656 29180 -11476
VT0.75_3 VT0.75 3 3200 40083 29751 -10332
VT0.75_3 VT0.75 3 3300 37009 30129 -6880
VT0.75_3 VT0.75 3 3400 36541 29469 -7072
VT0.75_3 VT0.75 3 3500 36686 29180 -7506
VT0.75_3 VT0.75 3 3600 37420 27504 -9916
VT0.75_3 VT0.75 3 3700 38101 26470 -11631
VT0.75_3 VT0.75 3 3800 37659 25748 -11911
VT0.75_3 VT0.75 3 3900 38638 24263 -14375
VT0.75_3 VT0.75 3 4000 41534 25060 -16474
VT0.75_3 VT0.75 3 4100 39500 24189 -15311
VT0.75_3 VT0.75 3 4200 38747 23493 -15254
VT0.75_3 VT0.75 3 4300 38285 23403 -14882
VT0.75_3 VT0.75 3 4400 36144 25336 -10808
VT0.75_3 VT0.75 3 4500 42770 27543 -15227
VT0.75_3 VT0.75 3 4600 42496 27198 -15298
VT0.75_3 VT0.75 3 4700 40444 26661 -13783
VT0.75_3 VT0.75 3 4800 40190 25167 -15023
VT0.75_3 VT0.75 3 4900 40753 27597 -13156
VT0.75_3 VT0.75 3 5000 38516 27715 -10801
VT0.75_3 VT0.75 3 5100 37243 26645 -10598
VT0.75_3 VT0.75 3 5200 35475 26549 -8926
VT0.75_3 VT0.75 3 5300 35436 25602 -9834
VT0.75_3 VT0.75 3 5400 35510 25649 -9861
VT0.75_3 VT0.75 3 5500 35658 25372 -10286
VT0.75_3 VT0.75 3 5600 35553 25539 -10014
VT0.75_3 VT0.75 3 5700 34002 27665 -6337
VT0.75_3 VT0.75 3 5800 36954 27180 -9774
VT0.75_3 VT0.75 3 5900 36580 28380 -8200
VT0.75_3 VT0.75 3 6000 37204 26246 -10958
VT0.75_3 VT0.75 3 6100 36846 25776 -11070
VT0.75_3 VT0.75 3 6200 35460 25109 -10351
VT0.75_3 VT0.75 3 6300 36882 25379 -11503
VT0.75_3 VT0.75 3 6400 39479 26261 -13218
VT0.75_3 VT0.75 3 6500 37524 25618 -11906
VT0.75_3 VT0.75 3 6600 37862 25943 -11919
VT0.75_3 VT0.75 3 6700 38687 26108 -12579
VT0.75_3 VT0.75 3 6800 42609 25326 -17283
VT0.75_3 VT0.75 3 6900 42751 27106 -15645
VT0.75_3 VT0.75 3 7000 43641 26705 -16936
VT0.75_3 VT0.75 3 7100 42694 24391 -18303
VT0.75_3 VT0.75 3 7200 40620 23124 -17496
VT0.75_3 VT0.75 3 7300 40633 23306 -17327
VT0.75_3 VT0.75 3 7400 42152 24244 -17908
VT0.75_3 VT0.75 3 7500 37747 22347 -15400
VT0.75_3 VT0.75 3 7600 36310 24515 -11795
VT0.75_3 VT0.75 3 7700 35898 25678 -10220
VT0.75_3 VT0.75 3 7800 35165 24490 -10675
VT0.75_3 VT0.75 3 7900 34583 25910 -8673
VT0.75_3 VT0.75 3 8000 36278 24941 -11337
VT0.75_3 VT0.75 3 8100 39361 23446 -15915
VT0.75_3 VT0.75 3 8200 40357 24678 -15679
VT0.75_3 VT0.75 3 8300 40262 25652 -14610
VT0.75_3 VT0.75 3 8400 40215 26551 -13664
VT0.75_3 VT0.75 3 8500 36705 27151 -9554
VT0.75_3 VT0.75 3 8600 37074 25476 -11598
VT0.75_3 VT0.75 3 8700 36618 25315 -11303
VT0.75_3 VT0.75 3 8800 39861 26637 -13224
VT0.75_3 VT0.75 3 8900 37179 26741 -10438
VT0.75_3 VT0.75 3 9000 37138 26523 -10615
VT0.75_3 VT0.75 3 9100 34717 25981 -8736
VT0.75_3 VT0.75 3 9200 38560 26756 -11804
VT0.75_3 VT0.75 3 9300 37671 28068 -9603
VT0.75_3 VT0.75 3 9400 35117 28593 -6524
VT0.75_3 VT0.75 3 9500 38089 29965 -8124
VT0.75_3 VT0.75 3 9600 37519 27757 -9762
VT0.75_3 VT0.75 3 9700 39175 27506 -11669
VT0.75_3 VT0.75 3 9800 36364 26744 -9620
VT0.75_3 VT0.75 3 9900 36726 28061 -8665
VT0.75_3 VT0.75 3 10000 36769 28712 -8057
VT0.75_3 VT0.75 3 10100 35895 28565 -7330
VT0.75_3 VT0.75 3 10200 36922 29584 -7338
VT0.75_3 VT0.75 3 10300 38212 29368 -8844
VT0.75_3 VT0.75 3 10400 37346 26855 -10491
VT0.75_3 VT0.75 3 10500 37054 27311 -9743
VT0.75_3 VT0.75 3 10600 37225 27195 -10030
VT0.75_3 VT0.75 3 10700 36727 27708 -9019
VT0.75_3 VT0.75 3 10800 38812 26443 -12369
VT0.75_3 VT0.75 3 10900 39217 26109 -13108
VT0.75_3 VT0.75 3 11000 39911 27399 -12512
VT0.75_3 VT0.75 3 11100 43107 25862 -17245
VT0.75_3 VT0.75 3 11200 37784 29032 -8752
VT0.75_3 VT0.75 3 11300 36904 29638 -7266
VT0.75_3 VT0.75 3 11400 34746 28590 -6156
VT0.75_3 VT0.75 3 11500 36463 26250 -10213
VT0.75_3 VT0.75 3 11600 37087 26864 -10223
VT0.75_3 VT0.75 3 11700 35937 26938 -8999
VT0.75_3 VT0.75 3 11800 40352 27408 -12944
VT0.75_3 VT0.75 3 11900 38719 27709 -11010
VT0.75_3 VT0.75 3 12000 40285 26119 -14166
VT0.75_3 VT0.75 3 12100 40221 25818 -14403
VT0.75_3 VT0.75 3 12200 42232 27993 -14239
VT0.75_3 VT0.75 3 12300 42588 26584 -16004
VT0.75_3 VT0.75 3 12400 42675 26885 -15790
VT0.75_3 VT0.75 3 12500 42044 26469 -15575
VT0.75_3 VT0.75 3 12600 44671 26719 -17952
VT0.75_3 VT0.75 3 12700 42595 26351 -16244
VT0.75_3 VT0.75 3 12800 43962 25745 -18217
VT0.75_3 VT0.75 3 12900 40022 27864 -12158
VT0.75_3 VT0.75 3 13000 38094 26475 -11619
VT0.75_3 VT0.75 3 13100 37150 26602 -10548
VT0.75_3 VT0.75 3 13200 37373 26839 -10534
VT0.75_3 VT0.75 3 13300 36972 26248 -10724
VT0.75_3 VT0.75 3 13400 35819 25926 -9893
VT0.75_3 VT0.75 3 13500 36633 27605 -9028
VT0.75_3 VT0.75 3 13600 35870 27619 -8251
VT0.75_3 VT0.75 3 13700 37307 25708 -11599
VT0.75_3 VT0.75 3 13800 36535 25815 -10720
VT0.75_3 VT0.75 3 13900 35985 25548 -10437
VT0.75_3 VT0.75 3 14000 34094 24356 -9738
VT0.75_3 VT0.75 3 14100 34576 25779 -8797
VT0.75_3 VT0.75 3 14200 36960 26848 -10112
VT0.75_3 VT0.75 3 14300 37652 27330 -10322
VT0.75_3 VT0.75 3 14400 38328 27464 -10864
VT0.75_3 VT0.75 3 14500 39252 26066 -13186
VT0.75_3 VT0.75 3 14600 37439 26410 -11029
VT0.75_3 VT0.75 3 14700 37418 25913 -11505
VT0.75_3 VT0.75 3 14800 38351 27913 -10438
VT0.75_3 VT0.75 3 14900 40294 27244 -13050
VT0.75_3 VT0.75 3 15000 37546 26617 -10929
VT0.75_3 VT0.75 3 15100 38872 27945 -10927
VT0.75_3 VT0.75 3 15200 37664 27900 -9764
VT0.75_3 VT0.75 3 15300 38712 28133 -10579
VT0.75_3 VT0.75 3 15400 38498 28318 -10180
VT0.75_3 VT0.75 3 15500 39236 27491 -11745
VT0.75_3 VT0.75 3 15600 38660 27124 -11536
VT0.75_3 VT0.75 3 15700 36284 26161 -10123
VT0.75_3 VT0.75 3 15800 38025 25649 -12376
VT0.75_3 VT0.75 3 15900 36550 26369 -10181
VT0.75_3 VT0.75 3 16000 37399 26102 -11297
VT0.75_3 VT0.75 3 16100 37193 25555 -11638
VT0.75_3 VT0.75 3 16200 39183 25385 -13798
VT0.75_3 VT0.75 3 16300 39376 25953 -13423
VT0.75_3 VT0.75 3 16400 40656 26887 -13769
VT0.75_3 VT0.75 3 16500 38342 28107 -10235
VT0.75_3 VT0.75 3 16600 37913 27570 -10343
VT0.75_3 VT0.75 3 16700 38142 28303 -9839
VT0.75_3 VT0.75 3 16800 38917 26550 -12367
VT0.75_3 VT0.75 3 16900 35663 25673 -9990
VT0.75_3 VT0.75 3 17000 38006 26153 -11853
VT0.75_3 VT0.75 3 17100 38229 25338 -12891
VT0.75_3 VT0.75 3 17200 40574 25434 -15140
VT0.75_3 VT0.75 3 17300 39058 25092 -13966
VT0.75_3 VT0.75 3 17400 39755 25095 -14660
VT0.75_3 VT0.75 3 17500 38607 25101 -13506
VT0.75_3 VT0.75 3 17600 38773 25391 -13382
VT0.75_3 VT0.75 3 17700 37464 24737 -12727
VT0.75_3 VT0.75 3 17800 35783 23778 -12005
VT0.75_3 VT0.75 3 17900 36232 26334 -9898
VT0.75_3 VT0.75 3 18000 38172 28137 -10035
VT0.75_3 VT0.75 3 18100 41334 26794 -14540
VT0.75_3 VT0.75 3 18200 40576 25923 -14653
VT0.75_3 VT0.75 3 18300 39563 25218 -14345
VT0.75_3 VT0.75 3 18400 39463 25141 -14322
VT0.75_3 VT0.75 3 18500 38398 24829 -13569
VT0.75_3 VT0.75 3 18600 37814 25725 -12089
VT0.75_3 VT0.75 3 18700 36702 26561 -10141
VT0.75_3 VT0.75 3 18800 36059 26380 -9679
VT0.75_3 VT0.75 3 18900 35068 26395 -8673
VT0.75_3 VT0.75 3 19000 39144 27522 -11622
VT0.75_3 VT0.75 3 19100 39041 27338 -11703
VT0.75_3 VT0.75 3 19200 40140 25982 -14158
VT0.75_3 VT0.75 3 19300 38394 25844 -12550
VT0.75_3 VT0.75 3 19400 37643 27338 -10305
VT0.75_3 VT0.75 3 19500 38983 26175 -12808
VT0.75_3 VT0.75 3 19600 38806 28130 -10676
VT0.75_3 VT0.75 3 19700 41505 27933 -13572
VT0.75_3 VT0.75 3 19800 42252 27459 -14793
VT0.75_3 VT0.75 3 19900 39398 27291 -12107
VT0.75_3 VT0.75 3 20000 35963 25787 -10176
VT0.75_4 VT0.75 4 0 0 0 0
VT0.75_4 VT0.75 4 100 59 1870 1811
VT0.75_4 VT0.75 4 200 523 11281 10758
VT0.75_4 VT0.75 4 300 865 19681 18816
VT0.75_4 VT0.75 4 400 1079 26110 25031
VT0.75_4 VT0.75 4 500 1160 32404 31244
VT0.75_4 VT0.75 4 600 1376 39370 37994
VT0.75_4 VT0.75 4 700 1610 44124 42514
VT0.75_4 VT0.75 4 800 1753 42636 40883
VT0.75_4 VT0.75 4 900 2764 41223 38459
VT0.75_4 VT0.75 4 1000 11687 59678 47991
VT0.75_4 VT0.75 4 1100 19871 56060 36189
VT0.75_4 VT0.75 4 1200 23259 51600 28341
VT0.75_4 VT0.75 4 1300 26708 39885 13177
VT0.75_4 VT0.75 4 1400 31864 31786 -78
VT0.75_4 VT0.75 4 1500 30907 32503 1596
VT0.75_4 VT0.75 4 1600 30832 29890 -942
VT0.75_4 VT0.75 4 1700 35228 28641 -6587
VT0.75_4 VT0.75 4 1800 37435 28835 -8600
VT0.75_4 VT0.75 4 1900 37593 27662 -9931
VT0.75_4 VT0.75 4 2000 37471 26837 -10634
VT0.75_4 VT0.75 4 2100 36511 27281 -9230
VT0.75_4 VT0.75 4 2200 35950 29956 -5994
VT0.75_4 VT0.75 4 2300 37329 35737 -1592
VT0.75_4 VT0.75 4 2400 36897 40108 3211
VT0.75_4 VT0.75 4 2500 39159 42516 3357
VT0.75_4 VT0.75 4 2600 44123 45450 1327
VT0.75_4 VT0.75 4 2700 47821 51749 3928
VT0.75_4 VT0.75 4 2800 51480 52571 1091
VT0.75_4 VT0.75 4 2900 54569 51293 -3276
VT0.75_4 VT0.75 4 3000 48622 51312 2690
VT0.75_4 VT0.75 4 3100 50247 53003 2756
VT0.75_4 VT0.75 4 3200 50144 52306 2162
VT0.75_4 VT0.75 4 3300 45570 50199 4629
VT0.75_4 VT0.75 4 3400 41983 52448 10465
VT0.75_4 VT0.75 4 3500 41719 52515 10796
VT0.75_4 VT0.75 4 3600 39221 49451 10230
VT0.75_4 VT0.75 4 3700 41130 49357 8227
VT0.75_4 VT0.75 4 3800 38957 46130 7173
VT0.75_4 VT0.75 4 3900 37457 48021 10564
VT0.75_4 VT0.75 4 4000 34686 45705 11019
VT0.75_4 VT0.75 4 4100 34965 48381 13416
VT0.75_4 VT0.75 4 4200 36782 45682 8900
VT0.75_4 VT0.75 4 4300 35985 46486 10501
VT0.75_4 VT0.75 4 4400 36344 44894 8550
VT0.75_4 VT0.75 4 4500 35994 43848 7854
VT0.75_4 VT0.75 4 4600 32423 41220 8797
VT0.75_4 VT0.75 4 4700 32070 43240 11170
VT0.75_4 VT0.75 4 4800 34886 42577 7691
VT0.75_4 VT0.75 4 4900 35584 45380 9796
VT0.75_4 VT0.75 4 5000 34867 44870 10003
VT0.75_4 VT0.75 4 5100 34584 42673 8089
VT0.75_4 VT0.75 4 5200 31549 42656 11107
VT0.75_4 VT0.75 4 5300 34942 46234 11292
VT0.75_4 VT0.75 4 5400 36447 49703 13256
VT0.75_4 VT0.75 4 5500 37589 53468 15879
VT0.75_4 VT0.75 4 5600 39201 49159 9958
VT0.75_4 VT0.75 4 5700 34791 48366 13575
VT0.75_4 VT0.75 4 5800 33862 47202 13340
VT0.75_4 VT0.75 4 5900 34422 43368 8946
VT0.75_4 VT0.75 4 6000 36059 41274 5215
VT0.75_4 VT0.75 4 6100 38549 40102 1553
VT0.75_4 VT0.75 4 6200 37529 41911 4382
VT0.75_4 VT0.75 4 6300 35114 38515 3401
VT0.75_4 VT0.75 4 6400 36288 40646 4358
VT0.75_4 VT0.75 4 6500 36631 40481 3850
VT0.75_4 VT0.75 4 6600 35116 36073 957
VT0.75_4 VT0.75 4 6700 35771 36752 981
VT0.75_4 VT0.75 4 6800 39742 36124 -3618
VT0.75_4 VT0.75 4 6900 36055 37110 1055
VT0.75_4 VT0.75 4 7000 33483 38800 5317
VT0.75_4 VT0.75 4 7100 36255 37711 1456
VT0.75_4 VT0.75 4 7200 34717 38159 3442
VT0.75_4 VT0.75 4 7300 35322 38529 3207
VT0.75_4 VT0.75 4 7400 33794 39978 6184
VT0.75_4 VT0.75 4 7500 33727 40427 6700
VT0.75_4 VT0.75 4 7600 33674 40534 6860
VT0.75_4 VT0.75 4 7700 36351 39636 3285
VT0.75_4 VT0.75 4 7800 35353 39292 3939
VT0.75_4 VT0.75 4 7900 36802 37892 1090
VT0.75_4 VT0.75 4 8000 37016 36660 -356
VT0.75_4 VT0.75 4 8100 35433 37907 2474
VT0.75_4 VT0.75 4 8200 33615 39253 5638
VT0.75_4 VT0.75 4 8300 33272 38714 5442
VT0.75_4 VT0.75 4 8400 35312 42034 6722
VT0.75_4 VT0.75 4 8500 33678 38760 5082
VT0.75_4 VT0.75 4 8600 34193 37825 3632
VT0.75_4 VT0.75 4 8700 35615 39671 4056
VT0.75_4 VT0.75 4 8800 33080 36840 3760
VT0.75_4 VT0.75 4 8900 31415 34978 3563
VT0.75_4 VT0.75 4 9000 32207 35481 3274
VT0.75_4 VT0.75 4 9100 31542 35136 3594
VT0.75_4 VT0.75 4 9200 33738 37046 3308
VT0.75_4 VT0.75 4 9300 33673 36389 2716
VT0.75_4 VT0.75 4 9400 36042 39035 2993
VT0.75_4 VT0.75 4 9500 38053 38043 -10
VT0.75_4 VT0.75 4 9600 35656 40249 4593
VT0.75_4 VT0.75 4 9700 36837 39910 3073
VT0.75_4 VT0.75 4 9800 36311 41607 5296
VT0.75_4 VT0.75 4 9900 36795 43416 6621
VT0.75_4 VT0.75 4 10000 37567 39620 2053
VT0.75_4 VT0.75 4 10100 39188 41132 1944
VT0.75_4 VT0.75 4 10200 39351 41397 2046
VT0.75_4 VT0.75 4 10300 38484 41444 2960
VT0.75_4 VT0.75 4 10400 37288 39285 1997
VT0.75_4 VT0.75 4 10500 35395 38026 2631
VT0.75_4 VT0.75 4 10600 34948 37888 2940
VT0.75_4 VT0.75 4 10700 34109 37656 3547
VT0.75_4 VT0.75 4 10800 31854 39311 7457
VT0.75_4 VT0.75 4 10900 31098 38482 7384
VT0.75_4 VT0.75 4 11000 30967 37562 6595
VT0.75_4 VT0.75 4 11100 34017 39615 5598
VT0.75_4 VT0.75 4 11200 33383 39910 6527
VT0.75_4 VT0.75 4 11300 35564 40047 4483
VT0.75_4 VT0.75 4 11400 35707 40653 4946
VT0.75_4 VT0.75 4 11500 35365 41515 6150
VT0.75_4 VT0.75 4 11600 34989 41435 6446
VT0.75_4 VT0.75 4 11700 37211 43407 6196
VT0.75_4 VT0.75 4 11800 38742 43400 4658
VT0.75_4 VT0.75 4 11900 35335 44316 8981
VT0.75_4 VT0.75 4 12000 34531 43877 9346
VT0.75_4 VT0.75 4 12100 34625 40975 6350
VT0.75_4 VT0.75 4 12200 34532 36685 2153
VT0.75_4 VT0.75 4 12300 34060 35392 1332
VT0.75_4 VT0.75 4 12400 32689 34847 2158
VT0.75_4 VT0.75 4 12500 34015 37784 3769
VT0.75_4 VT0.75 4 12600 32095 39382 7287
VT0.75_4 VT0.75 4 12700 33576 39343 5767
VT0.75_4 VT0.75 4 12800 33141 37701 4560
VT0.75_4 VT0.75 4 12900 34253 35853 1600
VT0.75_4 VT0.75 4 13000 32123 38506 6383
VT0.75_4 VT0.75 4 13100 32600 40073 7473
VT0.75_4 VT0.75 4 13200 31870 40629 8759
VT0.75_4 VT0.75 4 13300 32449 39112 6663
VT0.75_4 VT0.75 4 13400 33516 38098 4582
VT0.75_4 VT0.75 4 13500 33671 38748 5077
VT0.75_4 VT0.75 4 13600 33973 38586 4613
VT0.75_4 VT0.75 4 13700 34691 36561 1870
VT0.75_4 VT0.75 4 13800 35591 40175 4584
VT0.75_4 VT0.75 4 13900 37186 40341 3155
VT0.75_4 VT0.75 4 14000 39117 39589 472
VT0.75_4 VT0.75 4 14100 34828 37151 2323
VT0.75_4 VT0.75 4 14200 33083 35783 2700
VT0.75_4 VT0.75 4 14300 33568 34036 468
VT0.75_4 VT0.75 4 14400 33074 33551 477
VT0.75_4 VT0.75 4 14500 34908 34923 15
VT0.75_4 VT0.75 4 14600 36116 34812 -1304
VT0.75_4 VT0.75 4 14700 36496 34170 -2326
VT0.75_4 VT0.75 4 14800 38717 34113 -4604
VT0.75_4 VT0.75 4 14900 38695 34649 -4046
VT0.75_4 VT0.75 4 15000 37955 35084 -2871
VT0.75_4 VT0.75 4 15100 35864 36328 464
VT0.75_4 VT0.75 4 15200 34416 35323 907
VT0.75_4 VT0.75 4 15300 34536 36481 1945
VT0.75_4 VT0.75 4 15400 33554 36200 2646
VT0.75_4 VT0.75 4 15500 34262 36368 2106
VT0.75_4 VT0.75 4 15600 37415 37344 -71
VT0.75_4 VT0.75 4 15700 38561 39549 988
VT0.75_4 VT0.75 4 15800 37436 37644 208
VT0.75_4 VT0.75 4 15900 36857 39753 2896
VT0.75_4 VT0.75 4 16000 36647 40028 3381
VT0.75_4 VT0.75 4 16100 37101 36933 -168
VT0.75_4 VT0.75 4 16200 37971 35200 -2771
VT0.75_4 VT0.75 4 16300 37694 38884 1190
VT0.75_4 VT0.75 4 16400 36518 39454 2936
VT0.75_4 VT0.75 4 16500 35127 39853 4726
VT0.75_4 VT0.75 4 16600 36816 39174 2358
VT0.75_4 VT0.75 4 16700 36379 42557 6178
VT0.75_4 VT0.75 4 16800 36141 44009 7868
VT0.75_4 VT0.75 4 16900 40971 44342 3371
VT0.75_4 VT0.75 4 17000 37127 44471 7344
VT0.75_4 VT0.75 4 17100 34640 39220 4580
VT0.75_4 VT0.75 4 17200 33089 39567 6478
VT0.75_4 VT0.75 4 17300 34831 39411 4580
VT0.75_4 VT0.75 4 17400 31433 35425 3992
VT0.75_4 VT0.75 4 17500 35230 42026 6796
VT0.75_4 VT0.75 4 17600 36214 43760 7546
VT0.75_4 VT0.75 4 17700 32768 40570 7802
VT0.75_4 VT0.75 4 17800 33483 40582 7099
VT0.75_4 VT0.75 4 17900 34916 40973 6057
VT0.75_4 VT0.75 4 18000 34187 41938 7751
VT0.75_4 VT0.75 4 18100 32518 39285 6767
VT0.75_4 VT0.75 4 18200 32379 38244 5865
VT0.75_4 VT0.75 4 18300 31224 38680 7456
VT0.75_4 VT0.75 4 18400 35221 41296 6075
VT0.75_4 VT0.75 4 18500 35195 40846 5651
VT0.75_4 VT0.75 4 18600 35369 42410 7041
VT0.75_4 VT0.75 4 18700 35344 42430 7086
VT0.75_4 VT0.75 4 18800 35567 41300 5733
VT0.75_4 VT0.75 4 18900 35881 37992 2111
VT0.75_4 VT0.75 4 19000 35808 38390 2582
VT0.75_4 VT0.75 4 19100 35047 39437 4390
VT0.75_4 VT0.75 4 19200 35117 41803 6686
VT0.75_4 VT0.75 4 19300 32216 40632 8416
VT0.75_4 VT0.75 4 19400 32828 40884 8056
VT0.75_4 VT0.75 4 19500 33877 41560 7683
VT0.75_4 VT0.75 4 19600 32965 44411 11446
VT0.75_4 VT0.75 4 19700 30529 44637 14108
VT0.75_4 VT0.75 4 19800 33745 44362 10617
VT0.75_4 VT0.75 4 19900 34287 44003 9716
VT0.75_4 VT0.75 4 20000 33640 40731 7091
VT0.75_5 VT0.75 5 0 0 0 0
VT0.75_5 VT0.75 5 100 56 1875 1819
VT0.75_5 VT0.75 5 200 473 11376 10903
VT0.75_5 VT0.75 5 300 845 19642 18797
VT0.75_5 VT0.75 5 400 1023 26728 25705
VT0.75_5 VT0.75 5 500 1258 34070 32812
VT0.75_5 VT0.75 5 600 1345 41009 39664
VT0.75_5 VT0.75 5 700 929 29179 28250
VT0.75_5 VT0.75 5 800 11847 68968 57121
VT0.75_5 VT0.75 5 900 20373 68488 48115
VT0.75_5 VT0.75 5 1000 25153 47747 22594
VT0.75_5 VT0.75 5 1100 28561 36800 8239
VT0.75_5 VT0.75 5 1200 31146 35469 4323
VT0.75_5 VT0.75 5 1300 30165 31683 1518
VT0.75_5 VT0.75 5 1400 33667 30230 -3437
VT0.75_5 VT0.75 5 1500 36432 27358 -9074
VT0.75_5 VT0.75 5 1600 35926 25773 -10153
VT0.75_5 VT0.75 5 1700 37355 22875 -14480
VT0.75_5 VT0.75 5 1800 36042 21301 -14741
VT0.75_5 VT0.75 5 1900 39070 21418 -17652
VT0.75_5 VT0.75 5 2000 38572 20799 -17773
VT0.75_5 VT0.75 5 2100 39390 22066 -17324
VT0.75_5 VT0.75 5 2200 42504 21803 -20701
VT0.75_5 VT0.75 5 2300 41139 24954 -16185
VT0.75_5 VT0.75 5 2400 38300 26239 -12061
VT0.75_5 VT0.75 5 2500 38093 26536 -11557
VT0.75_5 VT0.75 5 2600 38074 25694 -12380
VT0.75_5 VT0.75 5 2700 38287 27654 -10633
VT0.75_5 VT0.75 5 2800 36791 28699 -8092
VT0.75_5 VT0.75 5 2900 36083 27819 -8264
VT0.75_5 VT0.75 5 3000 38101 25873 -12228
VT0.75_5 VT0.75 5 3100 35874 26924 -8950
VT0.75_5 VT0.75 5 3200 36734 27033 -9701
VT0.75_5 VT0.75 5 3300 38004 26156 -11848
VT0.75_5 VT0.75 5 3400 38764 26101 -12663
VT0.75_5 VT0.75 5 3500 39639 26687 -12952
VT0.75_5 VT0.75 5 3600 39864 26891 -12973
VT0.75_5 VT0.75 5 3700 39608 24601 -15007
VT0.75_5 VT0.75 5 3800 39574 23652 -15922
VT0.75_5 VT0.75 5 3900 38051 26994 -11057
VT0.75_5 VT0.75 5 4000 38108 26724 -11384
VT0.75_5 VT0.75 5 4100 38489 26760 -11729
VT0.75_5 VT0.75 5 4200 38942 26364 -12578
VT0.75_5 VT0.75 5 4300 40649 27466 -13183
VT0.75_5 VT0.75 5 4400 39774 27036 -12738
VT0.75_5 VT0.75 5 4500 38309 27249 -11060
VT0.75_5 VT0.75 5 4600 36363 27555 -8808
VT0.75_5 VT0.75 5 4700 36942 27569 -9373
VT0.75_5 VT0.75 5 4800 38966 27677 -11289
VT0.75_5 VT0.75 5 4900 39427 26188 -13239
VT0.75_5 VT0.75 5 5000 37252 24856 -12396
VT0.75_5 VT0.75 5 5100 38366 24381 -13985
VT0.75_5 VT0.75 5 5200 40242 24634 -15608
VT0.75_5 VT0.75 5 5300 40723 26436 -14287
VT0.75_5 VT0.75 5 5400 39938 26125 -13813
VT0.75_5 VT0.75 5 5500 39248 23977 -15271
VT0.75_5 VT0.75 5 5600 36614 24223 -12391
VT0.75_5 VT0.75 5 5700 39934 24792 -15142
VT0.75_5 VT0.75 5 5800 38739 25410 -13329
VT0.75_5 VT0.75 5 5900 39137 24837 -14300
VT0.75_5 VT0.75 5 6000 38174 23945 -14229
VT0.75_5 VT0.75 5 6100 35526 24587 -10939
VT0.75_5 VT0.75 5 6200 39003 24630 -14373
VT0.75_5 VT0.75 5 6300 38532 24779 -13753
VT0.75_5 VT0.75 5 6400 41407 25902 -15505
VT0.75_5 VT0.75 5 6500 38465 25637 -12828
VT0.75_5 VT0.75 5 6600 38435 25650 -12785
VT0.75_5 VT0.75 5 6700 37871 25318 -12553
VT0.75_5 VT0.75 5 6800 37835 24943 -12892
VT0.75_5 VT0.75 5 6900 36498 23948 -12550
VT0.75_5 VT0.75 5 7000 33062 23586 -9476
VT0.75_5 VT0.75 5 7100 33707 25625 -8082
VT0.75_5 VT0.75 5 7200 35344 26740 -8604
VT0.75_5 VT0.75 5 7300 34015 26294 -7721
VT0.75_5 VT0.75 5 7400 36703 26550 -10153
VT0.75_5 VT0.75 5 7500 39135 24848 -14287
VT0.75_5 VT0.75 5 7600 39843 24732 -15111
VT0.75_5 VT0.75 5 7700 38313 25186 -13127
VT0.75_5 VT0.75 5 7800 36175 29112 -7063
VT0.75_5 VT0.75 5 7900 36274 26850 -9424
VT0.75_5 VT0.75 5 8000 36498 27817 -8681
VT0.75_5 VT0.75 5 8100 36924 26542 -10382
VT0.75_5 VT0.75 5 8200 36765 27698 -9067
VT0.75_5 VT0.75 5 8300 38850 28588 -10262
VT0.75_5 VT0.75 5 8400 39734 27652 -12082
VT0.75_5 VT0.75 5 8500 39240 25645 -13595
VT0.75_5 VT0.75 5 8600 36795 23951 -12844
VT0.75_5 VT0.75 5 8700 38401 24998 -13403
VT0.75_5 VT0.75 5 8800 38775 23748 -15027
VT0.75_5 VT0.75 5 8900 37227 26415 -10812
VT0.75_5 VT0.75 5 9000 37592 29125 -8467
VT0.75_5 VT0.75 5 9100 37407 27560 -9847
VT0.75_5 VT0.75 5 9200 38708 27581 -11127
VT0.75_5 VT0.75 5 9300 36401 25763 -10638
VT0.75_5 VT0.75 5 9400 37710 25036 -12674
VT0.75_5 VT0.75 5 9500 37261 26302 -10959
VT0.75_5 VT0.75 5 9600 38241 28447 -9794
VT0.75_5 VT0.75 5 9700 39048 27459 -11589
VT0.75_5 VT0.75 5 9800 37377 27359 -10018
VT0.75_5 VT0.75 5 9900 38252 27049 -11203
VT0.75_5 VT0.75 5 10000 36428 25632 -10796
VT0.75_5 VT0.75 5 10100 38103 24763 -13340
VT0.75_5 VT0.75 5 10200 38844 25264 -13580
VT0.75_5 VT0.75 5 10300 38655 26206 -12449
VT0.75_5 VT0.75 5 10400 40531 27337 -13194
VT0.75_5 VT0.75 5 10500 41467 27141 -14326
VT0.75_5 VT0.75 5 10600 39295 27970 -11325
VT0.75_5 VT0.75 5 10700 41009 27531 -13478
VT0.75_5 VT0.75 5 10800 38760 25541 -13219
VT0.75_5 VT0.75 5 10900 37658 25911 -11747
VT0.75_5 VT0.75 5 11000 39143 27172 -11971
VT0.75_5 VT0.75 5 11100 40349 27408 -12941
VT0.75_5 VT0.75 5 11200 37587 26543 -11044
VT0.75_5 VT0.75 5 11300 40747 27022 -13725
VT0.75_5 VT0.75 5 11400 39277 27379 -11898
VT0.75_5 VT0.75 5 11500 39003 26705 -12298
VT0.75_5 VT0.75 5 11600 39040 28244 -10796
VT0.75_5 VT0.75 5 11700 39623 27890 -11733
VT0.75_5 VT0.75 5 11800 40313 28205 -12108
VT0.75_5 VT0.75 5 11900 38831 25167 -13664
VT0.75_5 VT0.75 5 12000 38371 25206 -13165
VT0.75_5 VT0.75 5 12100 39604 25688 -13916
VT0.75_5 VT0.75 5 12200 41229 24672 -16557
VT0.75_5 VT0.75 5 12300 37185 24990 -12195
VT0.75_5 VT0.75 5 12400 36719 27462 -9257
VT0.75_5 VT0.75 5 12500 36606 25267 -11339
VT0.75_5 VT0.75 5 12600 36392 27154 -9238
VT0.75_5 VT0.75 5 12700 38280 26492 -11788
VT0.75_5 VT0.75 5 12800 38278 27174 -11104
VT0.75_5 VT0.75 5 12900 37418 26885 -10533
VT0.75_5 VT0.75 5 13000 37778 27972 -9806
VT0.75_5 VT0.75 5 13100 36546 28651 -7895
VT0.75_5 VT0.75 5 13200 38517 27871 -10646
VT0.75_5 VT0.75 5 13300 37804 27291 -10513
VT0.75_5 VT0.75 5 13400 41199 25850 -15349
VT0.75_5 VT0.75 5 13500 40528 25119 -15409
VT0.75_5 VT0.75 5 13600 45079 23779 -21300
VT0.75_5 VT0.75 5 13700 41257 23867 -17390
VT0.75_5 VT0.75 5 13800 40262 24782 -15480
VT0.75_5 VT0.75 5 13900 38439 26119 -12320
VT0.75_5 VT0.75 5 14000 37857 24792 -13065
VT0.75_5 VT0.75 5 14100 36510 25919 -10591
VT0.75_5 VT0.75 5 14200 36494 26703 -9791
VT0.75_5 VT0.75 5 14300 39382 25232 -14150
VT0.75_5 VT0.75 5 14400 39205 26464 -12741
VT0.75_5 VT0.75 5 14500 39404 27271 -12133
VT0.75_5 VT0.75 5 14600 39526 24348 -15178
VT0.75_5 VT0.75 5 14700 39801 26717 -13084
VT0.75_5 VT0.75 5 14800 38196 27508 -10688
VT0.75_5 VT0.75 5 14900 37338 28083 -9255
VT0.75_5 VT0.75 5 15000 39439 26672 -12767
VT0.75_5 VT0.75 5 15100 38685 25512 -13173
VT0.75_5 VT0.75 5 15200 39609 24458 -15151
VT0.75_5 VT0.75 5 15300 39054 24761 -14293
VT0.75_5 VT0.75 5 15400 39076 24637 -14439
VT0.75_5 VT0.75 5 15500 38799 23108 -15691
VT0.75_5 VT0.75 5 15600 40670 24047 -16623
VT0.75_5 VT0.75 5 15700 39479 24145 -15334
VT0.75_5 VT0.75 5 15800 39041 23389 -15652
VT0.75_5 VT0.75 5 15900 36057 23993 -12064
VT0.75_5 VT0.75 5 16000 35514 23480 -12034
VT0.75_5 VT0.75 5 16100 32849 23085 -9764
VT0.75_5 VT0.75 5 16200 32456 22888 -9568
VT0.75_5 VT0.75 5 16300 31397 22720 -8677
VT0.75_5 VT0.75 5 16400 30469 22106 -8363
VT0.75_5 VT0.75 5 16500 28986 22519 -6467
VT0.75_5 VT0.75 5 16600 29496 22540 -6956
VT0.75_5 VT0.75 5 16700 28400 23581 -4819
VT0.75_5 VT0.75 5 16800 28086 23780 -4306
VT0.75_5 VT0.75 5 16900 26522 23307 -3215
VT0.75_5 VT0.75 5 17000 26750 24525 -2225
VT0.75_5 VT0.75 5 17100 27331 23541 -3790
VT0.75_5 VT0.75 5 17200 27635 23929 -3706
VT0.75_5 VT0.75 5 17300 26153 23818 -2335
VT0.75_5 VT0.75 5 17400 27640 23978 -3662
VT0.75_5 VT0.75 5 17500 27779 23826 -3953
VT0.75_5 VT0.75 5 17600 27976 22757 -5219
VT0.75_5 VT0.75 5 17700 27222 23078 -4144
VT0.75_5 VT0.75 5 17800 25810 23397 -2413
VT0.75_5 VT0.75 5 17900 27153 23599 -3554
VT0.75_5 VT0.75 5 18000 27390 23655 -3735
VT0.75_5 VT0.75 5 18100 27922 23658 -4264
VT0.75_5 VT0.75 5 18200 27491 23868 -3623
VT0.75_5 VT0.75 5 18300 28298 24627 -3671
VT0.75_5 VT0.75 5 18400 25986 24182 -1804
VT0.75_5 VT0.75 5 18500 26719 24801 -1918
VT0.75_5 VT0.75 5 18600 27696 23958 -3738
VT0.75_5 VT0.75 5 18700 26313 24091 -2222
VT0.75_5 VT0.75 5 18800 27844 24532 -3312
VT0.75_5 VT0.75 5 18900 27753 23638 -4115
VT0.75_5 VT0.75 5 19000 28116 24492 -3624
VT0.75_5 VT0.75 5 19100 27605 24541 -3064
VT0.75_5 VT0.75 5 19200 30418 23724 -6694
VT0.75_5 VT0.75 5 19300 30293 23427 -6866
VT0.75_5 VT0.75 5 19400 28773 24785 -3988
VT0.75_5 VT0.75 5 19500 28787 24981 -3806
VT0.75_5 VT0.75 5 19600 28943 24203 -4740
VT0.75_5 VT0.75 5 19700 28605 24094 -4511
VT0.75_5 VT0.75 5 19800 27960 23946 -4014
VT0.75_5 VT0.75 5 19900 27543 23823 -3720
VT0.75_5 VT0.75 5 20000 28861 22787 -6074
VT0.75_6 VT0.75 6 0 0 0 0
VT0.75_6 VT0.75 6 100 52 1892 1840
VT0.75_6 VT0.75 6 200 481 11559 11078
VT0.75_6 VT0.75 6 300 823 19818 18995
VT0.75_6 VT0.75 6 400 944 24854 23910
VT0.75_6 VT0.75 6 500 291 11866 11575
VT0.75_6 VT0.75 6 600 164 3426 3262
VT0.75_6 VT0.75 6 700 2450 13645 11195
VT0.75_6 VT0.75 6 800 12425 28429 16004
VT0.75_6 VT0.75 6 900 43545 30674 -12871
VT0.75_6 VT0.75 6 1000 45208 26801 -18407
VT0.75_6 VT0.75 6 1100 35225 23584 -11641
VT0.75_6 VT0.75 6 1200 33379 23126 -10253
VT0.75_6 VT0.75 6 1300 34191 23519 -10672
VT0.75_6 VT0.75 6 1400 33973 23654 -10319
VT0.75_6 VT0.75 6 1500 32714 26281 -6433
VT0.75_6 VT0.75 6 1600 34679 23925 -10754
VT0.75_6 VT0.75 6 1700 37507 22743 -14764
VT0.75_6 VT0.75 6 1800 36277 22953 -13324
VT0.75_6 VT0.75 6 1900 35247 25967 -9280
VT0.75_6 VT0.75 6 2000 35591 26277 -9314
VT0.75_6 VT0.75 6 2100 38602 28170 -10432
VT0.75_6 VT0.75 6 2200 38948 25580 -13368
VT0.75_6 VT0.75 6 2300 39938 27320 -12618
VT0.75_6 VT0.75 6 2400 39465 27761 -11704
VT0.75_6 VT0.75 6 2500 40452 26771 -13681
VT0.75_6 VT0.75 6 2600 41912 30009 -11903
VT0.75_6 VT0.75 6 2700 43893 34001 -9892
VT0.75_6 VT0.75 6 2800 46136 32504 -13632
VT0.75_6 VT0.75 6 2900 41918 31175 -10743
VT0.75_6 VT0.75 6 3000 40856 30591 -10265
VT0.75_6 VT0.75 6 3100 41150 32256 -8894
VT0.75_6 VT0.75 6 3200 43352 34211 -9141
VT0.75_6 VT0.75 6 3300 43545 35582 -7963
VT0.75_6 VT0.75 6 3400 45019 34170 -10849
VT0.75_6 VT0.75 6 3500 43667 34169 -9498
VT0.75_6 VT0.75 6 3600 42770 34134 -8636
VT0.75_6 VT0.75 6 3700 43864 35679 -8185
VT0.75_6 VT0.75 6 3800 43931 34106 -9825
VT0.75_6 VT0.75 6 3900 42094 33201 -8893
VT0.75_6 VT0.75 6 4000 44808 29362 -15446
VT0.75_6 VT0.75 6 4100 44600 28909 -15691
VT0.75_6 VT0.75 6 4200 41320 30454 -10866
VT0.75_6 VT0.75 6 4300 39694 30119 -9575
VT0.75_6 VT0.75 6 4400 40976 29850 -11126
VT0.75_6 VT0.75 6 4500 42495 28921 -13574
VT0.75_6 VT0.75 6 4600 43421 30298 -13123
VT0.75_6 VT0.75 6 4700 41417 29360 -12057
VT0.75_6 VT0.75 6 4800 41788 30885 -10903
VT0.75_6 VT0.75 6 4900 41864 32645 -9219
VT0.75_6 VT0.75 6 5000 41477 31052 -10425
VT0.75_6 VT0.75 6 5100 39305 29424 -9881
VT0.75_6 VT0.75 6 5200 39442 29659 -9783
VT0.75_6 VT0.75 6 5300 39414 30220 -9194
VT0.75_6 VT0.75 6 5400 41599 30077 -11522
VT0.75_6 VT0.75 6 5500 39647 29054 -10593
VT0.75_6 VT0.75 6 5600 39237 25734 -13503
VT0.75_6 VT0.75 6 5700 38377 25014 -13363
VT0.75_6 VT0.75 6 5800 41538 24958 -16580
VT0.75_6 VT0.75 6 5900 39448 23147 -16301
VT0.75_6 VT0.75 6 6000 35512 21888 -13624
VT0.75_6 VT0.75 6 6100 38391 22223 -16168
VT0.75_6 VT0.75 6 6200 39426 22003 -17423
VT0.75_6 VT0.75 6 6300 38460 22639 -15821
VT0.75_6 VT0.75 6 6400 38768 23645 -15123
VT0.75_6 VT0.75 6 6500 43474 25449 -18025
VT0.75_6 VT0.75 6 6600 41606 26258 -15348
VT0.75_6 VT0.75 6 6700 38537 25778 -12759
VT0.75_6 VT0.75 6 6800 37922 25216 -12706
VT0.75_6 VT0.75 6 6900 40669 26308 -14361
VT0.75_6 VT0.75 6 7000 40247 24232 -16015
VT0.75_6 VT0.75 6 7100 38741 23754 -14987
VT0.75_6 VT0.75 6 7200 38859 25070 -13789
VT0.75_6 VT0.75 6 7300 40741 25868 -14873
VT0.75_6 VT0.75 6 7400 40709 27883 -12826
VT0.75_6 VT0.75 6 7500 35440 26951 -8489
VT0.75_6 VT0.75 6 7600 36225 26211 -10014
VT0.75_6 VT0.75 6 7700 38982 26375 -12607
VT0.75_6 VT0.75 6 7800 37648 26316 -11332
VT0.75_6 VT0.75 6 7900 38214 24559 -13655
VT0.75_6 VT0.75 6 8000 39074 23573 -15501
VT0.75_6 VT0.75 6 8100 37870 24456 -13414
VT0.75_6 VT0.75 6 8200 36077 27539 -8538
VT0.75_6 VT0.75 6 8300 38331 27308 -11023
VT0.75_6 VT0.75 6 8400 36907 26840 -10067
VT0.75_6 VT0.75 6 8500 37382 24621 -12761
VT0.75_6 VT0.75 6 8600 36955 24226 -12729
VT0.75_6 VT0.75 6 8700 37951 24604 -13347
VT0.75_6 VT0.75 6 8800 36762 25569 -11193
VT0.75_6 VT0.75 6 8900 38473 25321 -13152
VT0.75_6 VT0.75 6 9000 40495 26991 -13504
VT0.75_6 VT0.75 6 9100 41355 27051 -14304
VT0.75_6 VT0.75 6 9200 42207 26338 -15869
VT0.75_6 VT0.75 6 9300 44820 25145 -19675
VT0.75_6 VT0.75 6 9400 42392 22535 -19857
VT0.75_6 VT0.75 6 9500 42619 23569 -19050
VT0.75_6 VT0.75 6 9600 43181 24813 -18368
VT0.75_6 VT0.75 6 9700 41979 25633 -16346
VT0.75_6 VT0.75 6 9800 41265 25795 -15470
VT0.75_6 VT0.75 6 9900 42076 25390 -16686
VT0.75_6 VT0.75 6 10000 38050 25666 -12384
VT0.75_6 VT0.75 6 10100 36163 26035 -10128
VT0.75_6 VT0.75 6 10200 33786 25911 -7875
VT0.75_6 VT0.75 6 10300 33865 26356 -7509
VT0.75_6 VT0.75 6 10400 31638 25617 -6021
VT0.75_6 VT0.75 6 10500 30731 26530 -4201
VT0.75_6 VT0.75 6 10600 31380 25952 -5428
VT0.75_6 VT0.75 6 10700 30962 26160 -4802
VT0.75_6 VT0.75 6 10800 29813 26578 -3235
VT0.75_6 VT0.75 6 10900 28655 25215 -3440
VT0.75_6 VT0.75 6 11000 29906 24457 -5449
VT0.75_6 VT0.75 6 11100 29587 24472 -5115
VT0.75_6 VT0.75 6 11200 27896 24856 -3040
VT0.75_6 VT0.75 6 11300 26948 25354 -1594
VT0.75_6 VT0.75 6 11400 27275 26878 -397
VT0.75_6 VT0.75 6 11500 26923 26556 -367
VT0.75_6 VT0.75 6 11600 27055 25558 -1497
VT0.75_6 VT0.75 6 11700 27236 25928 -1308
VT0.75_6 VT0.75 6 11800 27414 25303 -2111
VT0.75_6 VT0.75 6 11900 27327 24372 -2955
VT0.75_6 VT0.75 6 12000 28243 23883 -4360
VT0.75_6 VT0.75 6 12100 28270 24549 -3721
VT0.75_6 VT0.75 6 12200 26782 24402 -2380
VT0.75_6 VT0.75 6 12300 26936 23220 -3716
VT0.75_6 VT0.75 6 12400 27184 23433 -3751
VT0.75_6 VT0.75 6 12500 28372 21484 -6888
VT0.75_6 VT0.75 6 12600 27764 21203 -6561
VT0.75_6 VT0.75 6 12700 29170 22815 -6355
VT0.75_6 VT0.75 6 12800 28795 21566 -7229
VT0.75_6 VT0.75 6 12900 28275 22374 -5901
VT0.75_6 VT0.75 6 13000 28129 23525 -4604
VT0.75_6 VT0.75 6 13100 27236 23698 -3538
VT0.75_6 VT0.75 6 13200 27639 23619 -4020
VT0.75_6 VT0.75 6 13300 28691 23983 -4708
VT0.75_6 VT0.75 6 13400 29965 24309 -5656
VT0.75_6 VT0.75 6 13500 28228 24354 -3874
VT0.75_6 VT0.75 6 13600 26054 24131 -1923
VT0.75_6 VT0.75 6 13700 28535 24193 -4342
VT0.75_6 VT0.75 6 13800 28936 24151 -4785
VT0.75_6 VT0.75 6 13900 29513 23958 -5555
VT0.75_6 VT0.75 6 14000 27423 22646 -4777
VT0.75_6 VT0.75 6 14100 30337 23116 -7221
VT0.75_6 VT0.75 6 14200 30801 23998 -6803
VT0.75_6 VT0.75 6 14300 30775 23994 -6781
VT0.75_6 VT0.75 6 14400 27942 24817 -3125
VT0.75_6 VT0.75 6 14500 26968 23986 -2982
VT0.75_6 VT0.75 6 14600 26846 24035 -2811
VT0.75_6 VT0.75 6 14700 27123 23828 -3295
VT0.75_6 VT0.75 6 14800 28516 25187 -3329
VT0.75_6 VT0.75 6 14900 28101 24047 -4054
VT0.75_6 VT0.75 6 15000 29060 24909 -4151
VT0.75_6 VT0.75 6 15100 29306 23074 -6232
VT0.75_6 VT0.75 6 15200 27736 23844 -3892
VT0.75_6 VT0.75 6 15300 27446 24469 -2977
VT0.75_6 VT0.75 6 15400 28180 23793 -4387
VT0.75_6 VT0.75 6 15500 28081 25030 -3051
VT0.75_6 VT0.75 6 15600 29243 25436 -3807
VT0.75_6 VT0.75 6 15700 29554 24505 -5049
VT0.75_6 VT0.75 6 15800 28498 24931 -3567
VT0.75_6 VT0.75 6 15900 27495 23098 -4397
VT0.75_6 VT0.75 6 16000 28410 22594 -5816
VT0.75_6 VT0.75 6 16100 28917 24782 -4135
VT0.75_6 VT0.75 6 16200 27900 25696 -2204
VT0.75_6 VT0.75 6 16300 27847 24269 -3578
VT0.75_6 VT0.75 6 16400 27979 25468 -2511
VT0.75_6 VT0.75 6 16500 26974 25369 -1605
VT0.75_6 VT0.75 6 16600 27651 23653 -3998
VT0.75_6 VT0.75 6 16700 27856 22873 -4983
VT0.75_6 VT0.75 6 16800 27745 23573 -4172
VT0.75_6 VT0.75 6 16900 28273 22660 -5613
VT0.75_6 VT0.75 6 17000 29005 23459 -5546
VT0.75_6 VT0.75 6 17100 29587 23713 -5874
VT0.75_6 VT0.75 6 17200 30181 23917 -6264
VT0.75_6 VT0.75 6 17300 31510 24556 -6954
VT0.75_6 VT0.75 6 17400 31354 24363 -6991
VT0.75_6 VT0.75 6 17500 31599 23481 -8118
VT0.75_6 VT0.75 6 17600 31370 23434 -7936
VT0.75_6 VT0.75 6 17700 30594 23143 -7451
VT0.75_6 VT0.75 6 17800 29204 22061 -7143
VT0.75_6 VT0.75 6 17900 27581 21238 -6343
VT0.75_6 VT0.75 6 18000 27765 23023 -4742
VT0.75_6 VT0.75 6 18100 26462 23645 -2817
VT0.75_6 VT0.75 6 18200 26562 24626 -1936
VT0.75_6 VT0.75 6 18300 27732 24059 -3673
VT0.75_6 VT0.75 6 18400 27283 24495 -2788
VT0.75_6 VT0.75 6 18500 27949 24048 -3901
VT0.75_6 VT0.75 6 18600 30939 23087 -7852
VT0.75_6 VT0.75 6 18700 29389 22445 -6944
VT0.75_6 VT0.75 6 18800 30346 22469 -7877
VT0.75_6 VT0.75 6 18900 28717 23372 -5345
VT0.75_6 VT0.75 6 19000 27476 22718 -4758
VT0.75_6 VT0.75 6 19100 28617 22537 -6080
VT0.75_6 VT0.75 6 19200 29241 22011 -7230
VT0.75_6 VT0.75 6 19300 28490 23071 -5419
VT0.75_6 VT0.75 6 19400 28432 23347 -5085
VT0.75_6 VT0.75 6 19500 26545 21925 -4620
VT0.75_6 VT0.75 6 19600 26343 21793 -4550
VT0.75_6 VT0.75 6 19700 27309 22646 -4663
VT0.75_6 VT0.75 6 19800 29159 23782 -5377
VT0.75_6 VT0.75 6 19900 28616 24225 -4391
VT0.75_6 VT0.75 6 20000 28796 23671 -5125
VT0.75_7 VT0.75 7 0 0 0 0
VT0.75_7 VT0.75 7 100 52 1885 1833
VT0.75_7 VT0.75 7 200 510 11268 10758
VT0.75_7 VT0.75 7 300 813 19442 18629
VT0.75_7 VT0.75 7 400 1026 26369 25343
VT0.75_7 VT0.75 7 500 1052 32052 31000
VT0.75_7 VT0.75 7 600 807 26211 25404
VT0.75_7 VT0.75 7 700 943 17429 16486
VT0.75_7 VT0.75 7 800 5495 33562 28067
VT0.75_7 VT0.75 7 900 9610 37932 28322
VT0.75_7 VT0.75 7 1000 21228 29202 7974
VT0.75_7 VT0.75 7 1100 31665 27708 -3957
VT0.75_7 VT0.75 7 1200 37073 27080 -9993
VT0.75_7 VT0.75 7 1300 37894 25793 -12101
VT0.75_7 VT0.75 7 1400 33095 23660 -9435
VT0.75_7 VT0.75 7 1500 34006 22343 -11663
VT0.75_7 VT0.75 7 1600 34442 23256 -11186
VT0.75_7 VT0.75 7 1700 36938 23655 -13283
VT0.75_7 VT0.75 7 1800 34810 22935 -11875
VT0.75_7 VT0.75 7 1900 37578 23115 -14463
VT0.75_7 VT0.75 7 2000 38236 25343 -12893
VT0.75_7 VT0.75 7 2100 36563 28114 -8449
VT0.75_7 VT0.75 7 2200 35859 26979 -8880
VT0.75_7 VT0.75 7 2300 40206 27709 -12497
VT0.75_7 VT0.75 7 2400 39093 26603 -12490
VT0.75_7 VT0.75 7 2500 39447 26898 -12549
VT0.75_7 VT0.75 7 2600 41186 28075 -13111
VT0.75_7 VT0.75 7 2700 39879 29806 -10073
VT0.75_7 VT0.75 7 2800 40881 28553 -12328
VT0.75_7 VT0.75 7 2900 39939 27709 -12230
VT0.75_7 VT0.75 7 3000 43638 29523 -14115
VT0.75_7 VT0.75 7 3100 45112 28618 -16494
VT0.75_7 VT0.75 7 3200 46360 28935 -17425
VT0.75_7 VT0.75 7 3300 43672 28549 -15123
VT0.75_7 VT0.75 7 3400 43341 26511 -16830
VT0.75_7 VT0.75 7 3500 41201 26691 -14510
VT0.75_7 VT0.75 7 3600 43525 26401 -17124
VT0.75_7 VT0.75 7 3700 45175 28468 -16707
VT0.75_7 VT0.75 7 3800 44317 29629 -14688
VT0.75_7 VT0.75 7 3900 45137 29309 -15828
VT0.75_7 VT0.75 7 4000 45154 28353 -16801
VT0.75_7 VT0.75 7 4100 47661 28764 -18897
VT0.75_7 VT0.75 7 4200 44946 27347 -17599
VT0.75_7 VT0.75 7 4300 43843 27279 -16564
VT0.75_7 VT0.75 7 4400 43317 26721 -16596
VT0.75_7 VT0.75 7 4500 44377 27762 -16615
VT0.75_7 VT0.75 7 4600 41693 25143 -16550
VT0.75_7 VT0.75 7 4700 42127 24325 -17802
VT0.75_7 VT0.75 7 4800 43315 23838 -19477
VT0.75_7 VT0.75 7 4900 43187 24636 -18551
VT0.75_7 VT0.75 7 5000 44135 25336 -18799
VT0.75_7 VT0.75 7 5100 44844 24996 -19848
VT0.75_7 VT0.75 7 5200 46156 24908 -21248
VT0.75_7 VT0.75 7 5300 45495 25785 -19710
VT0.75_7 VT0.75 7 5400 47071 26563 -20508
VT0.75_7 VT0.75 7 5500 46660 25002 -21658
VT0.75_7 VT0.75 7 5600 44315 24064 -20251
VT0.75_7 VT0.75 7 5700 40419 24470 -15949
VT0.75_7 VT0.75 7 5800 37707 27044 -10663
VT0.75_7 VT0.75 7 5900 35758 28499 -7259
VT0.75_7 VT0.75 7 6000 33678 27074 -6604
VT0.75_7 VT0.75 7 6100 31629 26942 -4687
VT0.75_7 VT0.75 7 6200 30188 26687 -3501
VT0.75_7 VT0.75 7 6300 29181 28196 -985
VT0.75_7 VT0.75 7 6400 29569 27979 -1590
VT0.75_7 VT0.75 7 6500 30483 27377 -3106
VT0.75_7 VT0.75 7 6600 28001 26687 -1314
VT0.75_7 VT0.75 7 6700 29507 25619 -3888
VT0.75_7 VT0.75 7 6800 29020 24791 -4229
VT0.75_7 VT0.75 7 6900 29038 25297 -3741
VT0.75_7 VT0.75 7 7000 29241 24868 -4373
VT0.75_7 VT0.75 7 7100 29572 24989 -4583
VT0.75_7 VT0.75 7 7200 30070 24749 -5321
VT0.75_7 VT0.75 7 7300 29594 24162 -5432
VT0.75_7 VT0.75 7 7400 30517 22655 -7862
VT0.75_7 VT0.75 7 7500 30426 23382 -7044
VT0.75_7 VT0.75 7 7600 29903 22348 -7555
VT0.75_7 VT0.75 7 7700 27562 21772 -5790
VT0.75_7 VT0.75 7 7800 27677 21767 -5910
VT0.75_7 VT0.75 7 7900 28118 21665 -6453
VT0.75_7 VT0.75 7 8000 27907 21838 -6069
VT0.75_7 VT0.75 7 8100 28578 21717 -6861
VT0.75_7 VT0.75 7 8200 28189 22623 -5566
VT0.75_7 VT0.75 7 8300 28844 22932 -5912
VT0.75_7 VT0.75 7 8400 28939 24186 -4753
VT0.75_7 VT0.75 7 8500 27333 24928 -2405
VT0.75_7 VT0.75 7 8600 29182 24838 -4344
VT0.75_7 VT0.75 7 8700 29230 23955 -5275
VT0.75_7 VT0.75 7 8800 28817 22314 -6503
VT0.75_7 VT0.75 7 8900 29270 23184 -6086
VT0.75_7 VT0.75 7 9000 30110 24496 -5614
VT0.75_7 VT0.75 7 9100 30775 25795 -4980
VT0.75_7 VT0.75 7 9200 29473 24559 -4914
VT0.75_7 VT0.75 7 9300 28983 24680 -4303
VT0.75_7 VT0.75 7 9400 29245 24260 -4985
VT0.75_7 VT0.75 7 9500 29770 23300 -6470
VT0.75_7 VT0.75 7 9600 27819 23193 -4626
VT0.75_7 VT0.75 7 9700 29383 22651 -6732
VT0.75_7 VT0.75 7 9800 32057 22440 -9617
VT0.75_7 VT0.75 7 9900 28607 22680 -5927
VT0.75_7 VT0.75 7 10000 27670 23198 -4472
VT0.75_7 VT0.75 7 10100 28271 22947 -5324
VT0.75_7 VT0.75 7 10200 27130 23720 -3410
VT0.75_7 VT0.75 7 10300 27151 25126 -2025
VT0.75_7 VT0.75 7 10400 27393 26296 -1097
VT0.75_7 VT0.75 7 10500 27109 25918 -1191
VT0.75_7 VT0.75 7 10600 27087 24317 -2770
VT0.75_7 VT0.75 7 10700 28497 24055 -4442
VT0.75_7 VT0.75 7 10800 28070 24417 -3653
VT0.75_7 VT0.75 7 10900 28327 23668 -4659
VT0.75_7 VT0.75 7 11000 29169 23890 -5279
VT0.75_7 VT0.75 7 11100 29166 23533 -5633
VT0.75_7 VT0.75 7 11200 31095 23454 -7641
VT0.75_7 VT0.75 7 11300 32901 22711 -10190
VT0.75_7 VT0.75 7 11400 33856 22889 -10967
VT0.75_7 VT0.75 7 11500 30579 22652 -7927
VT0.75_7 VT0.75 7 11600 30994 23639 -7355
VT0.75_7 VT0.75 7 11700 32442 24530 -7912
VT0.75_7 VT0.75 7 11800 32443 24780 -7663
VT0.75_7 VT0.75 7 11900 30630 23267 -7363
VT0.75_7 VT0.75 7 12000 30224 21734 -8490
VT0.75_7 VT0.75 7 12100 29908 23720 -6188
VT0.75_7 VT0.75 7 12200 28302 23459 -4843
VT0.75_7 VT0.75 7 12300 28717 23632 -5085
VT0.75_7 VT0.75 7 12400 28399 23931 -4468
VT0.75_7 VT0.75 7 12500 28673 24442 -4231
VT0.75_7 VT0.75 7 12600 28188 23820 -4368
VT0.75_7 VT0.75 7 12700 27077 24508 -2569
VT0.75_7 VT0.75 7 12800 27174 21714 -5460
VT0.75_7 VT0.75 7 12900 27512 22075 -5437
VT0.75_7 VT0.75 7 13000 27141 21136 -6005
VT0.75_7 VT0.75 7 13100 27723 20783 -6940
VT0.75_7 VT0.75 7 13200 26097 19929 -6168
VT0.75_7 VT0.75 7 13300 26060 20146 -5914
VT0.75_7 VT0.75 7 13400 25162 21993 -3169
VT0.75_7 VT0.75 7 13500 26101 22650 -3451
VT0.75_7 VT0.75 7 13600 26262 22592 -3670
VT0.75_7 VT0.75 7 13700 27185 22881 -4304
VT0.75_7 VT0.75 7 13800 27444 23812 -3632
VT0.75_7 VT0.75 7 13900 25775 22909 -2866
VT0.75_7 VT0.75 7 14000 26157 23131 -3026
VT0.75_7 VT0.75 7 14100 26748 22748 -4000
VT0.75_7 VT0.75 7 14200 27379 24824 -2555
VT0.75_7 VT0.75 7 14300 27605 24307 -3298
VT0.75_7 VT0.75 7 14400 27084 21421 -5663
VT0.75_7 VT0.75 7 14500 27065 21589 -5476
VT0.75_7 VT0.75 7 14600 27412 21137 -6275
VT0.75_7 VT0.75 7 14700 26241 20783 -5458
VT0.75_7 VT0.75 7 14800 27013 22196 -4817
VT0.75_7 VT0.75 7 14900 27676 22343 -5333
VT0.75_7 VT0.75 7 15000 27323 21297 -6026
VT0.75_7 VT0.75 7 15100 27294 21308 -5986
VT0.75_7 VT0.75 7 15200 27917 20831 -7086
VT0.75_7 VT0.75 7 15300 27404 21483 -5921
VT0.75_7 VT0.75 7 15400 26855 22354 -4501
VT0.75_7 VT0.75 7 15500 27661 23247 -4414
VT0.75_7 VT0.75 7 15600 28464 22892 -5572
VT0.75_7 VT0.75 7 15700 28541 21741 -6800
VT0.75_7 VT0.75 7 15800 28565 22092 -6473
VT0.75_7 VT0.75 7 15900 27714 22101 -5613
VT0.75_7 VT0.75 7 16000 27802 22037 -5765
VT0.75_7 VT0.75 7 16100 28504 21887 -6617
VT0.75_7 VT0.75 7 16200 27878 21968 -5910
VT0.75_7 VT0.75 7 16300 28256 22106 -6150
VT0.75_7 VT0.75 7 16400 28160 21482 -6678
VT0.75_7 VT0.75 7 16500 27213 21654 -5559
VT0.75_7 VT0.75 7 16600 28385 21091 -7294
VT0.75_7 VT0.75 7 16700 27517 22031 -5486
VT0.75_7 VT0.75 7 16800 29504 22746 -6758
VT0.75_7 VT0.75 7 16900 28823 23833 -4990
VT0.75_7 VT0.75 7 17000 28478 23099 -5379
VT0.75_7 VT0.75 7 17100 29796 23457 -6339
VT0.75_7 VT0.75 7 17200 28106 23881 -4225
VT0.75_7 VT0.75 7 17300 27447 22639 -4808
VT0.75_7 VT0.75 7 17400 27326 22679 -4647
VT0.75_7 VT0.75 7 17500 28844 23340 -5504
VT0.75_7 VT0.75 7 17600 27975 24155 -3820
VT0.75_7 VT0.75 7 17700 26725 23780 -2945
VT0.75_7 VT0.75 7 17800 25817 22442 -3375
VT0.75_7 VT0.75 7 17900 28407 22926 -5481
VT0.75_7 VT0.75 7 18000 28292 23791 -4501
VT0.75_7 VT0.75 7 18100 26707 23266 -3441
VT0.75_7 VT0.75 7 18200 28519 23945 -4574
VT0.75_7 VT0.75 7 18300 29494 24449 -5045
VT0.75_7 VT0.75 7 18400 29045 23706 -5339
VT0.75_7 VT0.75 7 18500 29083 23647 -5436
VT0.75_7 VT0.75 7 18600 29274 23663 -5611
VT0.75_7 VT0.75 7 18700 28738 24182 -4556
VT0.75_7 VT0.75 7 18800 29057 23664 -5393
VT0.75_7 VT0.75 7 18900 29943 22302 -7641
VT0.75_7 VT0.75 7 19000 29843 22615 -7228
VT0.75_7 VT0.75 7 19100 28929 23280 -5649
VT0.75_7 VT0.75 7 19200 28934 23438 -5496
VT0.75_7 VT0.75 7 19300 27824 22175 -5649
VT0.75_7 VT0.75 7 19400 28504 22670 -5834
VT0.75_7 VT0.75 7 19500 30179 23766 -6413
VT0.75_7 VT0.75 7 19600 30238 23902 -6336
VT0.75_7 VT0.75 7 19700 28150 24451 -3699
VT0.75_7 VT0.75 7 19800 28915 22966 -5949
VT0.75_7 VT0.75 7 19900 28772 23512 -5260
VT0.75_7 VT0.75 7 20000 28492 22097 -6395
VT0.75_8 VT0.75 8 0 0 0 0
VT0.75_8 VT0.75 8 100 56 1897 1841
VT0.75_8 VT0.75 8 200 529 11293 10764
VT0.75_8 VT0.75 8 300 890 19599 18709
VT0.75_8 VT0.75 8 400 820 22976 22156
VT0.75_8 VT0.75 8 500 253 10235 9982
VT0.75_8 VT0.75 8 600 117 4135 4018
VT0.75_8 VT0.75 8 700 5090 43768 38678
VT0.75_8 VT0.75 8 800 13160 67208 54048
VT0.75_8 VT0.75 8 900 17664 47773 30109
VT0.75_8 VT0.75 8 1000 19825 32423 12598
VT0.75_8 VT0.75 8 1100 22222 25435 3213
VT0.75_8 VT0.75 8 1200 27411 22312 -5099
VT0.75_8 VT0.75 8 1300 30297 21849 -8448
VT0.75_8 VT0.75 8 1400 32767 20584 -12183
VT0.75_8 VT0.75 8 1500 35364 21055 -14309
VT0.75_8 VT0.75 8 1600 35623 21357 -14266
VT0.75_8 VT0.75 8 1700 34079 20943 -13136
VT0.75_8 VT0.75 8 1800 34474 22569 -11905
VT0.75_8 VT0.75 8 1900 35405 24343 -11062
VT0.75_8 VT0.75 8 2000 40477 26385 -14092
VT0.75_8 VT0.75 8 2100 38376 26627 -11749
VT0.75_8 VT0.75 8 2200 40975 29402 -11573
VT0.75_8 VT0.75 8 2300 41759 29530 -12229
VT0.75_8 VT0.75 8 2400 41113 29067 -12046
VT0.75_8 VT0.75 8 2500 40189 30182 -10007
VT0.75_8 VT0.75 8 2600 40810 28199 -12611
VT0.75_8 VT0.75 8 2700 43730 26097 -17633
VT0.75_8 VT0.75 8 2800 45788 24967 -20821
VT0.75_8 VT0.75 8 2900 47359 25520 -21839
VT0.75_8 VT0.75 8 3000 45557 25765 -19792
VT0.75_8 VT0.75 8 3100 48120 27004 -21116
VT0.75_8 VT0.75 8 3200 47791 27531 -20260
VT0.75_8 VT0.75 8 3300 46638 29956 -16682
VT0.75_8 VT0.75 8 3400 47004 31956 -15048
VT0.75_8 VT0.75 8 3500 46167 31624 -14543
VT0.75_8 VT0.75 8 3600 42552 30884 -11668
VT0.75_8 VT0.75 8 3700 41674 30595 -11079
VT0.75_8 VT0.75 8 3800 44239 29688 -14551
VT0.75_8 VT0.75 8 3900 42458 27748 -14710
VT0.75_8 VT0.75 8 4000 42767 30229 -12538
VT0.75_8 VT0.75 8 4100 43785 29757 -14028
VT0.75_8 VT0.75 8 4200 40268 28589 -11679
VT0.75_8 VT0.75 8 4300 40210 27135 -13075
VT0.75_8 VT0.75 8 4400 41388 25595 -15793
VT0.75_8 VT0.75 8 4500 42317 25530 -16787
VT0.75_8 VT0.75 8 4600 42284 25030 -17254
VT0.75_8 VT0.75 8 4700 42833 25691 -17142
VT0.75_8 VT0.75 8 4800 42050 25268 -16782
VT0.75_8 VT0.75 8 4900 41376 25369 -16007
VT0.75_8 VT0.75 8 5000 42033 26453 -15580
VT0.75_8 VT0.75 8 5100 39241 27239 -12002
VT0.75_8 VT0.75 8 5200 41695 26387 -15308
VT0.75_8 VT0.75 8 5300 41150 28067 -13083
VT0.75_8 VT0.75 8 5400 40884 29487 -11397
VT0.75_8 VT0.75 8 5500 41580 27876 -13704
VT0.75_8 VT0.75 8 5600 44041 25446 -18595
VT0.75_8 VT0.75 8 5700 42859 24177 -18682
VT0.75_8 VT0.75 8 5800 40312 26431 -13881
VT0.75_8 VT0.75 8 5900 40941 27746 -13195
VT0.75_8 VT0.75 8 6000 39513 29108 -10405
VT0.75_8 VT0.75 8 6100 41096 29076 -12020
VT0.75_8 VT0.75 8 6200 39585 26955 -12630
VT0.75_8 VT0.75 8 6300 40193 27869 -12324
VT0.75_8 VT0.75 8 6400 40859 24741 -16118
VT0.75_8 VT0.75 8 6500 43788 23868 -19920
VT0.75_8 VT0.75 8 6600 44368 23577 -20791
VT0.75_8 VT0.75 8 6700 44160 24298 -19862
VT0.75_8 VT0.75 8 6800 44844 26249 -18595
VT0.75_8 VT0.75 8 6900 42465 25723 -16742
VT0.75_8 VT0.75 8 7000 39522 25114 -14408
VT0.75_8 VT0.75 8 7100 40316 27279 -13037
VT0.75_8 VT0.75 8 7200 40580 25899 -14681
VT0.75_8 VT0.75 8 7300 43537 26155 -17382
VT0.75_8 VT0.75 8 7400 41145 25215 -15930
VT0.75_8 VT0.75 8 7500 39089 25385 -13704
VT0.75_8 VT0.75 8 7600 40908 24981 -15927
VT0.75_8 VT0.75 8 7700 41879 24058 -17821
VT0.75_8 VT0.75 8 7800 41204 25022 -16182
VT0.75_8 VT0.75 8 7900 42189 24827 -17362
VT0.75_8 VT0.75 8 8000 44694 28423 -16271
VT0.75_8 VT0.75 8 8100 44116 28692 -15424
VT0.75_8 VT0.75 8 8200 41535 26482 -15053
VT0.75_8 VT0.75 8 8300 41632 27668 -13964
VT0.75_8 VT0.75 8 8400 39539 25993 -13546
VT0.75_8 VT0.75 8 8500 41124 27188 -13936
VT0.75_8 VT0.75 8 8600 39588 27484 -12104
VT0.75_8 VT0.75 8 8700 37743 28750 -8993
VT0.75_8 VT0.75 8 8800 42128 27878 -14250
VT0.75_8 VT0.75 8 8900 39726 26870 -12856
VT0.75_8 VT0.75 8 9000 36926 24541 -12385
VT0.75_8 VT0.75 8 9100 37303 23446 -13857
VT0.75_8 VT0.75 8 9200 37108 24015 -13093
VT0.75_8 VT0.75 8 9300 36931 25398 -11533
VT0.75_8 VT0.75 8 9400 38538 26414 -12124
VT0.75_8 VT0.75 8 9500 38343 25492 -12851
VT0.75_8 VT0.75 8 9600 38945 21837 -17108
VT0.75_8 VT0.75 8 9700 39223 22881 -16342
VT0.75_8 VT0.75 8 9800 35845 23400 -12445
VT0.75_8 VT0.75 8 9900 38771 24887 -13884
VT0.75_8 VT0.75 8 10000 38967 26267 -12700
VT0.75_8 VT0.75 8 10100 38482 28052 -10430
VT0.75_8 VT0.75 8 10200 39863 28291 -11572
VT0.75_8 VT0.75 8 10300 39412 26860 -12552
VT0.75_8 VT0.75 8 10400 41186 25904 -15282
VT0.75_8 VT0.75 8 10500 41378 27482 -13896
VT0.75_8 VT0.75 8 10600 40320 26247 -14073
VT0.75_8 VT0.75 8 10700 40162 25850 -14312
VT0.75_8 VT0.75 8 10800 39371 25516 -13855
VT0.75_8 VT0.75 8 10900 37174 27499 -9675
VT0.75_8 VT0.75 8 11000 39534 28571 -10963
VT0.75_8 VT0.75 8 11100 39765 27796 -11969
VT0.75_8 VT0.75 8 11200 40149 24226 -15923
VT0.75_8 VT0.75 8 11300 40926 25147 -15779
VT0.75_8 VT0.75 8 11400 43562 27778 -15784
VT0.75_8 VT0.75 8 11500 40996 29532 -11464
VT0.75_8 VT0.75 8 11600 39753 25312 -14441
VT0.75_8 VT0.75 8 11700 38130 24435 -13695
VT0.75_8 VT0.75 8 11800 37032 24647 -12385
VT0.75_8 VT0.75 8 11900 38367 24457 -13910
VT0.75_8 VT0.75 8 12000 37279 26154 -11125
VT0.75_8 VT0.75 8 12100 34977 28800 -6177
VT0.75_8 VT0.75 8 12200 37519 27593 -9926
VT0.75_8 VT0.75 8 12300 40531 29079 -11452
VT0.75_8 VT0.75 8 12400 38800 28938 -9862
VT0.75_8 VT0.75 8 12500 39078 28443 -10635
VT0.75_8 VT0.75 8 12600 39836 26453 -13383
VT0.75_8 VT0.75 8 12700 37645 25234 -12411
VT0.75_8 VT0.75 8 12800 38861 24518 -14343
VT0.75_8 VT0.75 8 12900 38605 25329 -13276
VT0.75_8 VT0.75 8 13000 37852 26671 -11181
VT0.75_8 VT0.75 8 13100 39894 26837 -13057
VT0.75_8 VT0.75 8 13200 37995 25976 -12019
VT0.75_8 VT0.75 8 13300 40927 25715 -15212
VT0.75_8 VT0.75 8 13400 39879 24548 -15331
VT0.75_8 VT0.75 8 13500 39737 25883 -13854
VT0.75_8 VT0.75 8 13600 39843 25752 -14091
VT0.75_8 VT0.75 8 13700 42770 25354 -17416
VT0.75_8 VT0.75 8 13800 42522 25220 -17302
VT0.75_8 VT0.75 8 13900 42517 25663 -16854
VT0.75_8 VT0.75 8 14000 42645 27791 -14854
VT0.75_8 VT0.75 8 14100 39962 30372 -9590
VT0.75_8 VT0.75 8 14200 40641 28177 -12464
VT0.75_8 VT0.75 8 14300 39635 26714 -12921
VT0.75_8 VT0.75 8 14400 41754 25717 -16037
VT0.75_8 VT0.75 8 14500 42274 26381 -15893
VT0.75_8 VT0.75 8 14600 36796 26518 -10278
VT0.75_8 VT0.75 8 14700 41147 27222 -13925
VT0.75_8 VT0.75 8 14800 40537 28858 -11679
VT0.75_8 VT0.75 8 14900 39073 28687 -10386
VT0.75_8 VT0.75 8 15000 42114 27059 -15055
VT0.75_8 VT0.75 8 15100 40286 26477 -13809
VT0.75_8 VT0.75 8 15200 40901 25515 -15386
VT0.75_8 VT0.75 8 15300 39198 25158 -14040
VT0.75_8 VT0.75 8 15400 37788 23679 -14109
VT0.75_8 VT0.75 8 15500 38861 25286 -13575
VT0.75_8 VT0.75 8 15600 41827 25203 -16624
VT0.75_8 VT0.75 8 15700 40977 27300 -13677
VT0.75_8 VT0.75 8 15800 39199 27108 -12091
VT0.75_8 VT0.75 8 15900 40878 27625 -13253
VT0.75_8 VT0.75 8 16000 41003 25788 -15215
VT0.75_8 VT0.75 8 16100 38454 25472 -12982
VT0.75_8 VT0.75 8 16200 41538 26345 -15193
VT0.75_8 VT0.75 8 16300 42307 26348 -15959
VT0.75_8 VT0.75 8 16400 41136 25788 -15348
VT0.75_8 VT0.75 8 16500 41690 27162 -14528
VT0.75_8 VT0.75 8 16600 40145 26098 -14047
VT0.75_8 VT0.75 8 16700 43342 26385 -16957
VT0.75_8 VT0.75 8 16800 43119 26344 -16775
VT0.75_8 VT0.75 8 16900 39712 25673 -14039
VT0.75_8 VT0.75 8 17000 40921 25976 -14945
VT0.75_8 VT0.75 8 17100 40841 26651 -14190
VT0.75_8 VT0.75 8 17200 38840 27999 -10841
VT0.75_8 VT0.75 8 17300 42070 28069 -14001
VT0.75_8 VT0.75 8 17400 41579 27907 -13672
VT0.75_8 VT0.75 8 17500 41885 27209 -14676
VT0.75_8 VT0.75 8 17600 41703 26872 -14831
VT0.75_8 VT0.75 8 17700 40430 25577 -14853
VT0.75_8 VT0.75 8 17800 37787 22658 -15129
VT0.75_8 VT0.75 8 17900 33540 22206 -11334
VT0.75_8 VT0.75 8 18000 31061 22406 -8655
VT0.75_8 VT0.75 8 18100 28793 21669 -7124
VT0.75_8 VT0.75 8 18200 29711 21731 -7980
VT0.75_8 VT0.75 8 18300 27584 21402 -6182
VT0.75_8 VT0.75 8 18400 25811 20725 -5086
VT0.75_8 VT0.75 8 18500 27938 21638 -6300
VT0.75_8 VT0.75 8 18600 27875 21510 -6365
VT0.75_8 VT0.75 8 18700 28594 21409 -7185
VT0.75_8 VT0.75 8 18800 28086 22219 -5867
VT0.75_8 VT0.75 8 18900 27280 21221 -6059
VT0.75_8 VT0.75 8 19000 28076 21078 -6998
VT0.75_8 VT0.75 8 19100 27282 21637 -5645
VT0.75_8 VT0.75 8 19200 28749 21991 -6758
VT0.75_8 VT0.75 8 19300 29919 21247 -8672
VT0.75_8 VT0.75 8 19400 29263 21620 -7643
VT0.75_8 VT0.75 8 19500 29505 20594 -8911
VT0.75_8 VT0.75 8 19600 28811 20736 -8075
VT0.75_8 VT0.75 8 19700 26769 21617 -5152
VT0.75_8 VT0.75 8 19800 25932 21778 -4154
VT0.75_8 VT0.75 8 19900 25775 22249 -3526
VT0.75_8 VT0.75 8 20000 25746 22344 -3402
VT0.75_9 VT0.75 9 0 0 0 0
VT0.75_9 VT0.75 9 100 41 1880 1839
VT0.75_9 VT0.75 9 200 484 11259 10775
VT0.75_9 VT0.75 9 300 817 19581 18764
VT0.75_9 VT0.75 9 400 1040 26770 25730
VT0.75_9 VT0.75 9 500 1196 33148 31952
VT0.75_9 VT0.75 9 600 1185 36731 35546
VT0.75_9 VT0.75 9 700 1563 28050 26487
VT0.75_9 VT0.75 9 800 11194 38800 27606
VT0.75_9 VT0.75 9 900 19110 43450 24340
VT0.75_9 VT0.75 9 1000 22529 34105 11576
VT0.75_9 VT0.75 9 1100 23743 27329 3586
VT0.75_9 VT0.75 9 1200 23100 29820 6720
VT0.75_9 VT0.75 9 1300 25879 29114 3235
VT0.75_9 VT0.75 9 1400 25726 26850 1124
VT0.75_9 VT0.75 9 1500 26046 26604 558
VT0.75_9 VT0.75 9 1600 24995 24315 -680
VT0.75_9 VT0.75 9 1700 28586 22678 -5908
VT0.75_9 VT0.75 9 1800 31871 24379 -7492
VT0.75_9 VT0.75 9 1900 28211 23793 -4418
VT0.75_9 VT0.75 9 2000 31611 25763 -5848
VT0.75_9 VT0.75 9 2100 33454 23607 -9847
VT0.75_9 VT0.75 9 2200 36954 23620 -13334
VT0.75_9 VT0.75 9 2300 38959 22837 -16122
VT0.75_9 VT0.75 9 2400 41365 23791 -17574
VT0.75_9 VT0.75 9 2500 41776 24474 -17302
VT0.75_9 VT0.75 9 2600 42286 26046 -16240
VT0.75_9 VT0.75 9 2700 43257 26236 -17021
VT0.75_9 VT0.75 9 2800 40471 26705 -13766
VT0.75_9 VT0.75 9 2900 39842 25929 -13913
VT0.75_9 VT0.75 9 3000 42669 26543 -16126
VT0.75_9 VT0.75 9 3100 47649 27119 -20530
VT0.75_9 VT0.75 9 3200 50589 27294 -23295
VT0.75_9 VT0.75 9 3300 46886 28130 -18756
VT0.75_9 VT0.75 9 3400 45826 29490 -16336
VT0.75_9 VT0.75 9 3500 44089 28098 -15991
VT0.75_9 VT0.75 9 3600 46249 27887 -18362
VT0.75_9 VT0.75 9 3700 49777 30490 -19287
VT0.75_9 VT0.75 9 3800 46909 31804 -15105
VT0.75_9 VT0.75 9 3900 45996 34256 -11740
VT0.75_9 VT0.75 9 4000 45218 33979 -11239
VT0.75_9 VT0.75 9 4100 41281 33738 -7543
VT0.75_9 VT0.75 9 4200 42615 33949 -8666
VT0.75_9 VT0.75 9 4300 43821 32075 -11746
VT0.75_9 VT0.75 9 4400 45942 31482 -14460
VT0.75_9 VT0.75 9 4500 41742 32612 -9130
VT0.75_9 VT0.75 9 4600 40697 32535 -8162
VT0.75_9 VT0.75 9 4700 42216 29741 -12475
VT0.75_9 VT0.75 9 4800 42616 32967 -9649
VT0.75_9 VT0.75 9 4900 43613 31347 -12266
VT0.75_9 VT0.75 9 5000 44250 32089 -12161
VT0.75_9 VT0.75 9 5100 45130 32685 -12445
VT0.75_9 VT0.75 9 5200 42520 34260 -8260
VT0.75_9 VT0.75 9 5300 47742 36846 -10896
VT0.75_9 VT0.75 9 5400 47282 37049 -10233
VT0.75_9 VT0.75 9 5500 45756 37118 -8638
VT0.75_9 VT0.75 9 5600 46545 40499 -6046
VT0.75_9 VT0.75 9 5700 45795 39465 -6330
VT0.75_9 VT0.75 9 5800 45719 36316 -9403
VT0.75_9 VT0.75 9 5900 46770 36417 -10353
VT0.75_9 VT0.75 9 6000 48867 35726 -13141
VT0.75_9 VT0.75 9 6100 48483 34315 -14168
VT0.75_9 VT0.75 9 6200 47141 33910 -13231
VT0.75_9 VT0.75 9 6300 44501 33102 -11399
VT0.75_9 VT0.75 9 6400 41971 31958 -10013
VT0.75_9 VT0.75 9 6500 42799 31341 -11458
VT0.75_9 VT0.75 9 6600 39214 29833 -9381
VT0.75_9 VT0.75 9 6700 40026 28807 -11219
VT0.75_9 VT0.75 9 6800 42312 29446 -12866
VT0.75_9 VT0.75 9 6900 39182 32127 -7055
VT0.75_9 VT0.75 9 7000 41790 36044 -5746
VT0.75_9 VT0.75 9 7100 42570 36081 -6489
VT0.75_9 VT0.75 9 7200 44006 31838 -12168
VT0.75_9 VT0.75 9 7300 47130 33346 -13784
VT0.75_9 VT0.75 9 7400 44789 32630 -12159
VT0.75_9 VT0.75 9 7500 40230 29694 -10536
VT0.75_9 VT0.75 9 7600 41217 30345 -10872
VT0.75_9 VT0.75 9 7700 41752 31969 -9783
VT0.75_9 VT0.75 9 7800 42925 30320 -12605
VT0.75_9 VT0.75 9 7900 43512 28324 -15188
VT0.75_9 VT0.75 9 8000 42829 26415 -16414
VT0.75_9 VT0.75 9 8100 42359 26208 -16151
VT0.75_9 VT0.75 9 8200 41459 26424 -15035
VT0.75_9 VT0.75 9 8300 42866 28212 -14654
VT0.75_9 VT0.75 9 8400 41104 29110 -11994
VT0.75_9 VT0.75 9 8500 40038 31010 -9028
VT0.75_9 VT0.75 9 8600 39492 28321 -11171
VT0.75_9 VT0.75 9 8700 37435 26244 -11191
VT0.75_9 VT0.75 9 8800 36722 25365 -11357
VT0.75_9 VT0.75 9 8900 38973 24911 -14062
VT0.75_9 VT0.75 9 9000 39920 27559 -12361
VT0.75_9 VT0.75 9 9100 39710 28049 -11661
VT0.75_9 VT0.75 9 9200 39743 27055 -12688
VT0.75_9 VT0.75 9 9300 41191 28539 -12652
VT0.75_9 VT0.75 9 9400 39196 26689 -12507
VT0.75_9 VT0.75 9 9500 35117 27222 -7895
VT0.75_9 VT0.75 9 9600 37789 28353 -9436
VT0.75_9 VT0.75 9 9700 38545 29116 -9429
VT0.75_9 VT0.75 9 9800 39727 28894 -10833
VT0.75_9 VT0.75 9 9900 39770 30549 -9221
VT0.75_9 VT0.75 9 10000 38566 32972 -5594
VT0.75_9 VT0.75 9 10100 39165 36065 -3100
VT0.75_9 VT0.75 9 10200 43155 34829 -8326
VT0.75_9 VT0.75 9 10300 40484 31002 -9482
VT0.75_9 VT0.75 9 10400 39869 28602 -11267
VT0.75_9 VT0.75 9 10500 38794 31055 -7739
VT0.75_9 VT0.75 9 10600 40729 35212 -5517
VT0.75_9 VT0.75 9 10700 41781 32311 -9470
VT0.75_9 VT0.75 9 10800 41050 32888 -8162
VT0.75_9 VT0.75 9 10900 40574 33329 -7245
VT0.75_9 VT0.75 9 11000 40293 32667 -7626
VT0.75_9 VT0.75 9 11100 43178 31158 -12020
VT0.75_9 VT0.75 9 11200 39896 31167 -8729
VT0.75_9 VT0.75 9 11300 41514 28100 -13414
VT0.75_9 VT0.75 9 11400 37045 26324 -10721
VT0.75_9 VT0.75 9 11500 32998 28863 -4135
VT0.75_9 VT0.75 9 11600 34365 28529 -5836
VT0.75_9 VT0.75 9 11700 33770 26541 -7229
VT0.75_9 VT0.75 9 11800 36194 28861 -7333
VT0.75_9 VT0.75 9 11900 35165 30527 -4638
VT0.75_9 VT0.75 9 12000 35392 31012 -4380
VT0.75_9 VT0.75 9 12100 36665 30447 -6218
VT0.75_9 VT0.75 9 12200 37904 29816 -8088
VT0.75_9 VT0.75 9 12300 37163 32008 -5155
VT0.75_9 VT0.75 9 12400 36757 31182 -5575
VT0.75_9 VT0.75 9 12500 36126 29312 -6814
VT0.75_9 VT0.75 9 12600 32769 28652 -4117
VT0.75_9 VT0.75 9 12700 31643 26890 -4753
VT0.75_9 VT0.75 9 12800 32491 26056 -6435
VT0.75_9 VT0.75 9 12900 34332 27810 -6522
VT0.75_9 VT0.75 9 13000 34804 27649 -7155
VT0.75_9 VT0.75 9 13100 32871 26834 -6037
VT0.75_9 VT0.75 9 13200 32441 27505 -4936
VT0.75_9 VT0.75 9 13300 31375 29688 -1687
VT0.75_9 VT0.75 9 13400 29675 29281 -394
VT0.75_9 VT0.75 9 13500 29541 27298 -2243
VT0.75_9 VT0.75 9 13600 29912 25583 -4329
VT0.75_9 VT0.75 9 13700 30826 24681 -6145
VT0.75_9 VT0.75 9 13800 31235 24750 -6485
VT0.75_9 VT0.75 9 13900 30268 24693 -5575
VT0.75_9 VT0.75 9 14000 29933 26176 -3757
VT0.75_9 VT0.75 9 14100 31020 25758 -5262
VT0.75_9 VT0.75 9 14200 31888 25905 -5983
VT0.75_9 VT0.75 9 14300 29265 25481 -3784
VT0.75_9 VT0.75 9 14400 28098 22906 -5192
VT0.75_9 VT0.75 9 14500 29199 22895 -6304
VT0.75_9 VT0.75 9 14600 28507 22601 -5906
VT0.75_9 VT0.75 9 14700 27357 22146 -5211
VT0.75_9 VT0.75 9 14800 25777 21986 -3791
VT0.75_9 VT0.75 9 14900 27608 22548 -5060
VT0.75_9 VT0.75 9 15000 27471 22114 -5357
VT0.75_9 VT0.75 9 15100 28852 22944 -5908
VT0.75_9 VT0.75 9 15200 28255 22491 -5764
VT0.75_9 VT0.75 9 15300 28348 22660 -5688
VT0.75_9 VT0.75 9 15400 27304 21728 -5576
VT0.75_9 VT0.75 9 15500 27813 22220 -5593
VT0.75_9 VT0.75 9 15600 27206 22426 -4780
VT0.75_9 VT0.75 9 15700 27794 22726 -5068
VT0.75_9 VT0.75 9 15800 27442 21863 -5579
VT0.75_9 VT0.75 9 15900 27504 21427 -6077
VT0.75_9 VT0.75 9 16000 27776 22198 -5578
VT0.75_9 VT0.75 9 16100 27656 22593 -5063
VT0.75_9 VT0.75 9 16200 28768 22313 -6455
VT0.75_9 VT0.75 9 16300 28776 23196 -5580
VT0.75_9 VT0.75 9 16400 27315 22818 -4497
VT0.75_9 VT0.75 9 16500 27584 21852 -5732
VT0.75_9 VT0.75 9 16600 27739 23315 -4424
VT0.75_9 VT0.75 9 16700 29404 23347 -6057
VT0.75_9 VT0.75 9 16800 27548 22407 -5141
VT0.75_9 VT0.75 9 16900 28133 20699 -7434
VT0.75_9 VT0.75 9 17000 27964 22191 -5773
VT0.75_9 VT0.75 9 17100 26992 23458 -3534
VT0.75_9 VT0.75 9 17200 27360 22875 -4485
VT0.75_9 VT0.75 9 17300 27533 24180 -3353
VT0.75_9 VT0.75 9 17400 26071 23884 -2187
VT0.75_9 VT0.75 9 17500 27684 23513 -4171
VT0.75_9 VT0.75 9 17600 26758 22882 -3876
VT0.75_9 VT0.75 9 17700 26852 22990 -3862
VT0.75_9 VT0.75 9 17800 26207 23543 -2664
VT0.75_9 VT0.75 9 17900 24999 23398 -1601
VT0.75_9 VT0.75 9 18000 26613 23322 -3291
VT0.75_9 VT0.75 9 18100 26874 22954 -3920
VT0.75_9 VT0.75 9 18200 27942 22777 -5165
VT0.75_9 VT0.75 9 18300 28515 22328 -6187
VT0.75_9 VT0.75 9 18400 29250 22386 -6864
VT0.75_9 VT0.75 9 18500 28251 21791 -6460
VT0.75_9 VT0.75 9 18600 27300 23539 -3761
VT0.75_9 VT0.75 9 18700 26694 22925 -3769
VT0.75_9 VT0.75 9 18800 27141 22854 -4287
VT0.75_9 VT0.75 9 18900 27722 22756 -4966
VT0.75_9 VT0.75 9 19000 28460 22239 -6221
VT0.75_9 VT0.75 9 19100 28028 23325 -4703
VT0.75_9 VT0.75 9 19200 28758 22834 -5924
VT0.75_9 VT0.75 9 19300 28748 23490 -5258
VT0.75_9 VT0.75 9 19400 28140 23277 -4863
VT0.75_9 VT0.75 9 19500 28430 23189 -5241
VT0.75_9 VT0.75 9 19600 28779 23160 -5619
VT0.75_9 VT0.75 9 19700 26867 22229 -4638
VT0.75_9 VT0.75 9 19800 26669 22799 -3870
VT0.75_9 VT0.75 9 19900 28596 22476 -6120
VT0.75_9 VT0.75 9 20000 27849 21920 -5929
VT0.75_10 VT0.75 10 0 0 0 0
VT0.75_10 VT0.75 10 100 61 1763 1702
VT0.75_10 VT0.75 10 200 488 10960 10472
VT0.75_10 VT0.75 10 300 755 18953 18198
VT0.75_10 VT0.75 10 400 1054 26064 25010
VT0.75_10 VT0.75 10 500 1373 32468 31095
VT0.75_10 VT0.75 10 600 1185 36103 34918
VT0.75_10 VT0.75 10 700 8611 34991 26380
VT0.75_10 VT0.75 10 800 21472 51507 30035
VT0.75_10 VT0.75 10 900 28152 48596 20444
VT0.75_10 VT0.75 10 1000 33696 42648 8952
VT0.75_10 VT0.75 10 1100 30008 31076 1068
VT0.75_10 VT0.75 10 1200 28043 27090 -953
VT0.75_10 VT0.75 10 1300 32371 25877 -6494
VT0.75_10 VT0.75 10 1400 32422 23649 -8773
VT0.75_10 VT0.75 10 1500 33874 22283 -11591
VT0.75_10 VT0.75 10 1600 31064 22812 -8252
VT0.75_10 VT0.75 10 1700 33349 22667 -10682
VT0.75_10 VT0.75 10 1800 37016 23974 -13042
VT0.75_10 VT0.75 10 1900 37502 25728 -11774
VT0.75_10 VT0.75 10 2000 37117 26621 -10496
VT0.75_10 VT0.75 10 2100 38033 32664 -5369
VT0.75_10 VT0.75 10 2200 38665 33638 -5027
VT0.75_10 VT0.75 10 2300 37203 32947 -4256
VT0.75_10 VT0.75 10 2400 38839 32346 -6493
VT0.75_10 VT0.75 10 2500 39822 29798 -10024
VT0.75_10 VT0.75 10 2600 41536 29626 -11910
VT0.75_10 VT0.75 10 2700 39408 26544 -12864
VT0.75_10 VT0.75 10 2800 37415 25455 -11960
VT0.75_10 VT0.75 10 2900 41993 29369 -12624
VT0.75_10 VT0.75 10 3000 43949 25589 -18360
VT0.75_10 VT0.75 10 3100 42903 27555 -15348
VT0.75_10 VT0.75 10 3200 42553 28234 -14319
VT0.75_10 VT0.75 10 3300 43407 30644 -12763
VT0.75_10 VT0.75 10 3400 43702 31924 -11778
VT0.75_10 VT0.75 10 3500 43173 31471 -11702
VT0.75_10 VT0.75 10 3600 41802 31035 -10767
VT0.75_10 VT0.75 10 3700 40133 28079 -12054
VT0.75_10 VT0.75 10 3800 40595 26716 -13879
VT0.75_10 VT0.75 10 3900 39523 26314 -13209
VT0.75_10 VT0.75 10 4000 41232 25605 -15627
VT0.75_10 VT0.75 10 4100 42771 28303 -14468
VT0.75_10 VT0.75 10 4200 41946 29106 -12840
VT0.75_10 VT0.75 10 4300 39656 27150 -12506
VT0.75_10 VT0.75 10 4400 37287 24710 -12577
VT0.75_10 VT0.75 10 4500 35322 23538 -11784
VT0.75_10 VT0.75 10 4600 33085 23425 -9660
VT0.75_10 VT0.75 10 4700 31453 23640 -7813
VT0.75_10 VT0.75 10 4800 32761 24413 -8348
VT0.75_10 VT0.75 10 4900 31245 26442 -4803
VT0.75_10 VT0.75 10 5000 32132 26558 -5574
VT0.75_10 VT0.75 10 5100 34205 25587 -8618
VT0.75_10 VT0.75 10 5200 35588 26544 -9044
VT0.75_10 VT0.75 10 5300 32490 26483 -6007
VT0.75_10 VT0.75 10 5400 33222 27576 -5646
VT0.75_10 VT0.75 10 5500 34396 26313 -8083
VT0.75_10 VT0.75 10 5600 33385 25595 -7790
VT0.75_10 VT0.75 10 5700 32268 25775 -6493
VT0.75_10 VT0.75 10 5800 31509 25628 -5881
VT0.75_10 VT0.75 10 5900 31217 24818 -6399
VT0.75_10 VT0.75 10 6000 30707 25162 -5545
VT0.75_10 VT0.75 10 6100 30294 24383 -5911
VT0.75_10 VT0.75 10 6200 31103 23060 -8043
VT0.75_10 VT0.75 10 6300 32212 24911 -7301
VT0.75_10 VT0.75 10 6400 30521 24942 -5579
VT0.75_10 VT0.75 10 6500 28806 23936 -4870
VT0.75_10 VT0.75 10 6600 30169 24668 -5501
VT0.75_10 VT0.75 10 6700 30995 24889 -6106
VT0.75_10 VT0.75 10 6800 33042 26138 -6904
VT0.75_10 VT0.75 10 6900 31873 24513 -7360
VT0.75_10 VT0.75 10 7000 29652 24721 -4931
VT0.75_10 VT0.75 10 7100 29140 24371 -4769
VT0.75_10 VT0.75 10 7200 30525 24485 -6040
VT0.75_10 VT0.75 10 7300 27798 24028 -3770
VT0.75_10 VT0.75 10 7400 29087 23923 -5164
VT0.75_10 VT0.75 10 7500 27962 24290 -3672
VT0.75_10 VT0.75 10 7600 28872 23768 -5104
VT0.75_10 VT0.75 10 7700 27407 23508 -3899
VT0.75_10 VT0.75 10 7800 28846 24203 -4643
VT0.75_10 VT0.75 10 7900 30098 23478 -6620
VT0.75_10 VT0.75 10 8000 31496 23807 -7689
VT0.75_10 VT0.75 10 8100 30839 23508 -7331
VT0.75_10 VT0.75 10 8200 28973 22219 -6754
VT0.75_10 VT0.75 10 8300 29025 22208 -6817
VT0.75_10 VT0.75 10 8400 28968 23213 -5755
VT0.75_10 VT0.75 10 8500 29717 22869 -6848
VT0.75_10 VT0.75 10 8600 29313 23601 -5712
VT0.75_10 VT0.75 10 8700 27718 24245 -3473
VT0.75_10 VT0.75 10 8800 28090 24814 -3276
VT0.75_10 VT0.75 10 8900 27786 25052 -2734
VT0.75_10 VT0.75 10 9000 28355 25463 -2892
VT0.75_10 VT0.75 10 9100 29850 24681 -5169
VT0.75_10 VT0.75 10 9200 27983 23506 -4477
VT0.75_10 VT0.75 10 9300 28757 23655 -5102
VT0.75_10 VT0.75 10 9400 28141 23154 -4987
VT0.75_10 VT0.75 10 9500 27829 22842 -4987
VT0.75_10 VT0.75 10 9600 29433 21344 -8089
VT0.75_10 VT0.75 10 9700 28398 22958 -5440
VT0.75_10 VT0.75 10 9800 29114 22341 -6773
VT0.75_10 VT0.75 10 9900 29446 23639 -5807
VT0.75_10 VT0.75 10 10000 28475 23248 -5227
VT0.75_10 VT0.75 10 10100 28085 24155 -3930
VT0.75_10 VT0.75 10 10200 30160 24897 -5263
VT0.75_10 VT0.75 10 10300 30831 24424 -6407
VT0.75_10 VT0.75 10 10400 29643 24470 -5173
VT0.75_10 VT0.75 10 10500 29939 24487 -5452
VT0.75_10 VT0.75 10 10600 31913 25219 -6694
VT0.75_10 VT0.75 10 10700 32253 24170 -8083
VT0.75_10 VT0.75 10 10800 29554 23628 -5926
VT0.75_10 VT0.75 10 10900 29738 23493 -6245
VT0.75_10 VT0.75 10 11000 30048 22675 -7373
VT0.75_10 VT0.75 10 11100 29496 23894 -5602
VT0.75_10 VT0.75 10 11200 30129 24637 -5492
VT0.75_10 VT0.75 10 11300 28667 24467 -4200
VT0.75_10 VT0.75 10 11400 29251 24722 -4529
VT0.75_10 VT0.75 10 11500 28933 25470 -3463
VT0.75_10 VT0.75 10 11600 29112 25907 -3205
VT0.75_10 VT0.75 10 11700 29317 24930 -4387
VT0.75_10 VT0.75 10 11800 28683 24547 -4136
VT0.75_10 VT0.75 10 11900 28582 25549 -3033
VT0.75_10 VT0.75 10 12000 29255 24556 -4699
VT0.75_10 VT0.75 10 12100 29462 24382 -5080
VT0.75_10 VT0.75 10 12200 28901 24529 -4372
VT0.75_10 VT0.75 10 12300 28247 23962 -4285
VT0.75_10 VT0.75 10 12400 28969 23637 -5332
VT0.75_10 VT0.75 10 12500 27913 23897 -4016
VT0.75_10 VT0.75 10 12600 28386 22892 -5494
VT0.75_10 VT0.75 10 12700 29300 24246 -5054
VT0.75_10 VT0.75 10 12800 28532 25155 -3377
VT0.75_10 VT0.75 10 12900 28415 24029 -4386
VT0.75_10 VT0.75 10 13000 28524 23159 -5365
VT0.75_10 VT0.75 10 13100 29009 23907 -5102
VT0.75_10 VT0.75 10 13200 29506 25709 -3797
VT0.75_10 VT0.75 10 13300 29810 25451 -4359
VT0.75_10 VT0.75 10 13400 30135 26507 -3628
VT0.75_10 VT0.75 10 13500 29802 26204 -3598
VT0.75_10 VT0.75 10 13600 29376 26179 -3197
VT0.75_10 VT0.75 10 13700 28745 25896 -2849
VT0.75_10 VT0.75 10 13800 28454 25372 -3082
VT0.75_10 VT0.75 10 13900 29575 24647 -4928
VT0.75_10 VT0.75 10 14000 29123 24229 -4894
VT0.75_10 VT0.75 10 14100 28405 24669 -3736
VT0.75_10 VT0.75 10 14200 28353 24346 -4007
VT0.75_10 VT0.75 10 14300 29315 24165 -5150
VT0.75_10 VT0.75 10 14400 29147 25241 -3906
VT0.75_10 VT0.75 10 14500 28425 24970 -3455
VT0.75_10 VT0.75 10 14600 28271 25416 -2855
VT0.75_10 VT0.75 10 14700 29967 26016 -3951
VT0.75_10 VT0.75 10 14800 28350 24570 -3780
VT0.75_10 VT0.75 10 14900 28457 24971 -3486
VT0.75_10 VT0.75 10 15000 28085 24978 -3107
VT0.75_10 VT0.75 10 15100 28212 23899 -4313
VT0.75_10 VT0.75 10 15200 27752 23759 -3993
VT0.75_10 VT0.75 10 15300 28776 24364 -4412
VT0.75_10 VT0.75 10 15400 26981 23212 -3769
VT0.75_10 VT0.75 10 15500 28366 22731 -5635
VT0.75_10 VT0.75 10 15600 26078 23484 -2594
VT0.75_10 VT0.75 10 15700 27355 24889 -2466
VT0.75_10 VT0.75 10 15800 27418 23635 -3783
VT0.75_10 VT0.75 10 15900 26926 24408 -2518
VT0.75_10 VT0.75 10 16000 27908 23276 -4632
VT0.75_10 VT0.75 10 16100 26731 23306 -3425
VT0.75_10 VT0.75 10 16200 28510 22388 -6122
VT0.75_10 VT0.75 10 16300 29210 22758 -6452
VT0.75_10 VT0.75 10 16400 27219 23075 -4144
VT0.75_10 VT0.75 10 16500 27310 23170 -4140
VT0.75_10 VT0.75 10 16600 27286 24946 -2340
VT0.75_10 VT0.75 10 16700 26409 24313 -2096
VT0.75_10 VT0.75 10 16800 28029 24299 -3730
VT0.75_10 VT0.75 10 16900 28376 23883 -4493
VT0.75_10 VT0.75 10 17000 27765 23595 -4170
VT0.75_10 VT0.75 10 17100 28727 23743 -4984
VT0.75_10 VT0.75 10 17200 27576 22544 -5032
VT0.75_10 VT0.75 10 17300 29736 23907 -5829
VT0.75_10 VT0.75 10 17400 29834 24234 -5600
VT0.75_10 VT0.75 10 17500 29551 24284 -5267
VT0.75_10 VT0.75 10 17600 29972 24023 -5949
VT0.75_10 VT0.75 10 17700 30279 24133 -6146
VT0.75_10 VT0.75 10 17800 30327 24819 -5508
VT0.75_10 VT0.75 10 17900 30072 26368 -3704
VT0.75_10 VT0.75 10 18000 30073 25823 -4250
VT0.75_10 VT0.75 10 18100 28942 24620 -4322
VT0.75_10 VT0.75 10 18200 29438 25164 -4274
VT0.75_10 VT0.75 10 18300 28985 24800 -4185
VT0.75_10 VT0.75 10 18400 31634 25400 -6234
VT0.75_10 VT0.75 10 18500 30307 24303 -6004
VT0.75_10 VT0.75 10 18600 30479 25716 -4763
VT0.75_10 VT0.75 10 18700 28625 26085 -2540
VT0.75_10 VT0.75 10 18800 28571 26762 -1809
VT0.75_10 VT0.75 10 18900 29599 25123 -4476
VT0.75_10 VT0.75 10 19000 28760 25486 -3274
VT0.75_10 VT0.75 10 19100 29329 26346 -2983
VT0.75_10 VT0.75 10 19200 29339 25973 -3366
VT0.75_10 VT0.75 10 19300 28858 25769 -3089
VT0.75_10 VT0.75 10 19400 29221 25041 -4180
VT0.75_10 VT0.75 10 19500 28986 25042 -3944
VT0.75_10 VT0.75 10 19600 29005 24726 -4279
VT0.75_10 VT0.75 10 19700 30151 25048 -5103
VT0.75_10 VT0.75 10 19800 30632 24213 -6419
VT0.75_10 VT0.75 10 19900 30209 23495 -6714
VT0.75_10 VT0.75 10 20000 29279 24376 -4903
VT1_1 VT1 1 0 0 0 0
VT1_1 VT1 1 100 77 2227 2150
VT1_1 VT1 1 200 593 11981 11388
VT1_1 VT1 1 300 991 20903 19912
VT1_1 VT1 1 400 1232 28662 27430
VT1_1 VT1 1 500 1594 35647 34053
VT1_1 VT1 1 600 2056 44622 42566
VT1_1 VT1 1 700 1535 31326 29791
VT1_1 VT1 1 800 4167 27535 23368
VT1_1 VT1 1 900 13753 48891 35138
VT1_1 VT1 1 1000 25000 42102 17102
VT1_1 VT1 1 1100 27679 38843 11164
VT1_1 VT1 1 1200 25944 36401 10457
VT1_1 VT1 1 1300 27022 29919 2897
VT1_1 VT1 1 1400 30862 24072 -6790
VT1_1 VT1 1 1500 33125 22477 -10648
VT1_1 VT1 1 1600 35850 23853 -11997
VT1_1 VT1 1 1700 35758 22439 -13319
VT1_1 VT1 1 1800 36200 22160 -14040
VT1_1 VT1 1 1900 34631 23632 -10999
VT1_1 VT1 1 2000 35206 25949 -9257
VT1_1 VT1 1 2100 38217 28689 -9528
VT1_1 VT1 1 2200 37271 29705 -7566
VT1_1 VT1 1 2300 35709 29362 -6347
VT1_1 VT1 1 2400 35757 32155 -3602
VT1_1 VT1 1 2500 37689 36063 -1626
VT1_1 VT1 1 2600 37277 43527 6250
VT1_1 VT1 1 2700 39647 43716 4069
VT1_1 VT1 1 2800 38809 36593 -2216
VT1_1 VT1 1 2900 39868 34507 -5361
VT1_1 VT1 1 3000 42204 35166 -7038
VT1_1 VT1 1 3100 41417 35823 -5594
VT1_1 VT1 1 3200 39164 35672 -3492
VT1_1 VT1 1 3300 40886 35891 -4995
VT1_1 VT1 1 3400 39270 32157 -7113
VT1_1 VT1 1 3500 39901 33987 -5914
VT1_1 VT1 1 3600 40607 33830 -6777
VT1_1 VT1 1 3700 42456 33935 -8521
VT1_1 VT1 1 3800 40936 35345 -5591
VT1_1 VT1 1 3900 41095 34523 -6572
VT1_1 VT1 1 4000 41349 33224 -8125
VT1_1 VT1 1 4100 42629 32143 -10486
VT1_1 VT1 1 4200 44016 35366 -8650
VT1_1 VT1 1 4300 44400 35961 -8439
VT1_1 VT1 1 4400 41456 34202 -7254
VT1_1 VT1 1 4500 38097 35021 -3076
VT1_1 VT1 1 4600 41209 34965 -6244
VT1_1 VT1 1 4700 41051 32846 -8205
VT1_1 VT1 1 4800 41694 32042 -9652
VT1_1 VT1 1 4900 42058 30258 -11800
VT1_1 VT1 1 5000 41490 34996 -6494
VT1_1 VT1 1 5100 42556 34310 -8246
VT1_1 VT1 1 5200 38668 32198 -6470
VT1_1 VT1 1 5300 38756 29142 -9614
VT1_1 VT1 1 5400 37843 32612 -5231
VT1_1 VT1 1 5500 39982 37097 -2885
VT1_1 VT1 1 5600 40871 31757 -9114
VT1_1 VT1 1 5700 38648 32307 -6341
VT1_1 VT1 1 5800 39423 34871 -4552
VT1_1 VT1 1 5900 38486 35260 -3226
VT1_1 VT1 1 6000 38852 32595 -6257
VT1_1 VT1 1 6100 38913 33386 -5527
VT1_1 VT1 1 6200 36648 37234 586
VT1_1 VT1 1 6300 37842 44565 6723
VT1_1 VT1 1 6400 38842 39497 655
VT1_1 VT1 1 6500 37604 39894 2290
VT1_1 VT1 1 6600 39522 36094 -3428
VT1_1 VT1 1 6700 39940 36031 -3909
VT1_1 VT1 1 6800 39921 33992 -5929
VT1_1 VT1 1 6900 41747 33908 -7839
VT1_1 VT1 1 7000 41083 35323 -5760
VT1_1 VT1 1 7100 41186 38090 -3096
VT1_1 VT1 1 7200 41404 39209 -2195
VT1_1 VT1 1 7300 41676 38450 -3226
VT1_1 VT1 1 7400 45380 38744 -6636
VT1_1 VT1 1 7500 45877 39451 -6426
VT1_1 VT1 1 7600 45178 42631 -2547
VT1_1 VT1 1 7700 43130 35951 -7179
VT1_1 VT1 1 7800 43481 36847 -6634
VT1_1 VT1 1 7900 40451 35032 -5419
VT1_1 VT1 1 8000 40519 30984 -9535
VT1_1 VT1 1 8100 39531 28310 -11221
VT1_1 VT1 1 8200 38860 29238 -9622
VT1_1 VT1 1 8300 39322 31763 -7559
VT1_1 VT1 1 8400 39773 33617 -6156
VT1_1 VT1 1 8500 40427 37650 -2777
VT1_1 VT1 1 8600 44048 38131 -5917
VT1_1 VT1 1 8700 44806 35124 -9682
VT1_1 VT1 1 8800 42725 35292 -7433
VT1_1 VT1 1 8900 40695 31300 -9395
VT1_1 VT1 1 9000 39886 29699 -10187
VT1_1 VT1 1 9100 39314 32189 -7125
VT1_1 VT1 1 9200 41171 30900 -10271
VT1_1 VT1 1 9300 42054 31178 -10876
VT1_1 VT1 1 9400 39897 34298 -5599
VT1_1 VT1 1 9500 39586 32904 -6682
VT1_1 VT1 1 9600 38352 35401 -2951
VT1_1 VT1 1 9700 35934 36081 147
VT1_1 VT1 1 9800 37393 30740 -6653
VT1_1 VT1 1 9900 38337 30417 -7920
VT1_1 VT1 1 10000 39022 27663 -11359
VT1_1 VT1 1 10100 36807 29973 -6834
VT1_1 VT1 1 10200 36121 27156 -8965
VT1_1 VT1 1 10300 36503 28582 -7921
VT1_1 VT1 1 10400 38292 30014 -8278
VT1_1 VT1 1 10500 38085 29337 -8748
VT1_1 VT1 1 10600 40507 28938 -11569
VT1_1 VT1 1 10700 36775 27895 -8880
VT1_1 VT1 1 10800 34194 28113 -6081
VT1_1 VT1 1 10900 31455 26647 -4808
VT1_1 VT1 1 11000 32461 25049 -7412
VT1_1 VT1 1 11100 30452 24231 -6221
VT1_1 VT1 1 11200 31331 24373 -6958
VT1_1 VT1 1 11300 30953 26289 -4664
VT1_1 VT1 1 11400 31391 25418 -5973
VT1_1 VT1 1 11500 32767 26339 -6428
VT1_1 VT1 1 11600 30919 28177 -2742
VT1_1 VT1 1 11700 31911 28162 -3749
VT1_1 VT1 1 11800 29573 29475 -98
VT1_1 VT1 1 11900 29685 28762 -923
VT1_1 VT1 1 12000 28754 28052 -702
VT1_1 VT1 1 12100 31204 27614 -3590
VT1_1 VT1 1 12200 32662 27416 -5246
VT1_1 VT1 1 12300 30071 24464 -5607
VT1_1 VT1 1 12400 31062 22962 -8100
VT1_1 VT1 1 12500 32725 23833 -8892
VT1_1 VT1 1 12600 31011 23957 -7054
VT1_1 VT1 1 12700 30991 24625 -6366
VT1_1 VT1 1 12800 30064 25202 -4862
VT1_1 VT1 1 12900 30241 26141 -4100
VT1_1 VT1 1 13000 31078 26283 -4795
VT1_1 VT1 1 13100 32330 25779 -6551
VT1_1 VT1 1 13200 30095 25864 -4231
VT1_1 VT1 1 13300 31588 26263 -5325
VT1_1 VT1 1 13400 31529 25521 -6008
VT1_1 VT1 1 13500 31653 25967 -5686
VT1_1 VT1 1 13600 32064 24533 -7531
VT1_1 VT1 1 13700 32483 25621 -6862
VT1_1 VT1 1 13800 30597 24901 -5696
VT1_1 VT1 1 13900 30887 25620 -5267
VT1_1 VT1 1 14000 28843 27146 -1697
VT1_1 VT1 1 14100 29360 25526 -3834
VT1_1 VT1 1 14200 29306 24815 -4491
VT1_1 VT1 1 14300 30234 26040 -4194
VT1_1 VT1 1 14400 30525 26198 -4327
VT1_1 VT1 1 14500 30065 26730 -3335
VT1_1 VT1 1 14600 31146 27764 -3382
VT1_1 VT1 1 14700 31499 30047 -1452
VT1_1 VT1 1 14800 31015 28629 -2386
VT1_1 VT1 1 14900 31102 28005 -3097
VT1_1 VT1 1 15000 31087 27437 -3650
VT1_1 VT1 1 15100 30381 27735 -2646
VT1_1 VT1 1 15200 30937 29052 -1885
VT1_1 VT1 1 15300 32112 29001 -3111
VT1_1 VT1 1 15400 33566 26897 -6669
VT1_1 VT1 1 15500 33580 25932 -7648
VT1_1 VT1 1 15600 32590 25031 -7559
VT1_1 VT1 1 15700 33827 26419 -7408
VT1_1 VT1 1 15800 31917 24984 -6933
VT1_1 VT1 1 15900 32269 24070 -8199
VT1_1 VT1 1 16000 31189 25370 -5819
VT1_1 VT1 1 16100 30967 25540 -5427
VT1_1 VT1 1 16200 31017 25694 -5323
VT1_1 VT1 1 16300 30718 26830 -3888
VT1_1 VT1 1 16400 32548 27932 -4616
VT1_1 VT1 1 16500 32386 27730 -4656
VT1_1 VT1 1 16600 32444 26664 -5780
VT1_1 VT1 1 16700 31749 25224 -6525
VT1_1 VT1 1 16800 31680 25152 -6528
VT1_1 VT1 1 16900 29830 25277 -4553
VT1_1 VT1 1 17000 28482 26005 -2477
VT1_1 VT1 1 17100 28411 25791 -2620
VT1_1 VT1 1 17200 28899 25388 -3511
VT1_1 VT1 1 17300 28083 24947 -3136
VT1_1 VT1 1 17400 28340 22384 -5956
VT1_1 VT1 1 17500 29904 22390 -7514
VT1_1 VT1 1 17600 31682 23750 -7932
VT1_1 VT1 1 17700 29585 24062 -5523
VT1_1 VT1 1 17800 29309 24141 -5168
VT1_1 VT1 1 17900 30192 24722 -5470
VT1_1 VT1 1 18000 30005 24056 -5949
VT1_1 VT1 1 18100 30358 23035 -7323
VT1_1 VT1 1 18200 30190 22526 -7664
VT1_1 VT1 1 18300 31020 22630 -8390
VT1_1 VT1 1 18400 32094 23313 -8781
VT1_1 VT1 1 18500 29828 23754 -6074
VT1_1 VT1 1 18600 31020 23712 -7308
VT1_1 VT1 1 18700 30400 23495 -6905
VT1_1 VT1 1 18800 31013 24047 -6966
VT1_1 VT1 1 18900 30176 23498 -6678
VT1_1 VT1 1 19000 30040 24507 -5533
VT1_1 VT1 1 19100 30961 23525 -7436
VT1_1 VT1 1 19200 31221 25193 -6028
VT1_1 VT1 1 19300 33841 25293 -8548
VT1_1 VT1 1 19400 32223 26417 -5806
VT1_1 VT1 1 19500 31435 25535 -5900
VT1_1 VT1 1 19600 30737 23691 -7046
VT1_1 VT1 1 19700 31241 24543 -6698
VT1_1 VT1 1 19800 31622 23968 -7654
VT1_1 VT1 1 19900 33145 25215 -7930
VT1_1 VT1 1 20000 31494 25613 -5881
VT1_2 VT1 2 0 0 0 0
VT1_2 VT1 2 100 65 2090 2025
VT1_2 VT1 2 200 530 11672 11142
VT1_2 VT1 2 300 895 20359 19464
VT1_2 VT1 2 400 1281 27724 26443
VT1_2 VT1 2 500 1553 34105 32552
VT1_2 VT1 2 600 1505 39481 37976
VT1_2 VT1 2 700 1208 26072 24864
VT1_2 VT1 2 800 5715 40760 35045
VT1_2 VT1 2 900 10704 51875 41171
VT1_2 VT1 2 1000 16338 47618 31280
VT1_2 VT1 2 1100 20724 36941 16217
VT1_2 VT1 2 1200 25649 28328 2679
VT1_2 VT1 2 1300 28259 26180 -2079
VT1_2 VT1 2 1400 28728 24861 -3867
VT1_2 VT1 2 1500 30812 24925 -5887
VT1_2 VT1 2 1600 34406 25660 -8746
VT1_2 VT1 2 1700 35820 26464 -9356
VT1_2 VT1 2 1800 34151 27355 -6796
VT1_2 VT1 2 1900 32792 29655 -3137
VT1_2 VT1 2 2000 36990 31393 -5597
VT1_2 VT1 2 2100 37348 34500 -2848
VT1_2 VT1 2 2200 38144 39970 1826
VT1_2 VT1 2 2300 36972 40966 3994
VT1_2 VT1 2 2400 37141 37251 110
VT1_2 VT1 2 2500 36955 33528 -3427
VT1_2 VT1 2 2600 39638 32208 -7430
VT1_2 VT1 2 2700 38512 33128 -5384
VT1_2 VT1 2 2800 40627 33840 -6787
VT1_2 VT1 2 2900 39320 37559 -1761
VT1_2 VT1 2 3000 39167 42769 3602
VT1_2 VT1 2 3100 38503 40755 2252
VT1_2 VT1 2 3200 41568 43835 2267
VT1_2 VT1 2 3300 40438 41788 1350
VT1_2 VT1 2 3400 39169 42982 3813
VT1_2 VT1 2 3500 40365 43510 3145
VT1_2 VT1 2 3600 41311 43985 2674
VT1_2 VT1 2 3700 42895 37766 -5129
VT1_2 VT1 2 3800 39876 39836 -40
VT1_2 VT1 2 3900 41227 42030 803
VT1_2 VT1 2 4000 42552 39102 -3450
VT1_2 VT1 2 4100 43378 34588 -8790
VT1_2 VT1 2 4200 39959 32186 -7773
VT1_2 VT1 2 4300 39597 33340 -6257
VT1_2 VT1 2 4400 41539 32434 -9105
VT1_2 VT1 2 4500 41633 32480 -9153
VT1_2 VT1 2 4600 43990 32069 -11921
VT1_2 VT1 2 4700 40971 35980 -4991
VT1_2 VT1 2 4800 42062 36138 -5924
VT1_2 VT1 2 4900 40995 34497 -6498
VT1_2 VT1 2 5000 41229 33032 -8197
VT1_2 VT1 2 5100 41087 30979 -10108
VT1_2 VT1 2 5200 41243 30691 -10552
VT1_2 VT1 2 5300 43239 31713 -11526
VT1_2 VT1 2 5400 40764 32245 -8519
VT1_2 VT1 2 5500 39370 31134 -8236
VT1_2 VT1 2 5600 39361 30941 -8420
VT1_2 VT1 2 5700 38710 29162 -9548
VT1_2 VT1 2 5800 43954 32374 -11580
VT1_2 VT1 2 5900 43824 30551 -13273
VT1_2 VT1 2 6000 41001 31876 -9125
VT1_2 VT1 2 6100 41837 30090 -11747
VT1_2 VT1 2 6200 39063 31461 -7602
VT1_2 VT1 2 6300 38151 32271 -5880
VT1_2 VT1 2 6400 39295 35160 -4135
VT1_2 VT1 2 6500 41279 37776 -3503
VT1_2 VT1 2 6600 38111 37158 -953
VT1_2 VT1 2 6700 40769 35876 -4893
VT1_2 VT1 2 6800 38912 35183 -3729
VT1_2 VT1 2 6900 38288 33540 -4748
VT1_2 VT1 2 7000 39770 36070 -3700
VT1_2 VT1 2 7100 40727 34779 -5948
VT1_2 VT1 2 7200 40264 29554 -10710
VT1_2 VT1 2 7300 39192 31145 -8047
VT1_2 VT1 2 7400 42131 32680 -9451
VT1_2 VT1 2 7500 40133 32544 -7589
VT1_2 VT1 2 7600 41920 32122 -9798
VT1_2 VT1 2 7700 39700 29871 -9829
VT1_2 VT1 2 7800 42315 33805 -8510
VT1_2 VT1 2 7900 39820 35086 -4734
VT1_2 VT1 2 8000 40337 32289 -8048
VT1_2 VT1 2 8100 39749 33394 -6355
VT1_2 VT1 2 8200 38374 31319 -7055
VT1_2 VT1 2 8300 36922 30410 -6512
VT1_2 VT1 2 8400 40369 34367 -6002
VT1_2 VT1 2 8500 41859 39211 -2648
VT1_2 VT1 2 8600 44204 39929 -4275
VT1_2 VT1 2 8700 42587 38527 -4060
VT1_2 VT1 2 8800 41345 33776 -7569
VT1_2 VT1 2 8900 38966 30162 -8804
VT1_2 VT1 2 9000 39775 29182 -10593
VT1_2 VT1 2 9100 38965 29157 -9808
VT1_2 VT1 2 9200 38063 29857 -8206
VT1_2 VT1 2 9300 39532 33947 -5585
VT1_2 VT1 2 9400 40233 34132 -6101
VT1_2 VT1 2 9500 40941 33811 -7130
VT1_2 VT1 2 9600 40278 32029 -8249
VT1_2 VT1 2 9700 38799 31498 -7301
VT1_2 VT1 2 9800 41049 33433 -7616
VT1_2 VT1 2 9900 40128 29387 -10741
VT1_2 VT1 2 10000 40904 30807 -10097
VT1_2 VT1 2 10100 37939 30986 -6953
VT1_2 VT1 2 10200 39332 31590 -7742
VT1_2 VT1 2 10300 38598 30950 -7648
VT1_2 VT1 2 10400 39409 31933 -7476
VT1_2 VT1 2 10500 38468 30388 -8080
VT1_2 VT1 2 10600 39908 30383 -9525
VT1_2 VT1 2 10700 41013 28203 -12810
VT1_2 VT1 2 10800 41398 28075 -13323
VT1_2 VT1 2 10900 41706 25749 -15957
VT1_2 VT1 2 11000 41259 29047 -12212
VT1_2 VT1 2 11100 39795 31503 -8292
VT1_2 VT1 2 11200 38324 30645 -7679
VT1_2 VT1 2 11300 38970 35532 -3438
VT1_2 VT1 2 11400 39906 34091 -5815
VT1_2 VT1 2 11500 37308 31333 -5975
VT1_2 VT1 2 11600 36047 35408 -639
VT1_2 VT1 2 11700 36684 45501 8817
VT1_2 VT1 2 11800 39333 48727 9394
VT1_2 VT1 2 11900 39527 43668 4141
VT1_2 VT1 2 12000 39146 43297 4151
VT1_2 VT1 2 12100 36746 45762 9016
VT1_2 VT1 2 12200 37938 42712 4774
VT1_2 VT1 2 12300 36125 41084 4959
VT1_2 VT1 2 12400 36391 41695 5304
VT1_2 VT1 2 12500 35938 47837 11899
VT1_2 VT1 2 12600 34072 48689 14617
VT1_2 VT1 2 12700 34493 49978 15485
VT1_2 VT1 2 12800 35189 48456 13267
VT1_2 VT1 2 12900 35263 40580 5317
VT1_2 VT1 2 13000 36055 38766 2711
VT1_2 VT1 2 13100 32626 43653 11027
VT1_2 VT1 2 13200 37025 50389 13364
VT1_2 VT1 2 13300 34380 56181 21801
VT1_2 VT1 2 13400 33868 53849 19981
VT1_2 VT1 2 13500 35985 51687 15702
VT1_2 VT1 2 13600 33681 49288 15607
VT1_2 VT1 2 13700 34490 50663 16173
VT1_2 VT1 2 13800 34857 44286 9429
VT1_2 VT1 2 13900 34740 42455 7715
VT1_2 VT1 2 14000 36220 38311 2091
VT1_2 VT1 2 14100 35827 33333 -2494
VT1_2 VT1 2 14200 36244 31278 -4966
VT1_2 VT1 2 14300 35141 28851 -6290
VT1_2 VT1 2 14400 32017 27592 -4425
VT1_2 VT1 2 14500 32489 29309 -3180
VT1_2 VT1 2 14600 34325 27254 -7071
VT1_2 VT1 2 14700 33952 28197 -5755
VT1_2 VT1 2 14800 33064 27232 -5832
VT1_2 VT1 2 14900 32463 27850 -4613
VT1_2 VT1 2 15000 33133 28601 -4532
VT1_2 VT1 2 15100 31875 28680 -3195
VT1_2 VT1 2 15200 33285 26996 -6289
VT1_2 VT1 2 15300 33640 26497 -7143
VT1_2 VT1 2 15400 33208 27688 -5520
VT1_2 VT1 2 15500 31941 27868 -4073
VT1_2 VT1 2 15600 33968 28855 -5113
VT1_2 VT1 2 15700 31132 29765 -1367
VT1_2 VT1 2 15800 30966 29252 -1714
VT1_2 VT1 2 15900 29317 28017 -1300
VT1_2 VT1 2 16000 30735 28849 -1886
VT1_2 VT1 2 16100 29516 28579 -937
VT1_2 VT1 2 16200 31592 28362 -3230
VT1_2 VT1 2 16300 34043 26676 -7367
VT1_2 VT1 2 16400 34209 26596 -7613
VT1_2 VT1 2 16500 32829 27063 -5766
VT1_2 VT1 2 16600 31844 27903 -3941
VT1_2 VT1 2 16700 31658 26142 -5516
VT1_2 VT1 2 16800 33069 27644 -5425
VT1_2 VT1 2 16900 31216 26678 -4538
VT1_2 VT1 2 17000 30619 26695 -3924
VT1_2 VT1 2 17100 30921 25506 -5415
VT1_2 VT1 2 17200 31999 25331 -6668
VT1_2 VT1 2 17300 31666 25194 -6472
VT1_2 VT1 2 17400 31018 25823 -5195
VT1_2 VT1 2 17500 33982 25567 -8415
VT1_2 VT1 2 17600 30996 25706 -5290
VT1_2 VT1 2 17700 28572 25331 -3241
VT1_2 VT1 2 17800 28209 27087 -1122
VT1_2 VT1 2 17900 31767 28544 -3223
VT1_2 VT1 2 18000 30363 27664 -2699
VT1_2 VT1 2 18100 31829 28904 -2925
VT1_2 VT1 2 18200 32256 28882 -3374
VT1_2 VT1 2 18300 31710 27666 -4044
VT1_2 VT1 2 18400 30535 27271 -3264
VT1_2 VT1 2 18500 30273 27667 -2606
VT1_2 VT1 2 18600 30007 26678 -3329
VT1_2 VT1 2 18700 32184 28116 -4068
VT1_2 VT1 2 18800 32153 28281 -3872
VT1_2 VT1 2 18900 32046 28075 -3971
VT1_2 VT1 2 19000 31944 27345 -4599
VT1_2 VT1 2 19100 31384 28026 -3358
VT1_2 VT1 2 19200 31250 27607 -3643
VT1_2 VT1 2 19300 31094 27558 -3536
VT1_2 VT1 2 19400 33496 27846 -5650
VT1_2 VT1 2 19500 34428 27700 -6728
VT1_2 VT1 2 19600 32550 26590 -5960
VT1_2 VT1 2 19700 32928 25298 -7630
VT1_2 VT1 2 19800 30670 24173 -6497
VT1_2 VT1 2 19900 30017 24624 -5393
VT1_2 VT1 2 20000 29411 26684 -2727
VT1_3 VT1 3 0 0 0 0
VT1_3 VT1 3 100 68 2147 2079
VT1_3 VT1 3 200 541 12017 11476
VT1_3 VT1 3 300 925 21217 20292
VT1_3 VT1 3 400 1181 29034 27853
VT1_3 VT1 3 500 1412 37421 36009
VT1_3 VT1 3 600 1657 48690 47033
VT1_3 VT1 3 700 2123 53512 51389
VT1_3 VT1 3 800 3090 37346 34256
VT1_3 VT1 3 900 11207 54305 43098
VT1_3 VT1 3 1000 15908 57896 41988
VT1_3 VT1 3 1100 25779 57973 32194
VT1_3 VT1 3 1200 34428 52644 18216
VT1_3 VT1 3 1300 42927 48671 5744
VT1_3 VT1 3 1400 36361 44419 8058
VT1_3 VT1 3 1500 29822 38995 9173
VT1_3 VT1 3 1600 32332 35041 2709
VT1_3 VT1 3 1700 32940 31281 -1659
VT1_3 VT1 3 1800 31892 28494 -3398
VT1_3 VT1 3 1900 32447 29517 -2930
VT1_3 VT1 3 2000 32654 29654 -3000
VT1_3 VT1 3 2100 35380 28947 -6433
VT1_3 VT1 3 2200 33610 29554 -4056
VT1_3 VT1 3 2300 33022 29923 -3099
VT1_3 VT1 3 2400 35819 33068 -2751
VT1_3 VT1 3 2500 36801 33645 -3156
VT1_3 VT1 3 2600 36341 35034 -1307
VT1_3 VT1 3 2700 39073 34364 -4709
VT1_3 VT1 3 2800 42559 37561 -4998
VT1_3 VT1 3 2900 42139 38574 -3565
VT1_3 VT1 3 3000 41480 37843 -3637
VT1_3 VT1 3 3100 42082 38465 -3617
VT1_3 VT1 3 3200 41697 38381 -3316
VT1_3 VT1 3 3300 35877 39249 3372
VT1_3 VT1 3 3400 35707 35690 -17
VT1_3 VT1 3 3500 37363 36607 -756
VT1_3 VT1 3 3600 37945 34146 -3799
VT1_3 VT1 3 3700 36649 34259 -2390
VT1_3 VT1 3 3800 39730 32948 -6782
VT1_3 VT1 3 3900 38073 30346 -7727
VT1_3 VT1 3 4000 39569 31188 -8381
VT1_3 VT1 3 4100 39384 31833 -7551
VT1_3 VT1 3 4200 39429 29192 -10237
VT1_3 VT1 3 4300 36916 28143 -8773
VT1_3 VT1 3 4400 37189 31344 -5845
VT1_3 VT1 3 4500 37482 32858 -4624
VT1_3 VT1 3 4600 37396 32257 -5139
VT1_3 VT1 3 4700 35887 31971 -3916
VT1_3 VT1 3 4800 38630 31338 -7292
VT1_3 VT1 3 4900 36885 30970 -5915
VT1_3 VT1 3 5000 39091 32301 -6790
VT1_3 VT1 3 5100 38456 33397 -5059
VT1_3 VT1 3 5200 37322 32624 -4698
VT1_3 VT1 3 5300 38545 32440 -6105
VT1_3 VT1 3 5400 38306 31187 -7119
VT1_3 VT1 3 5500 39790 32984 -6806
VT1_3 VT1 3 5600 40842 33795 -7047
VT1_3 VT1 3 5700 39244 31921 -7323
VT1_3 VT1 3 5800 39158 31501 -7657
VT1_3 VT1 3 5900 35443 30200 -5243
VT1_3 VT1 3 6000 34345 31765 -2580
VT1_3 VT1 3 6100 36086 32910 -3176
VT1_3 VT1 3 6200 36383 33892 -2491
VT1_3 VT1 3 6300 38212 37443 -769
VT1_3 VT1 3 6400 39352 35251 -4101
VT1_3 VT1 3 6500 39326 37180 -2146
VT1_3 VT1 3 6600 39789 36459 -3330
VT1_3 VT1 3 6700 39944 34047 -5897
VT1_3 VT1 3 6800 41062 34438 -6624
VT1_3 VT1 3 6900 41293 33203 -8090
VT1_3 VT1 3 7000 42137 33411 -8726
VT1_3 VT1 3 7100 40392 33059 -7333
VT1_3 VT1 3 7200 38633 33070 -5563
VT1_3 VT1 3 7300 42090 36984 -5106
VT1_3 VT1 3 7400 40711 36203 -4508
VT1_3 VT1 3 7500 41209 33885 -7324
VT1_3 VT1 3 7600 40595 32505 -8090
VT1_3 VT1 3 7700 39340 31923 -7417
VT1_3 VT1 3 7800 40650 31427 -9223
VT1_3 VT1 3 7900 40566 31538 -9028
VT1_3 VT1 3 8000 42582 32713 -9869
VT1_3 VT1 3 8100 41376 32504 -8872
VT1_3 VT1 3 8200 39182 32205 -6977
VT1_3 VT1 3 8300 39698 32629 -7069
VT1_3 VT1 3 8400 39835 31581 -8254
VT1_3 VT1 3 8500 39081 32486 -6595
VT1_3 VT1 3 8600 42069 34005 -8064
VT1_3 VT1 3 8700 42240 32633 -9607
VT1_3 VT1 3 8800 42025 34180 -7845
VT1_3 VT1 3 8900 42615 34521 -8094
VT1_3 VT1 3 9000 41601 35178 -6423
VT1_3 VT1 3 9100 41261 34577 -6684
VT1_3 VT1 3 9200 39400 32652 -6748
VT1_3 VT1 3 9300 38799 31833 -6966
VT1_3 VT1 3 9400 39476 29816 -9660
VT1_3 VT1 3 9500 34980 31464 -3516
VT1_3 VT1 3 9600 34774 31591 -3183
VT1_3 VT1 3 9700 34839 32346 -2493
VT1_3 VT1 3 9800 34821 32588 -2233
VT1_3 VT1 3 9900 31707 31104 -603
VT1_3 VT1 3 10000 31359 30261 -1098
VT1_3 VT1 3 10100 31277 29823 -1454
VT1_3 VT1 3 10200 32388 28574 -3814
VT1_3 VT1 3 10300 30155 27721 -2434
VT1_3 VT1 3 10400 28979 26400 -2579
VT1_3 VT1 3 10500 28211 27012 -1199
VT1_3 VT1 3 10600 30202 28133 -2069
VT1_3 VT1 3 10700 30772 28069 -2703
VT1_3 VT1 3 10800 30907 29077 -1830
VT1_3 VT1 3 10900 29459 27945 -1514
VT1_3 VT1 3 11000 30195 26069 -4126
VT1_3 VT1 3 11100 31547 27564 -3983
VT1_3 VT1 3 11200 32034 25553 -6481
VT1_3 VT1 3 11300 30104 28403 -1701
VT1_3 VT1 3 11400 27243 28372 1129
VT1_3 VT1 3 11500 27730 29067 1337
VT1_3 VT1 3 11600 28059 28510 451
VT1_3 VT1 3 11700 30699 28530 -2169
VT1_3 VT1 3 11800 30216 27667 -2549
VT1_3 VT1 3 11900 31441 28048 -3393
VT1_3 VT1 3 12000 31099 29228 -1871
VT1_3 VT1 3 12100 30782 27361 -3421
VT1_3 VT1 3 12200 31034 26671 -4363
VT1_3 VT1 3 12300 31315 26945 -4370
VT1_3 VT1 3 12400 30261 25686 -4575
VT1_3 VT1 3 12500 30104 26358 -3746
VT1_3 VT1 3 12600 28575 26390 -2185
VT1_3 VT1 3 12700 31610 26933 -4677
VT1_3 VT1 3 12800 30829 28098 -2731
VT1_3 VT1 3 12900 30710 28352 -2358
VT1_3 VT1 3 13000 32516 28941 -3575
VT1_3 VT1 3 13100 32120 29674 -2446
VT1_3 VT1 3 13200 31127 27300 -3827
VT1_3 VT1 3 13300 32203 27163 -5040
VT1_3 VT1 3 13400 31815 28631 -3184
VT1_3 VT1 3 13500 32213 28198 -4015
VT1_3 VT1 3 13600 33148 28740 -4408
VT1_3 VT1 3 13700 32833 30084 -2749
VT1_3 VT1 3 13800 31648 28271 -3377
VT1_3 VT1 3 13900 31563 27580 -3983
VT1_3 VT1 3 14000 29873 27300 -2573
VT1_3 VT1 3 14100 30475 28727 -1748
VT1_3 VT1 3 14200 30248 29273 -975
VT1_3 VT1 3 14300 29313 30004 691
VT1_3 VT1 3 14400 28929 28419 -510
VT1_3 VT1 3 14500 28778 27372 -1406
VT1_3 VT1 3 14600 29347 27431 -1916
VT1_3 VT1 3 14700 30725 28516 -2209
VT1_3 VT1 3 14800 31843 29127 -2716
VT1_3 VT1 3 14900 32848 27949 -4899
VT1_3 VT1 3 15000 31563 27161 -4402
VT1_3 VT1 3 15100 31486 27198 -4288
VT1_3 VT1 3 15200 31153 26225 -4928
VT1_3 VT1 3 15300 30813 26003 -4810
VT1_3 VT1 3 15400 32149 27542 -4607
VT1_3 VT1 3 15500 31677 26991 -4686
VT1_3 VT1 3 15600 30424 26082 -4342
VT1_3 VT1 3 15700 30369 25563 -4806
VT1_3 VT1 3 15800 31098 26046 -5052
VT1_3 VT1 3 15900 30657 27215 -3442
VT1_3 VT1 3 16000 30875 30220 -655
VT1_3 VT1 3 16100 30290 30619 329
VT1_3 VT1 3 16200 30070 31118 1048
VT1_3 VT1 3 16300 32748 29802 -2946
VT1_3 VT1 3 16400 31575 28554 -3021
VT1_3 VT1 3 16500 32276 27925 -4351
VT1_3 VT1 3 16600 32602 27644 -4958
VT1_3 VT1 3 16700 31914 27430 -4484
VT1_3 VT1 3 16800 30604 27883 -2721
VT1_3 VT1 3 16900 31295 26557 -4738
VT1_3 VT1 3 17000 31359 28732 -2627
VT1_3 VT1 3 17100 30271 27036 -3235
VT1_3 VT1 3 17200 31076 26984 -4092
VT1_3 VT1 3 17300 31076 27789 -3287
VT1_3 VT1 3 17400 30410 28069 -2341
VT1_3 VT1 3 17500 29380 27454 -1926
VT1_3 VT1 3 17600 30618 26819 -3799
VT1_3 VT1 3 17700 29988 25646 -4342
VT1_3 VT1 3 17800 29785 26172 -3613
VT1_3 VT1 3 17900 29339 24519 -4820
VT1_3 VT1 3 18000 29403 23970 -5433
VT1_3 VT1 3 18100 29785 25775 -4010
VT1_3 VT1 3 18200 29323 27182 -2141
VT1_3 VT1 3 18300 29624 27650 -1974
VT1_3 VT1 3 18400 30426 29389 -1037
VT1_3 VT1 3 18500 31729 29028 -2701
VT1_3 VT1 3 18600 30714 27087 -3627
VT1_3 VT1 3 18700 30606 27461 -3145
VT1_3 VT1 3 18800 29447 27391 -2056
VT1_3 VT1 3 18900 30481 28821 -1660
VT1_3 VT1 3 19000 32738 29141 -3597
VT1_3 VT1 3 19100 33582 28821 -4761
VT1_3 VT1 3 19200 31862 27055 -4807
VT1_3 VT1 3 19300 30650 25622 -5028
VT1_3 VT1 3 19400 31217 27969 -3248
VT1_3 VT1 3 19500 30694 28468 -2226
VT1_3 VT1 3 19600 29857 26346 -3511
VT1_3 VT1 3 19700 32757 26862 -5895
VT1_3 VT1 3 19800 31752 27459 -4293
VT1_3 VT1 3 19900 31697 28377 -3320
VT1_3 VT1 3 20000 32173 28496 -3677
VT1_4 VT1 4 0 0 0 0
VT1_4 VT1 4 100 67 2179 2112
VT1_4 VT1 4 200 490 11920 11430
VT1_4 VT1 4 300 867 20502 19635
VT1_4 VT1 4 400 1204 27645 26441
VT1_4 VT1 4 500 1552 33695 32143
VT1_4 VT1 4 600 1780 40934 39154
VT1_4 VT1 4 700 1941 48028 46087
VT1_4 VT1 4 800 2116 55944 53828
VT1_4 VT1 4 900 2232 43227 40995
VT1_4 VT1 4 1000 4959 44178 39219
VT1_4 VT1 4 1100 9464 46471 37007
VT1_4 VT1 4 1200 13158 46670 33512
VT1_4 VT1 4 1300 19409 41110 21701
VT1_4 VT1 4 1400 24842 42655 17813
VT1_4 VT1 4 1500 27099 37554 10455
VT1_4 VT1 4 1600 32438 33970 1532
VT1_4 VT1 4 1700 31353 30926 -427
VT1_4 VT1 4 1800 31732 27992 -3740
VT1_4 VT1 4 1900 32156 25523 -6633
VT1_4 VT1 4 2000 31016 24642 -6374
VT1_4 VT1 4 2100 34209 25619 -8590
VT1_4 VT1 4 2200 34006 27540 -6466
VT1_4 VT1 4 2300 35799 28749 -7050
VT1_4 VT1 4 2400 34887 31825 -3062
VT1_4 VT1 4 2500 37351 34741 -2610
VT1_4 VT1 4 2600 40197 32847 -7350
VT1_4 VT1 4 2700 40890 32668 -8222
VT1_4 VT1 4 2800 39210 33806 -5404
VT1_4 VT1 4 2900 37474 34934 -2540
VT1_4 VT1 4 3000 38844 34103 -4741
VT1_4 VT1 4 3100 38752 36659 -2093
VT1_4 VT1 4 3200 40574 36961 -3613
VT1_4 VT1 4 3300 41591 32944 -8647
VT1_4 VT1 4 3400 41831 33990 -7841
VT1_4 VT1 4 3500 38209 33918 -4291
VT1_4 VT1 4 3600 39433 34899 -4534
VT1_4 VT1 4 3700 39258 37007 -2251
VT1_4 VT1 4 3800 40836 36501 -4335
VT1_4 VT1 4 3900 38596 36082 -2514
VT1_4 VT1 4 4000 35753 36941 1188
VT1_4 VT1 4 4100 36854 34610 -2244
VT1_4 VT1 4 4200 40942 35688 -5254
VT1_4 VT1 4 4300 38877 33948 -4929
VT1_4 VT1 4 4400 37610 36081 -1529
VT1_4 VT1 4 4500 39659 37790 -1869
VT1_4 VT1 4 4600 40779 37766 -3013
VT1_4 VT1 4 4700 39820 38353 -1467
VT1_4 VT1 4 4800 40561 41549 988
VT1_4 VT1 4 4900 40201 38712 -1489
VT1_4 VT1 4 5000 39058 34828 -4230
VT1_4 VT1 4 5100 38349 33937 -4412
VT1_4 VT1 4 5200 36870 39117 2247
VT1_4 VT1 4 5300 37858 38325 467
VT1_4 VT1 4 5400 38700 35350 -3350
VT1_4 VT1 4 5500 38423 35642 -2781
VT1_4 VT1 4 5600 37921 31496 -6425
VT1_4 VT1 4 5700 38380 32575 -5805
VT1_4 VT1 4 5800 38036 34818 -3218
VT1_4 VT1 4 5900 36996 35728 -1268
VT1_4 VT1 4 6000 40667 39378 -1289
VT1_4 VT1 4 6100 42233 43200 967
VT1_4 VT1 4 6200 41980 42673 693
VT1_4 VT1 4 6300 39054 36689 -2365
VT1_4 VT1 4 6400 37865 35711 -2154
VT1_4 VT1 4 6500 40739 36951 -3788
VT1_4 VT1 4 6600 39103 37678 -1425
VT1_4 VT1 4 6700 40505 34831 -5674
VT1_4 VT1 4 6800 41744 34892 -6852
VT1_4 VT1 4 6900 42437 35280 -7157
VT1_4 VT1 4 7000 42153 33552 -8601
VT1_4 VT1 4 7100 43364 37027 -6337
VT1_4 VT1 4 7200 42631 41434 -1197
VT1_4 VT1 4 7300 38740 38469 -271
VT1_4 VT1 4 7400 39147 38744 -403
VT1_4 VT1 4 7500 36994 35418 -1576
VT1_4 VT1 4 7600 39497 33817 -5680
VT1_4 VT1 4 7700 38994 31320 -7674
VT1_4 VT1 4 7800 39212 31194 -8018
VT1_4 VT1 4 7900 36525 30979 -5546
VT1_4 VT1 4 8000 36789 33424 -3365
VT1_4 VT1 4 8100 38195 40116 1921
VT1_4 VT1 4 8200 38933 36873 -2060
VT1_4 VT1 4 8300 37391 30640 -6751
VT1_4 VT1 4 8400 34002 29786 -4216
VT1_4 VT1 4 8500 35544 27305 -8239
VT1_4 VT1 4 8600 35713 28147 -7566
VT1_4 VT1 4 8700 37576 28878 -8698
VT1_4 VT1 4 8800 37295 32799 -4496
VT1_4 VT1 4 8900 39153 34126 -5027
VT1_4 VT1 4 9000 39300 36098 -3202
VT1_4 VT1 4 9100 38550 36120 -2430
VT1_4 VT1 4 9200 38548 35520 -3028
VT1_4 VT1 4 9300 36848 33790 -3058
VT1_4 VT1 4 9400 38439 34759 -3680
VT1_4 VT1 4 9500 39278 34596 -4682
VT1_4 VT1 4 9600 40202 37505 -2697
VT1_4 VT1 4 9700 38207 39711 1504
VT1_4 VT1 4 9800 34906 35744 838
VT1_4 VT1 4 9900 39033 37241 -1792
VT1_4 VT1 4 10000 40989 38727 -2262
VT1_4 VT1 4 10100 39209 32949 -6260
VT1_4 VT1 4 10200 36105 31939 -4166
VT1_4 VT1 4 10300 38580 36044 -2536
VT1_4 VT1 4 10400 37335 36450 -885
VT1_4 VT1 4 10500 37156 35499 -1657
VT1_4 VT1 4 10600 35244 37152 1908
VT1_4 VT1 4 10700 35386 37009 1623
VT1_4 VT1 4 10800 35509 35845 336
VT1_4 VT1 4 10900 36082 35477 -605
VT1_4 VT1 4 11000 38552 35076 -3476
VT1_4 VT1 4 11100 39666 33053 -6613
VT1_4 VT1 4 11200 38992 34856 -4136
VT1_4 VT1 4 11300 39002 40021 1019
VT1_4 VT1 4 11400 37378 37628 250
VT1_4 VT1 4 11500 36121 31655 -4466
VT1_4 VT1 4 11600 34033 33542 -491
VT1_4 VT1 4 11700 34405 33805 -600
VT1_4 VT1 4 11800 34434 33362 -1072
VT1_4 VT1 4 11900 35572 33319 -2253
VT1_4 VT1 4 12000 37612 33287 -4325
VT1_4 VT1 4 12100 36368 36242 -126
VT1_4 VT1 4 12200 35468 39360 3892
VT1_4 VT1 4 12300 39159 38614 -545
VT1_4 VT1 4 12400 39157 32954 -6203
VT1_4 VT1 4 12500 37278 30962 -6316
VT1_4 VT1 4 12600 36775 33204 -3571
VT1_4 VT1 4 12700 35760 32492 -3268
VT1_4 VT1 4 12800 34612 30858 -3754
VT1_4 VT1 4 12900 34764 32684 -2080
VT1_4 VT1 4 13000 36905 40438 3533
VT1_4 VT1 4 13100 35736 39199 3463
VT1_4 VT1 4 13200 36180 34120 -2060
VT1_4 VT1 4 13300 36107 29345 -6762
VT1_4 VT1 4 13400 37190 30620 -6570
VT1_4 VT1 4 13500 39850 32814 -7036
VT1_4 VT1 4 13600 42070 37559 -4511
VT1_4 VT1 4 13700 40968 38772 -2196
VT1_4 VT1 4 13800 39723 40263 540
VT1_4 VT1 4 13900 40928 37525 -3403
VT1_4 VT1 4 14000 40186 37398 -2788
VT1_4 VT1 4 14100 41392 34487 -6905
VT1_4 VT1 4 14200 42290 35752 -6538
VT1_4 VT1 4 14300 40710 36503 -4207
VT1_4 VT1 4 14400 41840 33995 -7845
VT1_4 VT1 4 14500 39445 34582 -4863
VT1_4 VT1 4 14600 39592 31776 -7816
VT1_4 VT1 4 14700 39708 29959 -9749
VT1_4 VT1 4 14800 40071 33249 -6822
VT1_4 VT1 4 14900 43768 31607 -12161
VT1_4 VT1 4 15000 43112 32620 -10492
VT1_4 VT1 4 15100 40446 30765 -9681
VT1_4 VT1 4 15200 39226 29274 -9952
VT1_4 VT1 4 15300 38876 26027 -12849
VT1_4 VT1 4 15400 37870 30739 -7131
VT1_4 VT1 4 15500 37198 32140 -5058
VT1_4 VT1 4 15600 37069 36833 -236
VT1_4 VT1 4 15700 39163 37180 -1983
VT1_4 VT1 4 15800 38009 35223 -2786
VT1_4 VT1 4 15900 37138 32702 -4436
VT1_4 VT1 4 16000 38987 31349 -7638
VT1_4 VT1 4 16100 39791 31686 -8105
VT1_4 VT1 4 16200 42093 31560 -10533
VT1_4 VT1 4 16300 42721 32038 -10683
VT1_4 VT1 4 16400 41834 34559 -7275
VT1_4 VT1 4 16500 43166 34567 -8599
VT1_4 VT1 4 16600 42822 32161 -10661
VT1_4 VT1 4 16700 39384 30702 -8682
VT1_4 VT1 4 16800 38195 31975 -6220
VT1_4 VT1 4 16900 39877 31001 -8876
VT1_4 VT1 4 17000 42168 29719 -12449
VT1_4 VT1 4 17100 40885 31367 -9518
VT1_4 VT1 4 17200 39241 31877 -7364
VT1_4 VT1 4 17300 38898 30697 -8201
VT1_4 VT1 4 17400 40796 29760 -11036
VT1_4 VT1 4 17500 40465 31958 -8507
VT1_4 VT1 4 17600 42643 36051 -6592
VT1_4 VT1 4 17700 38689 36634 -2055
VT1_4 VT1 4 17800 39513 34130 -5383
VT1_4 VT1 4 17900 42166 34965 -7201
VT1_4 VT1 4 18000 42628 34885 -7743
VT1_4 VT1 4 18100 41931 31233 -10698
VT1_4 VT1 4 18200 42000 28955 -13045
VT1_4 VT1 4 18300 37896 31376 -6520
VT1_4 VT1 4 18400 39144 33194 -5950
VT1_4 VT1 4 18500 37576 35883 -1693
VT1_4 VT1 4 18600 36245 34479 -1766
VT1_4 VT1 4 18700 39313 32901 -6412
VT1_4 VT1 4 18800 41228 35873 -5355
VT1_4 VT1 4 18900 40798 35973 -4825
VT1_4 VT1 4 19000 39235 32666 -6569
VT1_4 VT1 4 19100 37966 34641 -3325
VT1_4 VT1 4 19200 38468 33613 -4855
VT1_4 VT1 4 19300 37950 36047 -1903
VT1_4 VT1 4 19400 36669 37661 992
VT1_4 VT1 4 19500 35520 41207 5687
VT1_4 VT1 4 19600 39452 38965 -487
VT1_4 VT1 4 19700 38325 37666 -659
VT1_4 VT1 4 19800 37923 38914 991
VT1_4 VT1 4 19900 38807 36023 -2784
VT1_4 VT1 4 20000 39697 35812 -3885
VT1_5 VT1 5 0 0 0 0
VT1_5 VT1 5 100 63 2250 2187
VT1_5 VT1 5 200 526 12165 11639
VT1_5 VT1 5 300 902 20495 19593
VT1_5 VT1 5 400 1205 27752 26547
VT1_5 VT1 5 500 1420 34415 32995
VT1_5 VT1 5 600 1657 42393 40736
VT1_5 VT1 5 700 1971 49048 47077
VT1_5 VT1 5 800 1783 56979 55196
VT1_5 VT1 5 900 2036 50929 48893
VT1_5 VT1 5 1000 8222 62766 54544
VT1_5 VT1 5 1100 20671 74253 53582
VT1_5 VT1 5 1200 32278 76978 44700
VT1_5 VT1 5 1300 36631 71334 34703
VT1_5 VT1 5 1400 34132 60192 26060
VT1_5 VT1 5 1500 33600 47921 14321
VT1_5 VT1 5 1600 34079 39176 5097
VT1_5 VT1 5 1700 33355 37525 4170
VT1_5 VT1 5 1800 35006 39467 4461
VT1_5 VT1 5 1900 34293 44585 10292
VT1_5 VT1 5 2000 32674 47855 15181
VT1_5 VT1 5 2100 32711 52742 20031
VT1_5 VT1 5 2200 34911 50979 16068
VT1_5 VT1 5 2300 38555 53737 15182
VT1_5 VT1 5 2400 38265 60730 22465
VT1_5 VT1 5 2500 37809 64774 26965
VT1_5 VT1 5 2600 39462 64525 25063
VT1_5 VT1 5 2700 40048 62075 22027
VT1_5 VT1 5 2800 40863 63589 22726
VT1_5 VT1 5 2900 40121 73375 33254
VT1_5 VT1 5 3000 41614 75533 33919
VT1_5 VT1 5 3100 43466 69782 26316
VT1_5 VT1 5 3200 41121 64937 23816
VT1_5 VT1 5 3300 44095 63462 19367
VT1_5 VT1 5 3400 42816 62292 19476
VT1_5 VT1 5 3500 42718 56911 14193
VT1_5 VT1 5 3600 42561 52077 9516
VT1_5 VT1 5 3700 41440 49639 8199
VT1_5 VT1 5 3800 41623 51335 9712
VT1_5 VT1 5 3900 43042 49592 6550
VT1_5 VT1 5 4000 44211 44671 460
VT1_5 VT1 5 4100 40045 34560 -5485
VT1_5 VT1 5 4200 37646 39332 1686
VT1_5 VT1 5 4300 35675 41586 5911
VT1_5 VT1 5 4400 36185 45830 9645
VT1_5 VT1 5 4500 37666 43801 6135
VT1_5 VT1 5 4600 38099 39251 1152
VT1_5 VT1 5 4700 37278 31898 -5380
VT1_5 VT1 5 4800 36374 39031 2657
VT1_5 VT1 5 4900 35463 45608 10145
VT1_5 VT1 5 5000 37256 47375 10119
VT1_5 VT1 5 5100 37429 51900 14471
VT1_5 VT1 5 5200 37275 56642 19367
VT1_5 VT1 5 5300 38315 61317 23002
VT1_5 VT1 5 5400 38339 65284 26945
VT1_5 VT1 5 5500 38045 66794 28749
VT1_5 VT1 5 5600 40386 69906 29520
VT1_5 VT1 5 5700 40582 69196 28614
VT1_5 VT1 5 5800 38788 60375 21587
VT1_5 VT1 5 5900 37920 53635 15715
VT1_5 VT1 5 6000 39398 55782 16384
VT1_5 VT1 5 6100 39115 69819 30704
VT1_5 VT1 5 6200 41577 66320 24743
VT1_5 VT1 5 6300 42890 64451 21561
VT1_5 VT1 5 6400 37237 71535 34298
VT1_5 VT1 5 6500 37753 58502 20749
VT1_5 VT1 5 6600 38229 52434 14205
VT1_5 VT1 5 6700 37857 47803 9946
VT1_5 VT1 5 6800 38068 42006 3938
VT1_5 VT1 5 6900 38377 38804 427
VT1_5 VT1 5 7000 38787 40444 1657
VT1_5 VT1 5 7100 37265 38256 991
VT1_5 VT1 5 7200 38791 35440 -3351
VT1_5 VT1 5 7300 38634 41409 2775
VT1_5 VT1 5 7400 39173 49381 10208
VT1_5 VT1 5 7500 39938 61096 21158
VT1_5 VT1 5 7600 38976 54742 15766
VT1_5 VT1 5 7700 39094 48656 9562
VT1_5 VT1 5 7800 37985 46508 8523
VT1_5 VT1 5 7900 37465 41692 4227
VT1_5 VT1 5 8000 38373 45274 6901
VT1_5 VT1 5 8100 36133 57307 21174
VT1_5 VT1 5 8200 37823 57989 20166
VT1_5 VT1 5 8300 36109 56742 20633
VT1_5 VT1 5 8400 36683 47074 10391
VT1_5 VT1 5 8500 37146 43707 6561
VT1_5 VT1 5 8600 37282 44722 7440
VT1_5 VT1 5 8700 38357 54977 16620
VT1_5 VT1 5 8800 39366 60122 20756
VT1_5 VT1 5 8900 37364 60226 22862
VT1_5 VT1 5 9000 37481 61613 24132
VT1_5 VT1 5 9100 38043 74066 36023
VT1_5 VT1 5 9200 36891 80692 43801
VT1_5 VT1 5 9300 38637 74153 35516
VT1_5 VT1 5 9400 39109 70899 31790
VT1_5 VT1 5 9500 37111 65784 28673
VT1_5 VT1 5 9600 37934 59118 21184
VT1_5 VT1 5 9700 36634 59270 22636
VT1_5 VT1 5 9800 37025 64484 27459
VT1_5 VT1 5 9900 38433 67894 29461
VT1_5 VT1 5 10000 40395 76563 36168
VT1_5 VT1 5 10100 39957 76689 36732
VT1_5 VT1 5 10200 41706 80891 39185
VT1_5 VT1 5 10300 41162 82446 41284
VT1_5 VT1 5 10400 42644 78121 35477
VT1_5 VT1 5 10500 39642 76671 37029
VT1_5 VT1 5 10600 40837 76586 35749
VT1_5 VT1 5 10700 39886 70720 30834
VT1_5 VT1 5 10800 41018 69960 28942
VT1_5 VT1 5 10900 37822 68923 31101
VT1_5 VT1 5 11000 38940 64538 25598
VT1_5 VT1 5 11100 37060 59470 22410
VT1_5 VT1 5 11200 36193 65681 29488
VT1_5 VT1 5 11300 38194 65862 27668
VT1_5 VT1 5 11400 37998 63867 25869
VT1_5 VT1 5 11500 39528 65387 25859
VT1_5 VT1 5 11600 40160 66912 26752
VT1_5 VT1 5 11700 40301 71103 30802
VT1_5 VT1 5 11800 40307 70696 30389
VT1_5 VT1 5 11900 38693 76604 37911
VT1_5 VT1 5 12000 39053 79090 40037
VT1_5 VT1 5 12100 37973 74858 36885
VT1_5 VT1 5 12200 35774 70556 34782
VT1_5 VT1 5 12300 34040 75504 41464
VT1_5 VT1 5 12400 35278 67161 31883
VT1_5 VT1 5 12500 37757 64230 26473
VT1_5 VT1 5 12600 36723 67380 30657
VT1_5 VT1 5 12700 36191 57213 21022
VT1_5 VT1 5 12800 36673 51736 15063
VT1_5 VT1 5 12900 37171 53892 16721
VT1_5 VT1 5 13000 38837 56125 17288
VT1_5 VT1 5 13100 37483 55322 17839
VT1_5 VT1 5 13200 37800 64979 27179
VT1_5 VT1 5 13300 39172 70697 31525
VT1_5 VT1 5 13400 38568 70650 32082
VT1_5 VT1 5 13500 40084 75488 35404
VT1_5 VT1 5 13600 43345 75898 32553
VT1_5 VT1 5 13700 42790 72864 30074
VT1_5 VT1 5 13800 41377 78185 36808
VT1_5 VT1 5 13900 37020 74151 37131
VT1_5 VT1 5 14000 38134 75780 37646
VT1_5 VT1 5 14100 38609 68537 29928
VT1_5 VT1 5 14200 35200 60723 25523
VT1_5 VT1 5 14300 38090 68085 29995
VT1_5 VT1 5 14400 38133 57631 19498
VT1_5 VT1 5 14500 37631 43346 5715
VT1_5 VT1 5 14600 36372 40294 3922
VT1_5 VT1 5 14700 34903 42874 7971
VT1_5 VT1 5 14800 35819 36671 852
VT1_5 VT1 5 14900 35381 33573 -1808
VT1_5 VT1 5 15000 37457 35694 -1763
VT1_5 VT1 5 15100 37189 37293 104
VT1_5 VT1 5 15200 37275 34497 -2778
VT1_5 VT1 5 15300 37287 34058 -3229
VT1_5 VT1 5 15400 34429 49266 14837
VT1_5 VT1 5 15500 32167 69159 36992
VT1_5 VT1 5 15600 35495 78577 43082
VT1_5 VT1 5 15700 37915 86951 49036
VT1_5 VT1 5 15800 36777 83443 46666
VT1_5 VT1 5 15900 37004 75314 38310
VT1_5 VT1 5 16000 39940 76180 36240
VT1_5 VT1 5 16100 36813 77325 40512
VT1_5 VT1 5 16200 38130 62770 24640
VT1_5 VT1 5 16300 38530 61232 22702
VT1_5 VT1 5 16400 39696 62348 22652
VT1_5 VT1 5 16500 41774 55028 13254
VT1_5 VT1 5 16600 43363 61407 18044
VT1_5 VT1 5 16700 44327 69378 25051
VT1_5 VT1 5 16800 39987 75712 35725
VT1_5 VT1 5 16900 41410 74617 33207
VT1_5 VT1 5 17000 39949 74681 34732
VT1_5 VT1 5 17100 40879 68996 28117
VT1_5 VT1 5 17200 38857 76834 37977
VT1_5 VT1 5 17300 40438 71178 30740
VT1_5 VT1 5 17400 43468 68103 24635
VT1_5 VT1 5 17500 41615 56558 14943
VT1_5 VT1 5 17600 40519 49371 8852
VT1_5 VT1 5 17700 39980 45274 5294
VT1_5 VT1 5 17800 36941 51796 14855
VT1_5 VT1 5 17900 37993 60618 22625
VT1_5 VT1 5 18000 36925 68804 31879
VT1_5 VT1 5 18100 36420 85983 49563
VT1_5 VT1 5 18200 36800 97813 61013
VT1_5 VT1 5 18300 41452 98309 56857
VT1_5 VT1 5 18400 41181 91885 50704
VT1_5 VT1 5 18500 39418 74987 35569
VT1_5 VT1 5 18600 38666 69253 30587
VT1_5 VT1 5 18700 41473 57398 15925
VT1_5 VT1 5 18800 42074 66288 24214
VT1_5 VT1 5 18900 40914 81272 40358
VT1_5 VT1 5 19000 40152 68435 28283
VT1_5 VT1 5 19100 38170 56843 18673
VT1_5 VT1 5 19200 37588 60854 23266
VT1_5 VT1 5 19300 37764 65160 27396
VT1_5 VT1 5 19400 37484 71856 34372
VT1_5 VT1 5 19500 38814 70108 31294
VT1_5 VT1 5 19600 37774 64905 27131
VT1_5 VT1 5 19700 35649 55094 19445
VT1_5 VT1 5 19800 35274 52156 16882
VT1_5 VT1 5 19900 38494 48064 9570
VT1_5 VT1 5 20000 37428 52309 14881
VT1_6 VT1 6 0 0 0 0
VT1_6 VT1 6 100 71 2177 2106
VT1_6 VT1 6 200 548 12099 11551
VT1_6 VT1 6 300 950 21213 20263
VT1_6 VT1 6 400 1223 28633 27410
VT1_6 VT1 6 500 1384 35786 34402
VT1_6 VT1 6 600 1215 46499 45284
VT1_6 VT1 6 700 1147 40624 39477
VT1_6 VT1 6 800 4357 50770 46413
VT1_6 VT1 6 900 14671 88640 73969
VT1_6 VT1 6 1000 17909 81698 63789
VT1_6 VT1 6 1100 19435 69741 50306
VT1_6 VT1 6 1200 23267 56226 32959
VT1_6 VT1 6 1300 28778 43047 14269
VT1_6 VT1 6 1400 30887 40144 9257
VT1_6 VT1 6 1500 31938 39421 7483
VT1_6 VT1 6 1600 32887 34910 2023
VT1_6 VT1 6 1700 34203 30657 -3546
VT1_6 VT1 6 1800 37694 29471 -8223
VT1_6 VT1 6 1900 36761 27327 -9434
VT1_6 VT1 6 2000 35908 26790 -9118
VT1_6 VT1 6 2100 36886 25833 -11053
VT1_6 VT1 6 2200 39823 32027 -7796
VT1_6 VT1 6 2300 41025 33003 -8022
VT1_6 VT1 6 2400 45924 31323 -14601
VT1_6 VT1 6 2500 43514 33525 -9989
VT1_6 VT1 6 2600 44143 42504 -1639
VT1_6 VT1 6 2700 41346 55370 14024
VT1_6 VT1 6 2800 40183 54869 14686
VT1_6 VT1 6 2900 40990 50372 9382
VT1_6 VT1 6 3000 39982 45264 5282
VT1_6 VT1 6 3100 41581 38748 -2833
VT1_6 VT1 6 3200 40751 38249 -2502
VT1_6 VT1 6 3300 42884 41203 -1681
VT1_6 VT1 6 3400 44322 41444 -2878
VT1_6 VT1 6 3500 43191 39246 -3945
VT1_6 VT1 6 3600 40850 33647 -7203
VT1_6 VT1 6 3700 42272 30604 -11668
VT1_6 VT1 6 3800 42889 32274 -10615
VT1_6 VT1 6 3900 42482 31458 -11024
VT1_6 VT1 6 4000 43874 32186 -11688
VT1_6 VT1 6 4100 45146 33207 -11939
VT1_6 VT1 6 4200 43822 33355 -10467
VT1_6 VT1 6 4300 42005 32655 -9350
VT1_6 VT1 6 4400 44938 32986 -11952
VT1_6 VT1 6 4500 43123 31666 -11457
VT1_6 VT1 6 4600 42272 32580 -9692
VT1_6 VT1 6 4700 41740 32142 -9598
VT1_6 VT1 6 4800 42787 28735 -14052
VT1_6 VT1 6 4900 41402 27317 -14085
VT1_6 VT1 6 5000 40999 29254 -11745
VT1_6 VT1 6 5100 40078 28351 -11727
VT1_6 VT1 6 5200 41780 32267 -9513
VT1_6 VT1 6 5300 41768 36817 -4951
VT1_6 VT1 6 5400 40559 36403 -4156
VT1_6 VT1 6 5500 38783 35537 -3246
VT1_6 VT1 6 5600 39781 39721 -60
VT1_6 VT1 6 5700 40303 49667 9364
VT1_6 VT1 6 5800 38447 53894 15447
VT1_6 VT1 6 5900 41538 47941 6403
VT1_6 VT1 6 6000 41786 50291 8505
VT1_6 VT1 6 6100 40620 48491 7871
VT1_6 VT1 6 6200 41198 42126 928
VT1_6 VT1 6 6300 43911 39882 -4029
VT1_6 VT1 6 6400 40740 38160 -2580
VT1_6 VT1 6 6500 43004 34696 -8308
VT1_6 VT1 6 6600 43143 30611 -12532
VT1_6 VT1 6 6700 43994 33597 -10397
VT1_6 VT1 6 6800 41776 36204 -5572
VT1_6 VT1 6 6900 42485 34390 -8095
VT1_6 VT1 6 7000 42215 33522 -8693
VT1_6 VT1 6 7100 41562 34789 -6773
VT1_6 VT1 6 7200 42829 35347 -7482
VT1_6 VT1 6 7300 41941 32569 -9372
VT1_6 VT1 6 7400 39359 32437 -6922
VT1_6 VT1 6 7500 38532 33769 -4763
VT1_6 VT1 6 7600 40154 39721 -433
VT1_6 VT1 6 7700 40884 45795 4911
VT1_6 VT1 6 7800 41234 45441 4207
VT1_6 VT1 6 7900 39825 49137 9312
VT1_6 VT1 6 8000 39991 45055 5064
VT1_6 VT1 6 8100 42031 41186 -845
VT1_6 VT1 6 8200 41458 35225 -6233
VT1_6 VT1 6 8300 41107 35459 -5648
VT1_6 VT1 6 8400 41461 34103 -7358
VT1_6 VT1 6 8500 42817 35294 -7523
VT1_6 VT1 6 8600 41796 35670 -6126
VT1_6 VT1 6 8700 41887 37431 -4456
VT1_6 VT1 6 8800 39514 36810 -2704
VT1_6 VT1 6 8900 38332 37608 -724
VT1_6 VT1 6 9000 40257 33925 -6332
VT1_6 VT1 6 9100 43413 34922 -8491
VT1_6 VT1 6 9200 42985 35189 -7796
VT1_6 VT1 6 9300 42722 36654 -6068
VT1_6 VT1 6 9400 44355 39740 -4615
VT1_6 VT1 6 9500 45297 42719 -2578
VT1_6 VT1 6 9600 44472 39256 -5216
VT1_6 VT1 6 9700 44249 40159 -4090
VT1_6 VT1 6 9800 43004 42376 -628
VT1_6 VT1 6 9900 42331 39300 -3031
VT1_6 VT1 6 10000 43472 38614 -4858
VT1_6 VT1 6 10100 37573 34324 -3249
VT1_6 VT1 6 10200 36054 32456 -3598
VT1_6 VT1 6 10300 34717 28514 -6203
VT1_6 VT1 6 10400 34994 29481 -5513
VT1_6 VT1 6 10500 34007 29595 -4412
VT1_6 VT1 6 10600 32751 30240 -2511
VT1_6 VT1 6 10700 32258 29748 -2510
VT1_6 VT1 6 10800 30849 28849 -2000
VT1_6 VT1 6 10900 31356 27564 -3792
VT1_6 VT1 6 11000 30999 27309 -3690
VT1_6 VT1 6 11100 31824 27371 -4453
VT1_6 VT1 6 11200 32890 27515 -5375
VT1_6 VT1 6 11300 33267 26912 -6355
VT1_6 VT1 6 11400 32218 27221 -4997
VT1_6 VT1 6 11500 31713 26387 -5326
VT1_6 VT1 6 11600 31163 25880 -5283
VT1_6 VT1 6 11700 30852 24752 -6100
VT1_6 VT1 6 11800 30365 25820 -4545
VT1_6 VT1 6 11900 29335 26140 -3195
VT1_6 VT1 6 12000 29932 26248 -3684
VT1_6 VT1 6 12100 31802 24880 -6922
VT1_6 VT1 6 12200 32202 25286 -6916
VT1_6 VT1 6 12300 32458 25720 -6738
VT1_6 VT1 6 12400 32183 24182 -8001
VT1_6 VT1 6 12500 31627 25416 -6211
VT1_6 VT1 6 12600 31082 26944 -4138
VT1_6 VT1 6 12700 32244 27892 -4352
VT1_6 VT1 6 12800 32519 26965 -5554
VT1_6 VT1 6 12900 31438 26392 -5046
VT1_6 VT1 6 13000 31651 25807 -5844
VT1_6 VT1 6 13100 31210 26003 -5207
VT1_6 VT1 6 13200 32641 26175 -6466
VT1_6 VT1 6 13300 30319 25681 -4638
VT1_6 VT1 6 13400 31458 24535 -6923
VT1_6 VT1 6 13500 32896 25244 -7652
VT1_6 VT1 6 13600 30960 25249 -5711
VT1_6 VT1 6 13700 30492 25276 -5216
VT1_6 VT1 6 13800 31999 26647 -5352
VT1_6 VT1 6 13900 32033 26471 -5562
VT1_6 VT1 6 14000 32355 26224 -6131
VT1_6 VT1 6 14100 30239 26553 -3686
VT1_6 VT1 6 14200 30253 24148 -6105
VT1_6 VT1 6 14300 30329 23215 -7114
VT1_6 VT1 6 14400 30869 23384 -7485
VT1_6 VT1 6 14500 30624 23434 -7190
VT1_6 VT1 6 14600 30057 24193 -5864
VT1_6 VT1 6 14700 31805 25542 -6263
VT1_6 VT1 6 14800 30107 26636 -3471
VT1_6 VT1 6 14900 29948 26672 -3276
VT1_6 VT1 6 15000 31004 26965 -4039
VT1_6 VT1 6 15100 32057 25937 -6120
VT1_6 VT1 6 15200 32122 26543 -5579
VT1_6 VT1 6 15300 32892 25463 -7429
VT1_6 VT1 6 15400 33619 25246 -8373
VT1_6 VT1 6 15500 34394 25657 -8737
VT1_6 VT1 6 15600 34042 25225 -8817
VT1_6 VT1 6 15700 33731 25718 -8013
VT1_6 VT1 6 15800 33907 27134 -6773
VT1_6 VT1 6 15900 34124 26628 -7496
VT1_6 VT1 6 16000 33348 26580 -6768
VT1_6 VT1 6 16100 33163 26689 -6474
VT1_6 VT1 6 16200 32121 26220 -5901
VT1_6 VT1 6 16300 32095 27281 -4814
VT1_6 VT1 6 16400 34325 28292 -6033
VT1_6 VT1 6 16500 34153 27249 -6904
VT1_6 VT1 6 16600 34455 26444 -8011
VT1_6 VT1 6 16700 32810 26672 -6138
VT1_6 VT1 6 16800 32380 25474 -6906
VT1_6 VT1 6 16900 32631 24350 -8281
VT1_6 VT1 6 17000 31806 25644 -6162
VT1_6 VT1 6 17100 32043 25155 -6888
VT1_6 VT1 6 17200 31179 24956 -6223
VT1_6 VT1 6 17300 30471 25454 -5017
VT1_6 VT1 6 17400 30248 23678 -6570
VT1_6 VT1 6 17500 30758 25288 -5470
VT1_6 VT1 6 17600 32691 24709 -7982
VT1_6 VT1 6 17700 31858 25696 -6162
VT1_6 VT1 6 17800 33208 25784 -7424
VT1_6 VT1 6 17900 32343 25999 -6344
VT1_6 VT1 6 18000 33710 26666 -7044
VT1_6 VT1 6 18100 31675 26442 -5233
VT1_6 VT1 6 18200 29496 26723 -2773
VT1_6 VT1 6 18300 29327 25753 -3574
VT1_6 VT1 6 18400 31464 26587 -4877
VT1_6 VT1 6 18500 32136 26664 -5472
VT1_6 VT1 6 18600 30655 26972 -3683
VT1_6 VT1 6 18700 31047 28225 -2822
VT1_6 VT1 6 18800 29365 28456 -909
VT1_6 VT1 6 18900 29780 27303 -2477
VT1_6 VT1 6 19000 28988 25219 -3769
VT1_6 VT1 6 19100 30466 24530 -5936
VT1_6 VT1 6 19200 30727 25948 -4779
VT1_6 VT1 6 19300 31130 24711 -6419
VT1_6 VT1 6 19400 31402 25757 -5645
VT1_6 VT1 6 19500 29767 25358 -4409
VT1_6 VT1 6 19600 30598 27585 -3013
VT1_6 VT1 6 19700 30023 29274 -749
VT1_6 VT1 6 19800 30573 27678 -2895
VT1_6 VT1 6 19900 31332 27493 -3839
VT1_6 VT1 6 20000 31949 27566 -4383
VT1_7 VT1 7 0 0 0 0
VT1_7 VT1 7 100 60 2181 2121
VT1_7 VT1 7 200 529 12035 11506
VT1_7 VT1 7 300 884 20868 19984
VT1_7 VT1 7 400 1258 28258 27000
VT1_7 VT1 7 500 1458 35446 33988
VT1_7 VT1 7 600 1521 44017 42496
VT1_7 VT1 7 700 1747 43344 41597
VT1_7 VT1 7 800 7810 44174 36364
VT1_7 VT1 7 900 11718 46676 34958
VT1_7 VT1 7 1000 16589 50192 33603
VT1_7 VT1 7 1100 20473 46480 26007
VT1_7 VT1 7 1200 23034 45991 22957
VT1_7 VT1 7 1300 24150 45730 21580
VT1_7 VT1 7 1400 25624 41892 16268
VT1_7 VT1 7 1500 26691 41063 14372
VT1_7 VT1 7 1600 32219 49588 17369
VT1_7 VT1 7 1700 34512 59148 24636
VT1_7 VT1 7 1800 35433 54376 18943
VT1_7 VT1 7 1900 33532 51911 18379
VT1_7 VT1 7 2000 34431 49491 15060
VT1_7 VT1 7 2100 36285 49290 13005
VT1_7 VT1 7 2200 38676 52405 13729
VT1_7 VT1 7 2300 40201 55228 15027
VT1_7 VT1 7 2400 42155 54292 12137
VT1_7 VT1 7 2500 40340 48453 8113
VT1_7 VT1 7 2600 39669 44648 4979
VT1_7 VT1 7 2700 38139 41376 3237
VT1_7 VT1 7 2800 37530 38112 582
VT1_7 VT1 7 2900 37142 37360 218
VT1_7 VT1 7 3000 36136 34562 -1574
VT1_7 VT1 7 3100 37958 34200 -3758
VT1_7 VT1 7 3200 38478 34484 -3994
VT1_7 VT1 7 3300 38734 34766 -3968
VT1_7 VT1 7 3400 39975 36118 -3857
VT1_7 VT1 7 3500 39349 37116 -2233
VT1_7 VT1 7 3600 38736 36995 -1741
VT1_7 VT1 7 3700 39969 36577 -3392
VT1_7 VT1 7 3800 37990 34867 -3123
VT1_7 VT1 7 3900 37868 31026 -6842
VT1_7 VT1 7 4000 38845 29935 -8910
VT1_7 VT1 7 4100 35808 29426 -6382
VT1_7 VT1 7 4200 37399 36915 -484
VT1_7 VT1 7 4300 33481 43627 10146
VT1_7 VT1 7 4400 33048 46184 13136
VT1_7 VT1 7 4500 31033 39159 8126
VT1_7 VT1 7 4600 29449 36536 7087
VT1_7 VT1 7 4700 29362 33522 4160
VT1_7 VT1 7 4800 30571 31741 1170
VT1_7 VT1 7 4900 32526 28000 -4526
VT1_7 VT1 7 5000 32791 26257 -6534
VT1_7 VT1 7 5100 30970 27348 -3622
VT1_7 VT1 7 5200 31202 26056 -5146
VT1_7 VT1 7 5300 31990 26516 -5474
VT1_7 VT1 7 5400 31677 27554 -4123
VT1_7 VT1 7 5500 33653 27516 -6137
VT1_7 VT1 7 5600 32642 27259 -5383
VT1_7 VT1 7 5700 31738 28506 -3232
VT1_7 VT1 7 5800 31609 27521 -4088
VT1_7 VT1 7 5900 31468 27633 -3835
VT1_7 VT1 7 6000 30098 27465 -2633
VT1_7 VT1 7 6100 31297 25852 -5445
VT1_7 VT1 7 6200 32591 25364 -7227
VT1_7 VT1 7 6300 31810 26569 -5241
VT1_7 VT1 7 6400 33395 26547 -6848
VT1_7 VT1 7 6500 31315 25855 -5460
VT1_7 VT1 7 6600 31650 26721 -4929
VT1_7 VT1 7 6700 31808 27192 -4616
VT1_7 VT1 7 6800 31670 26855 -4815
VT1_7 VT1 7 6900 31342 27820 -3522
VT1_7 VT1 7 7000 32530 28003 -4527
VT1_7 VT1 7 7100 32541 27373 -5168
VT1_7 VT1 7 7200 32176 26860 -5316
VT1_7 VT1 7 7300 31246 27820 -3426
VT1_7 VT1 7 7400 30767 26868 -3899
VT1_7 VT1 7 7500 31582 27996 -3586
VT1_7 VT1 7 7600 30053 29999 -54
VT1_7 VT1 7 7700 30779 28630 -2149
VT1_7 VT1 7 7800 30981 28167 -2814
VT1_7 VT1 7 7900 34233 26219 -8014
VT1_7 VT1 7 8000 33710 25799 -7911
VT1_7 VT1 7 8100 34116 26064 -8052
VT1_7 VT1 7 8200 32652 28471 -4181
VT1_7 VT1 7 8300 32445 28408 -4037
VT1_7 VT1 7 8400 31160 28546 -2614
VT1_7 VT1 7 8500 30973 26496 -4477
VT1_7 VT1 7 8600 30070 26900 -3170
VT1_7 VT1 7 8700 31358 27499 -3859
VT1_7 VT1 7 8800 30732 26234 -4498
VT1_7 VT1 7 8900 31813 26365 -5448
VT1_7 VT1 7 9000 30137 25887 -4250
VT1_7 VT1 7 9100 28939 27359 -1580
VT1_7 VT1 7 9200 29394 28232 -1162
VT1_7 VT1 7 9300 30846 29780 -1066
VT1_7 VT1 7 9400 30062 28510 -1552
VT1_7 VT1 7 9500 30070 27325 -2745
VT1_7 VT1 7 9600 33300 27836 -5464
VT1_7 VT1 7 9700 31352 28897 -2455
VT1_7 VT1 7 9800 32173 28436 -3737
VT1_7 VT1 7 9900 31272 26191 -5081
VT1_7 VT1 7 10000 32303 25422 -6881
VT1_7 VT1 7 10100 34523 26360 -8163
VT1_7 VT1 7 10200 31384 27908 -3476
VT1_7 VT1 7 10300 31662 29371 -2291
VT1_7 VT1 7 10400 31092 28035 -3057
VT1_7 VT1 7 10500 32238 26338 -5900
VT1_7 VT1 7 10600 30185 26069 -4116
VT1_7 VT1 7 10700 32697 27597 -5100
VT1_7 VT1 7 10800 31204 27937 -3267
VT1_7 VT1 7 10900 30478 27421 -3057
VT1_7 VT1 7 11000 30444 26489 -3955
VT1_7 VT1 7 11100 30889 27275 -3614
VT1_7 VT1 7 11200 30348 27314 -3034
VT1_7 VT1 7 11300 31638 26610 -5028
VT1_7 VT1 7 11400 30625 26301 -4324
VT1_7 VT1 7 11500 29232 24663 -4569
VT1_7 VT1 7 11600 29649 25464 -4185
VT1_7 VT1 7 11700 30667 25451 -5216
VT1_7 VT1 7 11800 31741 26245 -5496
VT1_7 VT1 7 11900 31593 26048 -5545
VT1_7 VT1 7 12000 30249 26819 -3430
VT1_7 VT1 7 12100 30548 27776 -2772
VT1_7 VT1 7 12200 31373 26277 -5096
VT1_7 VT1 7 12300 32579 26752 -5827
VT1_7 VT1 7 12400 33112 27591 -5521
VT1_7 VT1 7 12500 32533 28356 -4177
VT1_7 VT1 7 12600 32060 29995 -2065
VT1_7 VT1 7 12700 32723 29526 -3197
VT1_7 VT1 7 12800 32317 29489 -2828
VT1_7 VT1 7 12900 31309 28440 -2869
VT1_7 VT1 7 13000 31258 26282 -4976
VT1_7 VT1 7 13100 31153 26882 -4271
VT1_7 VT1 7 13200 30048 27175 -2873
VT1_7 VT1 7 13300 31117 26612 -4505
VT1_7 VT1 7 13400 31237 25858 -5379
VT1_7 VT1 7 13500 30613 26644 -3969
VT1_7 VT1 7 13600 29067 25568 -3499
VT1_7 VT1 7 13700 29313 25338 -3975
VT1_7 VT1 7 13800 32430 27576 -4854
VT1_7 VT1 7 13900 32307 28629 -3678
VT1_7 VT1 7 14000 32299 27626 -4673
VT1_7 VT1 7 14100 31626 26562 -5064
VT1_7 VT1 7 14200 32664 27266 -5398
VT1_7 VT1 7 14300 32097 28081 -4016
VT1_7 VT1 7 14400 30962 28088 -2874
VT1_7 VT1 7 14500 30341 26578 -3763
VT1_7 VT1 7 14600 30724 25922 -4802
VT1_7 VT1 7 14700 31450 26338 -5112
VT1_7 VT1 7 14800 31655 26679 -4976
VT1_7 VT1 7 14900 31629 26618 -5011
VT1_7 VT1 7 15000 29090 27514 -1576
VT1_7 VT1 7 15100 30358 27371 -2987
VT1_7 VT1 7 15200 32953 28368 -4585
VT1_7 VT1 7 15300 33814 28445 -5369
VT1_7 VT1 7 15400 32975 28204 -4771
VT1_7 VT1 7 15500 32373 27090 -5283
VT1_7 VT1 7 15600 31639 27872 -3767
VT1_7 VT1 7 15700 31925 28286 -3639
VT1_7 VT1 7 15800 32292 28290 -4002
VT1_7 VT1 7 15900 32106 26927 -5179
VT1_7 VT1 7 16000 33739 27396 -6343
VT1_7 VT1 7 16100 32432 28901 -3531
VT1_7 VT1 7 16200 31162 29167 -1995
VT1_7 VT1 7 16300 29921 30935 1014
VT1_7 VT1 7 16400 30581 31175 594
VT1_7 VT1 7 16500 31710 30061 -1649
VT1_7 VT1 7 16600 30889 28254 -2635
VT1_7 VT1 7 16700 32317 27976 -4341
VT1_7 VT1 7 16800 32217 27938 -4279
VT1_7 VT1 7 16900 31025 27489 -3536
VT1_7 VT1 7 17000 32265 27492 -4773
VT1_7 VT1 7 17100 32570 28659 -3911
VT1_7 VT1 7 17200 31056 28777 -2279
VT1_7 VT1 7 17300 31299 28883 -2416
VT1_7 VT1 7 17400 30578 27678 -2900
VT1_7 VT1 7 17500 30016 26521 -3495
VT1_7 VT1 7 17600 30746 27616 -3130
VT1_7 VT1 7 17700 30183 28319 -1864
VT1_7 VT1 7 17800 30779 26891 -3888
VT1_7 VT1 7 17900 32101 27213 -4888
VT1_7 VT1 7 18000 33245 28612 -4633
VT1_7 VT1 7 18100 33989 29872 -4117
VT1_7 VT1 7 18200 32854 29914 -2940
VT1_7 VT1 7 18300 31344 25590 -5754
VT1_7 VT1 7 18400 32795 26373 -6422
VT1_7 VT1 7 18500 32384 26405 -5979
VT1_7 VT1 7 18600 30932 30320 -612
VT1_7 VT1 7 18700 31468 28242 -3226
VT1_7 VT1 7 18800 30988 26998 -3990
VT1_7 VT1 7 18900 30819 28006 -2813
VT1_7 VT1 7 19000 30558 29532 -1026
VT1_7 VT1 7 19100 31205 28743 -2462
VT1_7 VT1 7 19200 32057 28982 -3075
VT1_7 VT1 7 19300 30453 26851 -3602
VT1_7 VT1 7 19400 32418 26534 -5884
VT1_7 VT1 7 19500 31485 25786 -5699
VT1_7 VT1 7 19600 31423 26938 -4485
VT1_7 VT1 7 19700 31023 27137 -3886
VT1_7 VT1 7 19800 33010 27700 -5310
VT1_7 VT1 7 19900 32087 26816 -5271
VT1_7 VT1 7 20000 31101 26877 -4224
VT1_8 VT1 8 0 0 0 0
VT1_8 VT1 8 100 85 2148 2063
VT1_8 VT1 8 200 542 11956 11414
VT1_8 VT1 8 300 826 20409 19583
VT1_8 VT1 8 400 1201 27376 26175
VT1_8 VT1 8 500 1507 34757 33250
VT1_8 VT1 8 600 1729 45288 43559
VT1_8 VT1 8 700 1977 59739 57762
VT1_8 VT1 8 800 2165 64918 62753
VT1_8 VT1 8 900 7070 57138 50068
VT1_8 VT1 8 1000 11046 51075 40029
VT1_8 VT1 8 1100 14768 45378 30610
VT1_8 VT1 8 1200 17963 35342 17379
VT1_8 VT1 8 1300 21851 27832 5981
VT1_8 VT1 8 1400 24039 24407 368
VT1_8 VT1 8 1500 24305 25908 1603
VT1_8 VT1 8 1600 27371 29895 2524
VT1_8 VT1 8 1700 27843 31536 3693
VT1_8 VT1 8 1800 30163 30640 477
VT1_8 VT1 8 1900 31774 27835 -3939
VT1_8 VT1 8 2000 32662 25508 -7154
VT1_8 VT1 8 2100 37262 26036 -11226
VT1_8 VT1 8 2200 37422 26437 -10985
VT1_8 VT1 8 2300 38390 28937 -9453
VT1_8 VT1 8 2400 36894 32273 -4621
VT1_8 VT1 8 2500 39195 32362 -6833
VT1_8 VT1 8 2600 37433 32604 -4829
VT1_8 VT1 8 2700 37261 29670 -7591
VT1_8 VT1 8 2800 40126 29470 -10656
VT1_8 VT1 8 2900 39338 30820 -8518
VT1_8 VT1 8 3000 39883 32615 -7268
VT1_8 VT1 8 3100 41783 31939 -9844
VT1_8 VT1 8 3200 40425 37095 -3330
VT1_8 VT1 8 3300 38195 35841 -2354
VT1_8 VT1 8 3400 39193 33842 -5351
VT1_8 VT1 8 3500 37222 28197 -9025
VT1_8 VT1 8 3600 33946 27088 -6858
VT1_8 VT1 8 3700 33707 26217 -7490
VT1_8 VT1 8 3800 33999 25086 -8913
VT1_8 VT1 8 3900 37192 26264 -10928
VT1_8 VT1 8 4000 35825 27367 -8458
VT1_8 VT1 8 4100 34796 27483 -7313
VT1_8 VT1 8 4200 32690 27285 -5405
VT1_8 VT1 8 4300 34273 27281 -6992
VT1_8 VT1 8 4400 33678 26774 -6904
VT1_8 VT1 8 4500 31686 27325 -4361
VT1_8 VT1 8 4600 31549 27194 -4355
VT1_8 VT1 8 4700 31059 26749 -4310
VT1_8 VT1 8 4800 31418 27185 -4233
VT1_8 VT1 8 4900 31569 26432 -5137
VT1_8 VT1 8 5000 32286 25186 -7100
VT1_8 VT1 8 5100 31121 25044 -6077
VT1_8 VT1 8 5200 30449 25287 -5162
VT1_8 VT1 8 5300 32301 27899 -4402
VT1_8 VT1 8 5400 32872 28723 -4149
VT1_8 VT1 8 5500 33051 27102 -5949
VT1_8 VT1 8 5600 32635 26328 -6307
VT1_8 VT1 8 5700 32392 25609 -6783
VT1_8 VT1 8 5800 31623 24580 -7043
VT1_8 VT1 8 5900 32591 25061 -7530
VT1_8 VT1 8 6000 30718 26462 -4256
VT1_8 VT1 8 6100 30357 28448 -1909
VT1_8 VT1 8 6200 29645 26484 -3161
VT1_8 VT1 8 6300 28665 26851 -1814
VT1_8 VT1 8 6400 29676 25668 -4008
VT1_8 VT1 8 6500 28779 25145 -3634
VT1_8 VT1 8 6600 29170 25376 -3794
VT1_8 VT1 8 6700 28724 26289 -2435
VT1_8 VT1 8 6800 30147 27140 -3007
VT1_8 VT1 8 6900 31933 27714 -4219
VT1_8 VT1 8 7000 31936 28907 -3029
VT1_8 VT1 8 7100 31988 27319 -4669
VT1_8 VT1 8 7200 31606 25707 -5899
VT1_8 VT1 8 7300 29172 24667 -4505
VT1_8 VT1 8 7400 29381 24106 -5275
VT1_8 VT1 8 7500 29207 25674 -3533
VT1_8 VT1 8 7600 30264 25392 -4872
VT1_8 VT1 8 7700 30616 25638 -4978
VT1_8 VT1 8 7800 30804 27076 -3728
VT1_8 VT1 8 7900 30573 27302 -3271
VT1_8 VT1 8 8000 29713 27059 -2654
VT1_8 VT1 8 8100 30301 28173 -2128
VT1_8 VT1 8 8200 30524 27714 -2810
VT1_8 VT1 8 8300 31723 28379 -3344
VT1_8 VT1 8 8400 31242 27170 -4072
VT1_8 VT1 8 8500 29953 26108 -3845
VT1_8 VT1 8 8600 28928 26366 -2562
VT1_8 VT1 8 8700 28281 27257 -1024
VT1_8 VT1 8 8800 29349 27357 -1992
VT1_8 VT1 8 8900 30476 26275 -4201
VT1_8 VT1 8 9000 30207 24758 -5449
VT1_8 VT1 8 9100 30926 23448 -7478
VT1_8 VT1 8 9200 31010 24815 -6195
VT1_8 VT1 8 9300 31227 25782 -5445
VT1_8 VT1 8 9400 31680 27274 -4406
VT1_8 VT1 8 9500 31566 26358 -5208
VT1_8 VT1 8 9600 32022 27833 -4189
VT1_8 VT1 8 9700 32306 26715 -5591
VT1_8 VT1 8 9800 32029 25668 -6361
VT1_8 VT1 8 9900 33748 24763 -8985
VT1_8 VT1 8 10000 34519 24914 -9605
VT1_8 VT1 8 10100 33386 26440 -6946
VT1_8 VT1 8 10200 31665 27189 -4476
VT1_8 VT1 8 10300 32857 26605 -6252
VT1_8 VT1 8 10400 31800 26763 -5037
VT1_8 VT1 8 10500 31061 26531 -4530
VT1_8 VT1 8 10600 30962 28488 -2474
VT1_8 VT1 8 10700 31549 27652 -3897
VT1_8 VT1 8 10800 32130 27343 -4787
VT1_8 VT1 8 10900 30946 26528 -4418
VT1_8 VT1 8 11000 31565 26709 -4856
VT1_8 VT1 8 11100 32558 27064 -5494
VT1_8 VT1 8 11200 31982 26940 -5042
VT1_8 VT1 8 11300 32519 25592 -6927
VT1_8 VT1 8 11400 31867 25927 -5940
VT1_8 VT1 8 11500 30050 24916 -5134
VT1_8 VT1 8 11600 29182 23223 -5959
VT1_8 VT1 8 11700 29937 24154 -5783
VT1_8 VT1 8 11800 29217 23722 -5495
VT1_8 VT1 8 11900 28151 24629 -3522
VT1_8 VT1 8 12000 29605 26876 -2729
VT1_8 VT1 8 12100 30508 26208 -4300
VT1_8 VT1 8 12200 31537 26322 -5215
VT1_8 VT1 8 12300 28650 25642 -3008
VT1_8 VT1 8 12400 29175 26903 -2272
VT1_8 VT1 8 12500 31277 25898 -5379
VT1_8 VT1 8 12600 31865 27267 -4598
VT1_8 VT1 8 12700 31054 26848 -4206
VT1_8 VT1 8 12800 31860 27820 -4040
VT1_8 VT1 8 12900 31329 26805 -4524
VT1_8 VT1 8 13000 30648 26933 -3715
VT1_8 VT1 8 13100 31933 26001 -5932
VT1_8 VT1 8 13200 32341 27444 -4897
VT1_8 VT1 8 13300 32230 27354 -4876
VT1_8 VT1 8 13400 31825 28057 -3768
VT1_8 VT1 8 13500 32655 28560 -4095
VT1_8 VT1 8 13600 32275 28005 -4270
VT1_8 VT1 8 13700 31313 27597 -3716
VT1_8 VT1 8 13800 31396 27591 -3805
VT1_8 VT1 8 13900 30301 25941 -4360
VT1_8 VT1 8 14000 30315 25813 -4502
VT1_8 VT1 8 14100 30032 24711 -5321
VT1_8 VT1 8 14200 30280 24226 -6054
VT1_8 VT1 8 14300 28535 23501 -5034
VT1_8 VT1 8 14400 27548 25213 -2335
VT1_8 VT1 8 14500 29180 26250 -2930
VT1_8 VT1 8 14600 30608 26321 -4287
VT1_8 VT1 8 14700 30661 26962 -3699
VT1_8 VT1 8 14800 31508 24068 -7440
VT1_8 VT1 8 14900 30933 25109 -5824
VT1_8 VT1 8 15000 32849 26363 -6486
VT1_8 VT1 8 15100 30498 26426 -4072
VT1_8 VT1 8 15200 30343 25565 -4778
VT1_8 VT1 8 15300 31647 26073 -5574
VT1_8 VT1 8 15400 30340 26290 -4050
VT1_8 VT1 8 15500 29950 26350 -3600
VT1_8 VT1 8 15600 29150 25945 -3205
VT1_8 VT1 8 15700 29882 25892 -3990
VT1_8 VT1 8 15800 30786 25863 -4923
VT1_8 VT1 8 15900 31000 26908 -4092
VT1_8 VT1 8 16000 32651 26894 -5757
VT1_8 VT1 8 16100 31481 27846 -3635
VT1_8 VT1 8 16200 30624 26010 -4614
VT1_8 VT1 8 16300 32183 26886 -5297
VT1_8 VT1 8 16400 30089 26123 -3966
VT1_8 VT1 8 16500 30231 27980 -2251
VT1_8 VT1 8 16600 30892 27340 -3552
VT1_8 VT1 8 16700 30146 28246 -1900
VT1_8 VT1 8 16800 30506 25761 -4745
VT1_8 VT1 8 16900 32175 26320 -5855
VT1_8 VT1 8 17000 29647 26417 -3230
VT1_8 VT1 8 17100 30065 26741 -3324
VT1_8 VT1 8 17200 30196 27155 -3041
VT1_8 VT1 8 17300 30482 27521 -2961
VT1_8 VT1 8 17400 29421 27787 -1634
VT1_8 VT1 8 17500 30609 28422 -2187
VT1_8 VT1 8 17600 28556 26309 -2247
VT1_8 VT1 8 17700 30649 26829 -3820
VT1_8 VT1 8 17800 32950 25850 -7100
VT1_8 VT1 8 17900 32251 25389 -6862
VT1_8 VT1 8 18000 30150 25113 -5037
VT1_8 VT1 8 18100 30051 25811 -4240
VT1_8 VT1 8 18200 29913 26461 -3452
VT1_8 VT1 8 18300 30314 26921 -3393
VT1_8 VT1 8 18400 29327 25878 -3449
VT1_8 VT1 8 18500 28103 25583 -2520
VT1_8 VT1 8 18600 29095 26523 -2572
VT1_8 VT1 8 18700 28540 25578 -2962
VT1_8 VT1 8 18800 30777 28133 -2644
VT1_8 VT1 8 18900 31805 27301 -4504
VT1_8 VT1 8 19000 33240 27471 -5769
VT1_8 VT1 8 19100 31919 27351 -4568
VT1_8 VT1 8 19200 30838 27071 -3767
VT1_8 VT1 8 19300 30594 26404 -4190
VT1_8 VT1 8 19400 31768 25876 -5892
VT1_8 VT1 8 19500 31906 26125 -5781
VT1_8 VT1 8 19600 31196 26483 -4713
VT1_8 VT1 8 19700 31266 26456 -4810
VT1_8 VT1 8 19800 30723 28277 -2446
VT1_8 VT1 8 19900 32384 29493 -2891
VT1_8 VT1 8 20000 31664 29272 -2392
VT1_9 VT1 9 0 0 0 0
VT1_9 VT1 9 100 63 2107 2044
VT1_9 VT1 9 200 536 11702 11166
VT1_9 VT1 9 300 888 20681 19793
VT1_9 VT1 9 400 1180 28540 27360
VT1_9 VT1 9 500 1493 38432 36939
VT1_9 VT1 9 600 1530 53231 51701
VT1_9 VT1 9 700 742 20231 19489
VT1_9 VT1 9 800 3176 17220 14044
VT1_9 VT1 9 900 12935 41346 28411
VT1_9 VT1 9 1000 22433 38441 16008
VT1_9 VT1 9 1100 26825 39258 12433
VT1_9 VT1 9 1200 33946 38155 4209
VT1_9 VT1 9 1300 37021 37392 371
VT1_9 VT1 9 1400 42290 32958 -9332
VT1_9 VT1 9 1500 52272 32277 -19995
VT1_9 VT1 9 1600 52730 29638 -23092
VT1_9 VT1 9 1700 49454 27641 -21813
VT1_9 VT1 9 1800 46136 30933 -15203
VT1_9 VT1 9 1900 38187 33426 -4761
VT1_9 VT1 9 2000 38183 52100 13917
VT1_9 VT1 9 2100 39076 76232 37156
VT1_9 VT1 9 2200 42631 85807 43176
VT1_9 VT1 9 2300 45367 86500 41133
VT1_9 VT1 9 2400 44323 89937 45614
VT1_9 VT1 9 2500 46359 90087 43728
VT1_9 VT1 9 2600 47416 85478 38062
VT1_9 VT1 9 2700 48604 81402 32798
VT1_9 VT1 9 2800 46668 82060 35392
VT1_9 VT1 9 2900 46044 81426 35382
VT1_9 VT1 9 3000 44489 79708 35219
VT1_9 VT1 9 3100 44383 83134 38751
VT1_9 VT1 9 3200 46348 77606 31258
VT1_9 VT1 9 3300 48583 73833 25250
VT1_9 VT1 9 3400 47338 79748 32410
VT1_9 VT1 9 3500 49892 85515 35623
VT1_9 VT1 9 3600 49019 88176 39157
VT1_9 VT1 9 3700 45308 89591 44283
VT1_9 VT1 9 3800 46449 83389 36940
VT1_9 VT1 9 3900 48388 82249 33861
VT1_9 VT1 9 4000 47205 78851 31646
VT1_9 VT1 9 4100 47179 79455 32276
VT1_9 VT1 9 4200 46091 79867 33776
VT1_9 VT1 9 4300 44474 84124 39650
VT1_9 VT1 9 4400 45495 85621 40126
VT1_9 VT1 9 4500 45831 85473 39642
VT1_9 VT1 9 4600 45131 83948 38817
VT1_9 VT1 9 4700 43986 79967 35981
VT1_9 VT1 9 4800 44911 67811 22900
VT1_9 VT1 9 4900 47069 60856 13787
VT1_9 VT1 9 5000 50705 60191 9486
VT1_9 VT1 9 5100 51606 60352 8746
VT1_9 VT1 9 5200 47505 66348 18843
VT1_9 VT1 9 5300 49615 72536 22921
VT1_9 VT1 9 5400 46181 77227 31046
VT1_9 VT1 9 5500 43775 70711 26936
VT1_9 VT1 9 5600 46116 67308 21192
VT1_9 VT1 9 5700 44070 63476 19406
VT1_9 VT1 9 5800 44366 64634 20268
VT1_9 VT1 9 5900 46721 68936 22215
VT1_9 VT1 9 6000 45915 68041 22126
VT1_9 VT1 9 6100 43682 66884 23202
VT1_9 VT1 9 6200 44155 67435 23280
VT1_9 VT1 9 6300 43269 78166 34897
VT1_9 VT1 9 6400 44399 80893 36494
VT1_9 VT1 9 6500 41438 83786 42348
VT1_9 VT1 9 6600 40331 76744 36413
VT1_9 VT1 9 6700 40671 70059 29388
VT1_9 VT1 9 6800 38540 68713 30173
VT1_9 VT1 9 6900 42440 82273 39833
VT1_9 VT1 9 7000 41933 88222 46289
VT1_9 VT1 9 7100 45425 94363 48938
VT1_9 VT1 9 7200 46907 98663 51756
VT1_9 VT1 9 7300 42613 94783 52170
VT1_9 VT1 9 7400 42342 86185 43843
VT1_9 VT1 9 7500 41291 81954 40663
VT1_9 VT1 9 7600 42617 77565 34948
VT1_9 VT1 9 7700 43625 76832 33207
VT1_9 VT1 9 7800 41999 79107 37108
VT1_9 VT1 9 7900 41096 70170 29074
VT1_9 VT1 9 8000 39820 72609 32789
VT1_9 VT1 9 8100 42377 88294 45917
VT1_9 VT1 9 8200 44542 93908 49366
VT1_9 VT1 9 8300 41788 90884 49096
VT1_9 VT1 9 8400 44073 86243 42170
VT1_9 VT1 9 8500 42822 83885 41063
VT1_9 VT1 9 8600 47062 77435 30373
VT1_9 VT1 9 8700 45322 74130 28808
VT1_9 VT1 9 8800 42358 77366 35008
VT1_9 VT1 9 8900 43098 69114 26016
VT1_9 VT1 9 9000 44224 67655 23431
VT1_9 VT1 9 9100 40738 68058 27320
VT1_9 VT1 9 9200 39457 71448 31991
VT1_9 VT1 9 9300 43365 66735 23370
VT1_9 VT1 9 9400 40596 59241 18645
VT1_9 VT1 9 9500 38901 60562 21661
VT1_9 VT1 9 9600 39725 61136 21411
VT1_9 VT1 9 9700 36846 61552 24706
VT1_9 VT1 9 9800 38645 62996 24351
VT1_9 VT1 9 9900 36658 61900 25242
VT1_9 VT1 9 10000 37652 60451 22799
VT1_9 VT1 9 10100 39176 63585 24409
VT1_9 VT1 9 10200 42808 71231 28423
VT1_9 VT1 9 10300 42101 63728 21627
VT1_9 VT1 9 10400 40973 67463 26490
VT1_9 VT1 9 10500 37559 66785 29226
VT1_9 VT1 9 10600 35149 64860 29711
VT1_9 VT1 9 10700 40712 64115 23403
VT1_9 VT1 9 10800 39854 60024 20170
VT1_9 VT1 9 10900 40498 59931 19433
VT1_9 VT1 9 11000 37432 62596 25164
VT1_9 VT1 9 11100 37101 64346 27245
VT1_9 VT1 9 11200 37579 64549 26970
VT1_9 VT1 9 11300 44166 65419 21253
VT1_9 VT1 9 11400 47750 63998 16248
VT1_9 VT1 9 11500 47190 67235 20045
VT1_9 VT1 9 11600 44294 60745 16451
VT1_9 VT1 9 11700 45092 61246 16154
VT1_9 VT1 9 11800 45521 71171 25650
VT1_9 VT1 9 11900 46703 61075 14372
VT1_9 VT1 9 12000 45981 56925 10944
VT1_9 VT1 9 12100 43476 62394 18918
VT1_9 VT1 9 12200 45309 62154 16845
VT1_9 VT1 9 12300 41097 61199 20102
VT1_9 VT1 9 12400 40209 61089 20880
VT1_9 VT1 9 12500 41319 62665 21346
VT1_9 VT1 9 12600 43378 56989 13611
VT1_9 VT1 9 12700 42672 56685 14013
VT1_9 VT1 9 12800 41919 56231 14312
VT1_9 VT1 9 12900 41625 56885 15260
VT1_9 VT1 9 13000 41717 62876 21159
VT1_9 VT1 9 13100 41479 64593 23114
VT1_9 VT1 9 13200 43159 62312 19153
VT1_9 VT1 9 13300 40751 60244 19493
VT1_9 VT1 9 13400 43103 60779 17676
VT1_9 VT1 9 13500 41991 63081 21090
VT1_9 VT1 9 13600 39110 61621 22511
VT1_9 VT1 9 13700 40042 58566 18524
VT1_9 VT1 9 13800 38634 63382 24748
VT1_9 VT1 9 13900 37762 67225 29463
VT1_9 VT1 9 14000 39953 69130 29177
VT1_9 VT1 9 14100 39497 63326 23829
VT1_9 VT1 9 14200 38569 58048 19479
VT1_9 VT1 9 14300 38791 59803 21012
VT1_9 VT1 9 14400 36554 64544 27990
VT1_9 VT1 9 14500 36586 61214 24628
VT1_9 VT1 9 14600 38243 62163 23920
VT1_9 VT1 9 14700 41278 67717 26439
VT1_9 VT1 9 14800 43328 69416 26088
VT1_9 VT1 9 14900 40189 65730 25541
VT1_9 VT1 9 15000 39408 65262 25854
VT1_9 VT1 9 15100 38968 64273 25305
VT1_9 VT1 9 15200 41443 59262 17819
VT1_9 VT1 9 15300 42204 56758 14554
VT1_9 VT1 9 15400 41302 54976 13674
VT1_9 VT1 9 15500 38543 52230 13687
VT1_9 VT1 9 15600 38405 54094 15689
VT1_9 VT1 9 15700 40679 52130 11451
VT1_9 VT1 9 15800 42184 50786 8602
VT1_9 VT1 9 15900 39269 52796 13527
VT1_9 VT1 9 16000 38028 49614 11586
VT1_9 VT1 9 16100 38134 46396 8262
VT1_9 VT1 9 16200 38892 50098 11206
VT1_9 VT1 9 16300 41235 57155 15920
VT1_9 VT1 9 16400 44204 65440 21236
VT1_9 VT1 9 16500 46684 62364 15680
VT1_9 VT1 9 16600 44414 58208 13794
VT1_9 VT1 9 16700 43616 56434 12818
VT1_9 VT1 9 16800 40710 54270 13560
VT1_9 VT1 9 16900 37951 58597 20646
VT1_9 VT1 9 17000 38494 55681 17187
VT1_9 VT1 9 17100 39785 55045 15260
VT1_9 VT1 9 17200 39784 59636 19852
VT1_9 VT1 9 17300 42237 66511 24274
VT1_9 VT1 9 17400 47060 64137 17077
VT1_9 VT1 9 17500 46564 63746 17182
VT1_9 VT1 9 17600 40910 60364 19454
VT1_9 VT1 9 17700 39802 54270 14468
VT1_9 VT1 9 17800 43306 53218 9912
VT1_9 VT1 9 17900 44444 56901 12457
VT1_9 VT1 9 18000 43876 53669 9793
VT1_9 VT1 9 18100 47381 53075 5694
VT1_9 VT1 9 18200 45658 55604 9946
VT1_9 VT1 9 18300 42788 49312 6524
VT1_9 VT1 9 18400 39642 47761 8119
VT1_9 VT1 9 18500 40591 47097 6506
VT1_9 VT1 9 18600 38400 48743 10343
VT1_9 VT1 9 18700 39695 47172 7477
VT1_9 VT1 9 18800 42881 46695 3814
VT1_9 VT1 9 18900 41051 47848 6797
VT1_9 VT1 9 19000 39750 52420 12670
VT1_9 VT1 9 19100 36613 52182 15569
VT1_9 VT1 9 19200 36462 55183 18721
VT1_9 VT1 9 19300 41161 53156 11995
VT1_9 VT1 9 19400 41316 47942 6626
VT1_9 VT1 9 19500 41766 51733 9967
VT1_9 VT1 9 19600 43024 50339 7315
VT1_9 VT1 9 19700 40956 46979 6023
VT1_9 VT1 9 19800 40109 48857 8748
VT1_9 VT1 9 19900 40507 49461 8954
VT1_9 VT1 9 20000 39857 48663 8806
VT1_10 VT1 10 0 0 0 0
VT1_10 VT1 10 100 76 2161 2085
VT1_10 VT1 10 200 548 12231 11683
VT1_10 VT1 10 300 882 21555 20673
VT1_10 VT1 10 400 1465 29467 28002
VT1_10 VT1 10 500 2598 39332 36734
VT1_10 VT1 10 600 2879 42934 40055
VT1_10 VT1 10 700 1064 23928 22864
VT1_10 VT1 10 800 13207 58030 44823
VT1_10 VT1 10 900 26650 75241 48591
VT1_10 VT1 10 1000 23015 60867 37852
VT1_10 VT1 10 1100 21668 49885 28217
VT1_10 VT1 10 1200 24436 47374 22938
VT1_10 VT1 10 1300 25715 48661 22946
VT1_10 VT1 10 1400 28114 50426 22312
VT1_10 VT1 10 1500 29123 50196 21073
VT1_10 VT1 10 1600 33055 50336 17281
VT1_10 VT1 10 1700 36468 46511 10043
VT1_10 VT1 10 1800 34150 43730 9580
VT1_10 VT1 10 1900 34400 48408 14008
VT1_10 VT1 10 2000 33976 58318 24342
VT1_10 VT1 10 2100 40086 57561 17475
VT1_10 VT1 10 2200 41073 56276 15203
VT1_10 VT1 10 2300 38360 57084 18724
VT1_10 VT1 10 2400 39112 46952 7840
VT1_10 VT1 10 2500 33641 33828 187
VT1_10 VT1 10 2600 33808 28633 -5175
VT1_10 VT1 10 2700 31245 29666 -1579
VT1_10 VT1 10 2800 34557 40158 5601
VT1_10 VT1 10 2900 36519 47741 11222
VT1_10 VT1 10 3000 41002 58429 17427
VT1_10 VT1 10 3100 42726 79167 36441
VT1_10 VT1 10 3200 41793 87783 45990
VT1_10 VT1 10 3300 43588 97950 54362
VT1_10 VT1 10 3400 45494 98137 52643
VT1_10 VT1 10 3500 43694 89976 46282
VT1_10 VT1 10 3600 42974 82751 39777
VT1_10 VT1 10 3700 41094 78768 37674
VT1_10 VT1 10 3800 44161 77451 33290
VT1_10 VT1 10 3900 42725 70040 27315
VT1_10 VT1 10 4000 39833 71415 31582
VT1_10 VT1 10 4100 40101 70770 30669
VT1_10 VT1 10 4200 39076 70607 31531
VT1_10 VT1 10 4300 41365 74704 33339
VT1_10 VT1 10 4400 40080 91768 51688
VT1_10 VT1 10 4500 39004 111031 72027
VT1_10 VT1 10 4600 38310 127000 88690
VT1_10 VT1 10 4700 40495 125108 84613
VT1_10 VT1 10 4800 40954 118250 77296
VT1_10 VT1 10 4900 39442 126411 86969
VT1_10 VT1 10 5000 39407 127610 88203
VT1_10 VT1 10 5100 38770 127261 88491
VT1_10 VT1 10 5200 38684 119677 80993
VT1_10 VT1 10 5300 37910 119512 81602
VT1_10 VT1 10 5400 39980 128952 88972
VT1_10 VT1 10 5500 37443 125584 88141
VT1_10 VT1 10 5600 33675 124203 90528
VT1_10 VT1 10 5700 37713 128091 90378
VT1_10 VT1 10 5800 38083 116108 78025
VT1_10 VT1 10 5900 36427 115919 79492
VT1_10 VT1 10 6000 37518 111119 73601
VT1_10 VT1 10 6100 38131 108005 69874
VT1_10 VT1 10 6200 40104 103090 62986
VT1_10 VT1 10 6300 38143 105543 67400
VT1_10 VT1 10 6400 35336 104369 69033
VT1_10 VT1 10 6500 39128 116135 77007
VT1_10 VT1 10 6600 37172 122723 85551
VT1_10 VT1 10 6700 34266 123396 89130
VT1_10 VT1 10 6800 35762 122528 86766
VT1_10 VT1 10 6900 38318 124957 86639
VT1_10 VT1 10 7000 38977 124578 85601
VT1_10 VT1 10 7100 35449 127185 91736
VT1_10 VT1 10 7200 33773 126947 93174
VT1_10 VT1 10 7300 36051 123277 87226
VT1_10 VT1 10 7400 36127 118483 82356
VT1_10 VT1 10 7500 35908 125774 89866
VT1_10 VT1 10 7600 39421 127646 88225
VT1_10 VT1 10 7700 40664 126481 85817
VT1_10 VT1 10 7800 41488 133344 91856
VT1_10 VT1 10 7900 37626 124831 87205
VT1_10 VT1 10 8000 38700 126630 87930
VT1_10 VT1 10 8100 37859 128243 90384
VT1_10 VT1 10 8200 40663 117898 77235
VT1_10 VT1 10 8300 41125 116560 75435
VT1_10 VT1 10 8400 37671 124475 86804
VT1_10 VT1 10 8500 37199 123522 86323
VT1_10 VT1 10 8600 35274 121187 85913
VT1_10 VT1 10 8700 36701 122735 86034
VT1_10 VT1 10 8800 40016 115450 75434
VT1_10 VT1 10 8900 38303 114520 76217
VT1_10 VT1 10 9000 38398 122667 84269
VT1_10 VT1 10 9100 36419 132482 96063
VT1_10 VT1 10 9200 37099 128902 91803
VT1_10 VT1 10 9300 37694 125156 87462
VT1_10 VT1 10 9400 38224 124942 86718
VT1_10 VT1 10 9500 36855 127762 90907
VT1_10 VT1 10 9600 38395 112167 73772
VT1_10 VT1 10 9700 40424 123637 83213
VT1_10 VT1 10 9800 41947 124667 82720
VT1_10 VT1 10 9900 43725 124361 80636
VT1_10 VT1 10 10000 41440 126799 85359
VT1_10 VT1 10 10100 38954 129161 90207
VT1_10 VT1 10 10200 38551 116026 77475
VT1_10 VT1 10 10300 40064 111575 71511
VT1_10 VT1 10 10400 40650 115338 74688
VT1_10 VT1 10 10500 38101 122991 84890
VT1_10 VT1 10 10600 39102 127622 88520
VT1_10 VT1 10 10700 39934 133161 93227
VT1_10 VT1 10 10800 40476 125960 85484
VT1_10 VT1 10 10900 38454 127736 89282
VT1_10 VT1 10 11000 36719 134507 97788
VT1_10 VT1 10 11100 36558 127989 91431
VT1_10 VT1 10 11200 38952 119879 80927
VT1_10 VT1 10 11300 37910 115772 77862
VT1_10 VT1 10 11400 35350 119100 83750
VT1_10 VT1 10 11500 36844 112210 75366
VT1_10 VT1 10 11600 38136 117320 79184
VT1_10 VT1 10 11700 38441 116013 77572
VT1_10 VT1 10 11800 38711 120820 82109
VT1_10 VT1 10 11900 35256 129590 94334
VT1_10 VT1 10 12000 37672 127187 89515
VT1_10 VT1 10 12100 37669 128898 91229
VT1_10 VT1 10 12200 38354 126622 88268
VT1_10 VT1 10 12300 40192 121875 81683
VT1_10 VT1 10 12400 39563 122343 82780
VT1_10 VT1 10 12500 40565 122925 82360
VT1_10 VT1 10 12600 38655 124285 85630
VT1_10 VT1 10 12700 39479 126449 86970
VT1_10 VT1 10 12800 40409 124204 83795
VT1_10 VT1 10 12900 36708 120736 84028
VT1_10 VT1 10 13000 37224 115678 78454
VT1_10 VT1 10 13100 36190 112075 75885
VT1_10 VT1 10 13200 33394 114607 81213
VT1_10 VT1 10 13300 32785 119862 87077
VT1_10 VT1 10 13400 34363 121619 87256
VT1_10 VT1 10 13500 35992 125003 89011
VT1_10 VT1 10 13600 36561 130711 94150
VT1_10 VT1 10 13700 35873 126828 90955
VT1_10 VT1 10 13800 34234 134364 100130
VT1_10 VT1 10 13900 32700 134886 102186
VT1_10 VT1 10 14000 33609 124061 90452
VT1_10 VT1 10 14100 35875 113177 77302
VT1_10 VT1 10 14200 35284 108218 72934
VT1_10 VT1 10 14300 34316 106987 72671
VT1_10 VT1 10 14400 35381 113897 78516
VT1_10 VT1 10 14500 38085 122856 84771
VT1_10 VT1 10 14600 37038 128042 91004
VT1_10 VT1 10 14700 39112 128066 88954
VT1_10 VT1 10 14800 38198 130830 92632
VT1_10 VT1 10 14900 39065 131806 92741
VT1_10 VT1 10 15000 36556 126218 89662
VT1_10 VT1 10 15100 35256 133920 98664
VT1_10 VT1 10 15200 35374 134941 99567
VT1_10 VT1 10 15300 36159 132561 96402
VT1_10 VT1 10 15400 34883 125911 91028
VT1_10 VT1 10 15500 36705 121166 84461
VT1_10 VT1 10 15600 36697 119874 83177
VT1_10 VT1 10 15700 38102 125773 87671
VT1_10 VT1 10 15800 38320 131506 93186
VT1_10 VT1 10 15900 36964 125361 88397
VT1_10 VT1 10 16000 36558 124112 87554
VT1_10 VT1 10 16100 37686 128937 91251
VT1_10 VT1 10 16200 39539 124661 85122
VT1_10 VT1 10 16300 41790 118386 76596
VT1_10 VT1 10 16400 43383 115755 72372
VT1_10 VT1 10 16500 45758 120484 74726
VT1_10 VT1 10 16600 43200 133104 89904
VT1_10 VT1 10 16700 42362 132506 90144
VT1_10 VT1 10 16800 37686 130968 93282
VT1_10 VT1 10 16900 40879 129607 88728
VT1_10 VT1 10 17000 38479 120409 81930
VT1_10 VT1 10 17100 37524 126638 89114
VT1_10 VT1 10 17200 36310 126749 90439
VT1_10 VT1 10 17300 35399 133475 98076
VT1_10 VT1 10 17400 38037 139209 101172
VT1_10 VT1 10 17500 38947 132945 93998
VT1_10 VT1 10 17600 41451 124035 82584
VT1_10 VT1 10 17700 42783 126702 83919
VT1_10 VT1 10 17800 39082 125038 85956
VT1_10 VT1 10 17900 38440 131710 93270
VT1_10 VT1 10 18000 36938 128663 91725
VT1_10 VT1 10 18100 37103 135069 97966
VT1_10 VT1 10 18200 39095 133013 93918
VT1_10 VT1 10 18300 37187 124425 87238
VT1_10 VT1 10 18400 36358 121139 84781
VT1_10 VT1 10 18500 37539 124094 86555
VT1_10 VT1 10 18600 38923 126817 87894
VT1_10 VT1 10 18700 39011 116573 77562
VT1_10 VT1 10 18800 36165 111309 75144
VT1_10 VT1 10 18900 38590 116282 77692
VT1_10 VT1 10 19000 35855 117497 81642
VT1_10 VT1 10 19100 39137 112355 73218
VT1_10 VT1 10 19200 39213 123952 84739
VT1_10 VT1 10 19300 39678 132364 92686
VT1_10 VT1 10 19400 39679 132341 92662
VT1_10 VT1 10 19500 40984 128515 87531
VT1_10 VT1 10 19600 40146 130400 90254
VT1_10 VT1 10 19700 39759 125188 85429
VT1_10 VT1 10 19800 42074 127200 85126
VT1_10 VT1 10 19900 39991 128074 88083
VT1_10 VT1 10 20000 38202 129885 91683
